crop_path,source,source_ref,instance_id,view_idx,faction,unit_slug,suggested_by,confidence,labeller,split,created_at,notes
scripts/phase1/crops/chaos_space_marines/105043_7b3757a33ae3__04.jpg,annotation,,,,chaos_space_marines,chaos_bikers,annotation,,,gallery,2026-04-16T22:29:40Z,
scripts/phase1/crops/chaos_space_marines/106635_b7a1d8b0d592__00.jpg,annotation,,,,death_guard,plague_marines,annotation,,,gallery,2026-04-16T22:29:40Z,the miniature shows a nurgelite space marine showing green fettid colours on theyre armor and oozing green and gold
scripts/phase1/crops/chaos_space_marines/106635_b7a1d8b0d592__03.jpg,annotation,,,,death_guard,plague_marines,annotation,,,gallery,2026-04-16T22:29:40Z,
scripts/phase1/crops/chaos_space_marines/106635_b7a1d8b0d592__04.jpg,annotation,,,,death_guard,plague_marines,annotation,,,gallery,2026-04-16T22:29:40Z,
scripts/phase1/crops/chaos_space_marines/109058_501520a7d389__00.jpg,annotation,,,,chaos_space_marines,,,,,,2026-04-16T22:29:40Z,
scripts/phase1/crops/chaos_space_marines/115364_cda7c2858d31__00.jpg,annotation,,,,chaos_space_marines,chaos_lord,annotation,,,gallery,2026-04-16T22:29:40Z,
scripts/phase1/crops/chaos_space_marines/128051_78e6a553755f__00.jpg,annotation,,,,chaos_space_marines,,,,,,2026-04-16T22:29:40Z,
scripts/phase1/crops/chaos_space_marines/13164_2ebfe221cced__00.jpg,annotation,,,,thousand_sons,rubric_marines,annotation,,,gallery,2026-04-16T22:29:40Z,shows the back of a horned thousand sons space marine
scripts/phase1/crops/chaos_space_marines/13164_2ebfe221cced__01.jpg,annotation,,,,thousand_sons,rubric_marines,annotation,,,query,2026-04-16T22:29:40Z,
scripts/phase1/crops/chaos_space_marines/138245_351bd85403f3__00.jpg,annotation,,,,chaos_space_marines,,,,,,2026-04-16T22:29:40Z,
scripts/phase1/crops/chaos_space_marines/138245_351bd85403f3__01.jpg,annotation,,,,chaos_space_marines,legionaries,annotation,,,gallery,2026-04-16T22:29:40Z,
scripts/phase1/crops/chaos_space_marines/138245_351bd85403f3__03.jpg,annotation,,,,chaos_space_marines,legionaries,annotation,,,query,2026-04-16T22:29:40Z,
scripts/phase1/crops/chaos_space_marines/154467_2a7cbda60946__00.jpg,annotation,,,,chaos_space_marines,,,,,,2026-04-16T22:29:40Z,
scripts/phase1/crops/chaos_space_marines/154467_2a7cbda60946__01.jpg,annotation,,,,chaos_space_marines,,,,,,2026-04-16T22:29:40Z,
scripts/phase1/crops/chaos_space_marines/154467_2a7cbda60946__03.jpg,annotation,,,,chaos_space_marines,,,,,,2026-04-16T22:29:40Z,
scripts/phase1/crops/death_guard/106798_0c58414bb9eb__00.jpg,annotation,,,,death_guard,plague_marines,annotation,,,query,2026-04-16T22:29:40Z,
scripts/phase1/crops/death_guard/106798_0c58414bb9eb__01.jpg,annotation,,,,death_guard,plague_marines,annotation,,,gallery,2026-04-16T22:29:40Z,
scripts/phase1/crops/death_guard/106798_0c58414bb9eb__02.jpg,annotation,,,,death_guard,lord_of_contagion,annotation,,,gallery,2026-04-16T22:29:40Z,
scripts/phase1/crops/death_guard/106798_0c58414bb9eb__04.jpg,annotation,,,,death_guard,plague_marines,annotation,,,gallery,2026-04-16T22:29:40Z,
scripts/phase1/crops/death_guard/106798_0c58414bb9eb__05.jpg,annotation,,,,death_guard,plague_marines,annotation,,,gallery,2026-04-16T22:29:40Z,
scripts/phase1/crops/death_guard/106798_0c58414bb9eb__06.jpg,annotation,,,,death_guard,plague_marines,annotation,,,gallery,2026-04-16T22:29:40Z,
scripts/phase1/crops/death_guard/1080694_5ad20ee11d4f__00.jpg,annotation,,,,death_guard,,,,,,2026-04-16T22:29:40Z,
scripts/phase1/crops/death_guard/118217_1088ebbee691__00.jpg,annotation,,,,death_guard,,,,,,2026-04-16T22:29:40Z,
scripts/phase1/crops/death_guard/11901_e49f8143ff79__00.jpg,annotation,,,,death_guard,deathshroud_terminators,annotation,,,gallery,2026-04-16T22:29:40Z,
scripts/phase1/crops/death_guard/155609_1bc3a643dc75__00.jpg,annotation,,,,death_guard,,,,,,2026-04-16T22:29:40Z,
scripts/phase1/crops/genestealer_cult/1061044_3995318f2400__02.jpg,annotation,,,,genestealer_cult,aberrants,annotation,,,query,2026-04-16T22:29:40Z,
scripts/phase1/crops/genestealer_cult/1061044_3995318f2400__03.jpg,annotation,,,,genestealer_cult,aberrants,annotation,,,gallery,2026-04-16T22:29:40Z,
scripts/phase1/crops/genestealer_cult/1078352_4e1218608d52__00.jpg,annotation,,,,genestealer_cult,achilles_ridgerunner,annotation,,,gallery,2026-04-16T22:29:40Z,
scripts/phase1/crops/genestealer_cult/10861_1954714f329e__01.jpg,annotation,,,,genestealer_cult,neophyte_hybrids,annotation,,,gallery,2026-04-16T22:29:40Z,
scripts/phase1/crops/genestealer_cult/10861_1954714f329e__03.jpg,annotation,,,,genestealer_cult,neophyte_hybrids,annotation,,,query,2026-04-16T22:29:40Z,
scripts/phase1/crops/genestealer_cult/10861_1954714f329e__04.jpg,annotation,,,,genestealer_cult,neophyte_hybrids,annotation,,,gallery,2026-04-16T22:29:40Z,
scripts/phase1/crops/genestealer_cult/10861_1954714f329e__18.jpg,annotation,,,,genestealer_cult,genestealers,annotation,,,gallery,2026-04-16T22:29:40Z,
scripts/phase1/crops/genestealer_cult/109528_e6d3b5be9657__00.jpg,annotation,,,,genestealer_cult,,,,,,2026-04-16T22:29:40Z,
scripts/phase1/crops/space_marines/10j4au8_a534218bca89__00.jpg,annotation,,,,space_marines,captain,annotation,,,gallery,2026-04-16T22:29:40Z,
scripts/phase1/crops/space_marines/13i43sd_3afc80ca3e19__00.jpg,annotation,,,,space_marines,sanguinary_guard,annotation,,,gallery,2026-04-16T22:29:40Z,
scripts/phase1/crops/tyranids/122lero_82096eaba983__02.jpg,annotation,,,,tyranids,genestealers,annotation,,,gallery,2026-04-16T22:29:40Z,
scripts/phase1/crops/tyranids/122lero_82096eaba983__19.jpg,annotation,,,,tyranids,tyranid_warriors,annotation,,,gallery,2026-04-16T22:29:40Z,
scripts/phase1/crops/tyranids/122lero_82096eaba983__34.jpg,annotation,,,,tyranids,termagants,annotation,,,gallery,2026-04-16T22:29:40Z,
scripts/phase1/crops/tyranids/122lero_82096eaba983__57.jpg,annotation,,,,tyranids,ripper_swarms,annotation,,,gallery,2026-04-16T22:29:40Z,
scripts/phase1/crops/tyranids/14kujha_a92f261b1099__14.jpg,annotation,,,,tyranids,termagants,annotation,,,query,2026-04-16T22:29:40Z,
scripts/phase3/crops/adepta_sororitas/12id8wu_d221f7bfaaa2__00.jpg,annotation,,,,adepta_sororitas,,,,,,2026-04-16T22:29:40Z,
scripts/phase3/crops/adepta_sororitas/15jxccy_55b03b4a9a0b__02.jpg,annotation,,,,adepta_sororitas,battle_sisters,annotation,,,gallery,2026-04-16T22:29:40Z,
scripts/phase3/crops/adepta_sororitas/15jxccy_55b03b4a9a0b__09.jpg,annotation,,,,adepta_sororitas,battle_sisters,annotation,,,gallery,2026-04-16T22:29:40Z,
scripts/phase3/crops/adepta_sororitas/15jxccy_55b03b4a9a0b__13.jpg,annotation,,,,adepta_sororitas,battle_sisters,annotation,,,gallery,2026-04-16T22:29:40Z,
scripts/phase3/crops/adepta_sororitas/15jxccy_55b03b4a9a0b__17.jpg,annotation,,,,adepta_sororitas,battle_sisters,annotation,,,gallery,2026-04-16T22:29:40Z,
scripts/phase3/crops/adepta_sororitas/15jxccy_64be0a232db6__13.jpg,annotation,,,,adepta_sororitas,battle_sisters,annotation,,,gallery,2026-04-16T22:29:40Z,
scripts/phase3/crops/adepta_sororitas/15jxccy_64be0a232db6__15.jpg,annotation,,,,adepta_sororitas,battle_sisters,annotation,,,gallery,2026-04-16T22:29:40Z,
scripts/phase3/crops/adepta_sororitas/18ngl8p_4796e4e7957b__01.jpg,annotation,,,,adepta_sororitas,battle_sisters,annotation,,,gallery,2026-04-16T22:29:40Z,
scripts/phase3/crops/adepta_sororitas/18ngl8p_5109ff86aba8__05.jpg,annotation,,,,adepta_sororitas,battle_sisters,annotation,,,gallery,2026-04-16T22:29:40Z,
scripts/phase3/crops/adepta_sororitas/1bjqt5t_24875a2e7d41__00.jpg,annotation,,,,adepta_sororitas,battle_sisters,annotation,,,gallery,2026-04-16T22:29:40Z,
scripts/phase3/crops/adepta_sororitas/1bjqt5t_64ccd84906d0__00.jpg,annotation,,,,adepta_sororitas,battle_sisters,annotation,,,gallery,2026-04-16T22:29:40Z,
scripts/phase3/crops/adepta_sororitas/1caiims_04e1f897a1dd__00.jpg,annotation,,,,adepta_sororitas,battle_sisters,annotation,,,gallery,2026-04-16T22:29:40Z,
scripts/phase3/crops/adepta_sororitas/1caiims_74048e15157e__00.jpg,annotation,,,,adepta_sororitas,battle_sisters,annotation,,,gallery,2026-04-16T22:29:40Z,
scripts/phase3/crops/adepta_sororitas/1caiims_c8192cf82f31__00.jpg,annotation,,,,adepta_sororitas,battle_sisters,annotation,,,gallery,2026-04-16T22:29:40Z,
scripts/phase3/crops/adepta_sororitas/1caiims_e876d8c86751__01.jpg,annotation,,,,adepta_sororitas,battle_sisters,annotation,,,query,2026-04-16T22:29:40Z,
scripts/phase3/crops/adepta_sororitas/1fh5qn6_0ceda53446cc__18.jpg,annotation,,,,adepta_sororitas,battle_sisters,annotation,,,gallery,2026-04-16T22:29:40Z,
scripts/phase3/crops/adepta_sororitas/1fh5qn6_0ceda53446cc__27.jpg,annotation,,,,adepta_sororitas,battle_sisters,annotation,,,gallery,2026-04-16T22:29:40Z,
scripts/phase3/crops/adepta_sororitas/1fh5qn6_0ceda53446cc__33.jpg,annotation,,,,adepta_sororitas,battle_sisters,annotation,,,gallery,2026-04-16T22:29:40Z,
scripts/phase3/crops/adepta_sororitas/dakka_1007065__03.jpg,annotation,,,,adepta_sororitas,battle_sisters,annotation,,,gallery,2026-04-16T22:29:40Z,
scripts/phase3/crops/adepta_sororitas/dakka_1014375__01.jpg,annotation,,,,adepta_sororitas,,,,,,2026-04-16T22:29:40Z,target: seraphim sim=0.78
scripts/phase3/crops/adepta_sororitas/dakka_1014375__03.jpg,annotation,,,,adepta_sororitas,,,,,,2026-04-16T22:29:40Z,target: seraphim sim=0.84
scripts/phase3/crops/adepta_sororitas/dakka_1016456__00.jpg,annotation,,,,adepta_sororitas,seraphim,annotation,,,gallery,2026-04-16T22:29:40Z,
scripts/phase3/crops/adepta_sororitas/dakka_1016456__01.jpg,annotation,,,,adepta_sororitas,,,,,,2026-04-16T22:29:40Z,target: seraphim sim=0.78
scripts/phase3/crops/adeptus_mechanicus/1008739_a7ca7334973b__00.jpg,annotation,,,,adeptus_mechanicus,,,,,,2026-04-16T22:29:40Z,target: skitarii_rangers sim=0.83
scripts/phase3/crops/adeptus_mechanicus/1010049_f5e565dab33c__01.jpg,annotation,,,,adeptus_mechanicus,,,,,,2026-04-16T22:29:40Z,target: skitarii_rangers sim=0.78
scripts/phase3/crops/adeptus_mechanicus/1010049_f5e565dab33c__02.jpg,annotation,,,,adeptus_mechanicus,,,,,,2026-04-16T22:29:40Z,target: tech_priest sim=0.82
scripts/phase3/crops/adeptus_mechanicus/1010050_f2173ddb1813__00.jpg,annotation,,,,adeptus_mechanicus,skitarii_rangers,annotation,,,gallery,2026-04-16T22:29:40Z,
scripts/phase3/crops/adeptus_mechanicus/1010052_27fdf68d8954__00.jpg,annotation,,,,adeptus_mechanicus,skitarii_rangers,annotation,,,query,2026-04-16T22:29:40Z,
scripts/phase3/crops/adeptus_mechanicus/131748_b84202639448__00.jpg,annotation,,,,adeptus_mechanicus,,,,,,2026-04-16T22:29:40Z,target: tech_priest sim=0.83
scripts/phase3/crops/adeptus_mechanicus/152309_226f9ef19983__02.jpg,annotation,,,,adeptus_mechanicus,,,,,,2026-04-16T22:29:40Z,
scripts/phase3/crops/adeptus_mechanicus/156433_f2eb9d9b7c04__01.jpg,annotation,,,,adeptus_mechanicus,,,,,,2026-04-16T22:29:40Z,
scripts/phase3/crops/adeptus_mechanicus/158799_145189898b83__00.jpg,annotation,,,,adeptus_mechanicus,,,,,,2026-04-16T22:29:40Z,
scripts/phase3/crops/adeptus_mechanicus/158802_399102ceaae5__00.jpg,annotation,,,,adeptus_mechanicus,,,,,,2026-04-16T22:29:40Z,
scripts/phase3/crops/adeptus_mechanicus/162517_bad6b66af189__00.jpg,annotation,,,,adeptus_mechanicus,tech_priest,annotation,,,query,2026-04-16T22:29:40Z,
scripts/phase3/crops/adeptus_mechanicus/18972_70bd55985ed8__00.jpg,annotation,,,,adeptus_mechanicus,tech_priest,annotation,,,gallery,2026-04-16T22:29:40Z,
scripts/phase3/crops/adeptus_mechanicus/18972_70bd55985ed8__01.jpg,annotation,,,,adeptus_mechanicus,,,,,,2026-04-16T22:29:40Z,target: tech_priest sim=0.84
scripts/phase3/crops/adeptus_mechanicus/18972_70bd55985ed8__02.jpg,annotation,,,,adeptus_mechanicus,,,,,,2026-04-16T22:29:40Z,target: tech_priest sim=0.89
scripts/phase3/crops/adeptus_mechanicus/19663_9a2b8f14ff96__18.jpg,annotation,,,,adeptus_mechanicus,,,,,,2026-04-16T22:29:40Z,
scripts/phase3/crops/adeptus_mechanicus/19663_9a2b8f14ff96__32.jpg,annotation,,,,adeptus_mechanicus,,,,,,2026-04-16T22:29:40Z,
scripts/phase3/crops/adeptus_mechanicus/19663_9a2b8f14ff96__38.jpg,annotation,,,,adeptus_mechanicus,,,,,,2026-04-16T22:29:40Z,
scripts/phase3/crops/adeptus_mechanicus/19664_2c4615e975f3__02.jpg,annotation,,,,adeptus_mechanicus,,,,,,2026-04-16T22:29:40Z,
scripts/phase3/crops/adeptus_mechanicus/19664_2c4615e975f3__37.jpg,annotation,,,,adeptus_mechanicus,,,,,,2026-04-16T22:29:40Z,
scripts/phase3/crops/adeptus_mechanicus/19664_2c4615e975f3__38.jpg,annotation,,,,adeptus_mechanicus,,,,,,2026-04-16T22:29:40Z,
scripts/phase3/crops/adeptus_mechanicus/19664_2c4615e975f3__42.jpg,annotation,,,,adeptus_mechanicus,,,,,,2026-04-16T22:29:40Z,
scripts/phase3/crops/adeptus_mechanicus/19665_5cd02e2bf5a5__01.jpg,annotation,,,,adeptus_mechanicus,,,,,,2026-04-16T22:29:40Z,
scripts/phase3/crops/adeptus_mechanicus/19665_5cd02e2bf5a5__02.jpg,annotation,,,,adeptus_mechanicus,tech_priest,annotation,,,gallery,2026-04-16T22:29:40Z,
scripts/phase3/crops/adeptus_mechanicus/19665_5cd02e2bf5a5__09.jpg,annotation,,,,adeptus_mechanicus,,,,,,2026-04-16T22:29:40Z,
scripts/phase3/crops/adeptus_mechanicus/19665_5cd02e2bf5a5__17.jpg,annotation,,,,adeptus_mechanicus,,,,,,2026-04-16T22:29:40Z,
scripts/phase3/crops/adeptus_mechanicus/19665_5cd02e2bf5a5__18.jpg,annotation,,,,adeptus_mechanicus,,,,,,2026-04-16T22:29:40Z,
scripts/phase3/crops/black_templars/dakka_1032734__00.jpg,annotation,,,,black_templars,,,,,,2026-04-16T22:29:40Z,target: high_marshal_helbrecht sim=0.85
scripts/phase3/crops/black_templars/dakka_1032734__01.jpg,annotation,,,,black_templars,high_marshal_helbrecht,annotation,,,gallery,2026-04-16T22:29:40Z,
scripts/phase3/crops/black_templars/dakka_1038474__00.jpg,annotation,,,,black_templars,captain,annotation,,,gallery,2026-04-16T22:29:40Z,
scripts/phase3/crops/black_templars/dakka_1038474__01.jpg,annotation,,,,black_templars,primaris_lieutenant,annotation,,,gallery,2026-04-16T22:29:40Z,
scripts/phase3/crops/black_templars/dakka_1038474__02.jpg,annotation,,,,black_templars,primaris_librarian,annotation,,,gallery,2026-04-16T22:29:40Z,
scripts/phase3/crops/black_templars/dakka_1038475__00.jpg,annotation,,,,black_templars,,,,,,2026-04-16T22:29:40Z,target: captain sim=0.94
scripts/phase3/crops/black_templars/dakka_1038479__00.jpg,annotation,,,,black_templars,,,,,,2026-04-16T22:29:40Z,target: captain sim=0.90
scripts/phase3/crops/black_templars/dakka_1038479__01.jpg,annotation,,,,black_templars,,,,,,2026-04-16T22:29:40Z,target: eliminators sim=0.87
scripts/phase3/crops/black_templars/dakka_1038479__02.jpg,annotation,,,,black_templars,eliminators,annotation,,,gallery,2026-04-16T22:29:40Z,
scripts/phase3/crops/black_templars/dakka_1038482__00.jpg,annotation,,,,black_templars,,,,,,2026-04-16T22:29:40Z,target: primaris_lieutenant sim=0.79
scripts/phase3/crops/black_templars/dakka_1038482__01.jpg,annotation,,,,black_templars,,,,,,2026-04-16T22:29:40Z,target: eliminators sim=0.83
scripts/phase3/crops/black_templars/dakka_1038482__02.jpg,annotation,,,,black_templars,crusader_squad,annotation,,,gallery,2026-04-16T22:29:40Z,
scripts/phase3/crops/black_templars/dakka_1038483__00.jpg,annotation,,,,black_templars,infiltrators,annotation,,,gallery,2026-04-16T22:29:40Z,
scripts/phase3/crops/black_templars/dakka_1038483__01.jpg,annotation,,,,black_templars,,,,,,2026-04-16T22:29:40Z,target: incursors sim=0.93
scripts/phase3/crops/black_templars/dakka_1038483__02.jpg,annotation,,,,black_templars,incursors,annotation,,,gallery,2026-04-16T22:29:40Z,
scripts/phase3/crops/black_templars/dakka_1038483__03.jpg,annotation,,,,black_templars,,,,,,2026-04-16T22:29:40Z,target: incursors sim=0.94
scripts/phase3/crops/black_templars/dakka_1038483__04.jpg,annotation,,,,black_templars,infiltrators,annotation,,,gallery,2026-04-16T22:29:40Z,
scripts/phase3/crops/black_templars/dakka_1038484__00.jpg,annotation,,,,black_templars,infiltrators,annotation,,,gallery,2026-04-16T22:29:40Z,
scripts/phase3/crops/black_templars/dakka_1038484__01.jpg,annotation,,,,black_templars,infiltrators,annotation,,,gallery,2026-04-16T22:29:40Z,
scripts/phase3/crops/black_templars/dakka_1038484__02.jpg,annotation,,,,black_templars,infiltrators,annotation,,,query,2026-04-16T22:29:40Z,
scripts/phase3/crops/black_templars/dakka_1038484__03.jpg,annotation,,,,black_templars,infiltrators,annotation,,,gallery,2026-04-16T22:29:40Z,
scripts/phase3/crops/black_templars/dakka_1038484__04.jpg,annotation,,,,black_templars,,,,,,2026-04-16T22:29:40Z,target: incursors sim=0.93
scripts/phase3/crops/black_templars/dakka_1079608__00.jpg,annotation,,,,black_templars,,,,,,2026-04-16T22:29:40Z,target: sword_brethren sim=0.84
scripts/phase3/crops/black_templars/dakka_1079608__01.jpg,annotation,,,,black_templars,bladeguard_veterans,annotation,,,gallery,2026-04-16T22:29:40Z,
scripts/phase3/crops/black_templars/dakka_1079608__02.jpg,annotation,,,,black_templars,,,,,,2026-04-16T22:29:40Z,target: bladeguard_veterans sim=0.83
scripts/phase3/crops/black_templars/dakka_1079608__04.jpg,annotation,,,,black_templars,,,,,,2026-04-16T22:29:40Z,target: bladeguard_veterans sim=0.81
scripts/phase3/crops/black_templars/dakka_1079608__05.jpg,annotation,,,,black_templars,,,,,,2026-04-16T22:29:40Z,target: sword_brethren sim=0.86
scripts/phase3/crops/black_templars/dakka_107983__00.jpg,annotation,,,,black_templars,crusader_squad,annotation,,,gallery,2026-04-16T22:29:40Z,
scripts/phase3/crops/black_templars/dakka_1088376__00.jpg,annotation,,,,black_templars,,,,,,2026-04-16T22:29:40Z,target: captain sim=0.80
scripts/phase3/crops/black_templars/dakka_1098644__00.jpg,annotation,,,,black_templars,,,,,,2026-04-16T22:29:40Z,target: sword_brethren sim=0.92
scripts/phase3/crops/black_templars/dakka_1099260__00.jpg,annotation,,,,black_templars,crusader_squad,annotation,,,gallery,2026-04-16T22:29:40Z,
scripts/phase3/crops/black_templars/dakka_1099260__01.jpg,annotation,,,,black_templars,sword_brethren,annotation,,,gallery,2026-04-16T22:29:40Z,
scripts/phase3/crops/black_templars/dakka_1099260__02.jpg,annotation,,,,black_templars,crusader_squad,annotation,,,gallery,2026-04-16T22:29:40Z,
scripts/phase3/crops/black_templars/dakka_1099260__03.jpg,annotation,,,,black_templars,crusader_squad,annotation,,,gallery,2026-04-16T22:29:40Z,
scripts/phase3/crops/black_templars/dakka_1100443__00.jpg,annotation,,,,black_templars,crusader_squad,annotation,,,query,2026-04-16T22:29:40Z,
scripts/phase3/crops/black_templars/dakka_1100443__01.jpg,annotation,,,,black_templars,,,,,,2026-04-16T22:29:40Z,target: sword_brethren sim=0.86
scripts/phase3/crops/chaos_daemons/134peee_53354dd6ae4c__00.jpg,annotation,,,,chaos_daemons,,,,,,2026-04-16T22:29:40Z,
scripts/phase3/crops/chaos_daemons/134peee_c093ef28d4b2__00.jpg,annotation,,,,chaos_daemons,,,,,,2026-04-16T22:29:40Z,target: bloodthirster sim=0.78
scripts/phase3/crops/chaos_daemons/1cmdxlw_0fd362d00c67__00.jpg,annotation,,,,chaos_daemons,,,,,,2026-04-16T22:29:40Z,target: chaos_lord sim=0.80
scripts/phase3/crops/chaos_daemons/1cmdxlw_15517a2bac3b__00.jpg,annotation,,,,chaos_daemons,bloodthirster,annotation,,,gallery,2026-04-16T22:29:40Z,
scripts/phase3/crops/chaos_daemons/1cmdxlw_372c5e161840__00.jpg,annotation,,,,chaos_daemons,,,,,,2026-04-16T22:29:40Z,target: chaos_lord sim=0.79
scripts/phase3/crops/chaos_daemons/1cmdxlw_45a49f84d65c__00.jpg,annotation,,,,chaos_daemons,,,,,,2026-04-16T22:29:40Z,target: bloodthirster sim=0.86
scripts/phase3/crops/chaos_daemons/1cmdxlw_94e9127ff1a5__00.jpg,annotation,,,,chaos_daemons,bloodthirster,annotation,,,gallery,2026-04-16T22:29:40Z,
scripts/phase3/crops/chaos_daemons/1cmdxlw_bdf976f7726b__02.jpg,annotation,,,,chaos_daemons,bloodthirster,annotation,,,query,2026-04-16T22:29:40Z,
scripts/phase3/crops/chaos_daemons/1e79php_91f18aa5a936__00.jpg,annotation,,,,chaos_daemons,chaos_lord,annotation,,,gallery,2026-04-16T22:29:40Z,
scripts/phase3/crops/chaos_daemons/dakka_1010450__00.jpg,annotation,,,,chaos_daemons,,,,,,2026-04-16T22:29:40Z,target: seekers_of_slaanesh sim=0.77
scripts/phase3/crops/chaos_daemons/dakka_1010453__00.jpg,annotation,,,,chaos_daemons,seekers_of_slaanesh,annotation,,,gallery,2026-04-16T22:29:40Z,
scripts/phase3/crops/chaos_daemons/dakka_1018960__00.jpg,annotation,,,,chaos_daemons,rotigus,annotation,,,gallery,2026-04-16T22:29:40Z,
scripts/phase3/crops/chaos_daemons/dakka_1028256__00.jpg,annotation,,,,chaos_daemons,contorted_epitome,annotation,,,gallery,2026-04-16T22:29:40Z,
scripts/phase3/crops/chaos_daemons/dakka_1028257__00.jpg,annotation,,,,chaos_daemons,daemonettes,annotation,,,gallery,2026-04-16T22:29:40Z,
scripts/phase3/crops/chaos_daemons/dakka_1028257__01.jpg,annotation,,,,chaos_daemons,,,,,,2026-04-16T22:29:40Z,target: chaos_lord sim=0.77
scripts/phase3/crops/chaos_daemons/dakka_1028257__04.jpg,annotation,,,,chaos_daemons,daemonettes,annotation,,,query,2026-04-16T22:29:40Z,
scripts/phase3/crops/chaos_daemons/dakka_1028288__00.jpg,annotation,,,,chaos_daemons,,,,,,2026-04-16T22:29:40Z,target: contorted_epitome sim=0.91
scripts/phase3/crops/chaos_daemons/dakka_1059645__00.jpg,annotation,,,,chaos_daemons,,,,,,2026-04-16T22:29:40Z,target: masque_of_slaanesh sim=0.83
scripts/phase3/crops/chaos_daemons/dakka_1059645__01.jpg,annotation,,,,chaos_daemons,masque_of_slaanesh,annotation,,,gallery,2026-04-16T22:29:40Z,
scripts/phase3/crops/chaos_daemons/dakka_1079590__02.jpg,annotation,,,,chaos_daemons,,,,,,2026-04-16T22:29:40Z,
scripts/phase3/crops/chaos_daemons/dakka_1079590__07.jpg,annotation,,,,chaos_daemons,,,,,,2026-04-16T22:29:40Z,
scripts/phase3/crops/chaos_daemons/dakka_1088422__00.jpg,annotation,,,,death_guard,foetid_bloat_drone,annotation,,,gallery,2026-04-16T22:29:40Z,
scripts/phase3/crops/chaos_daemons/dakka_1153753__00.jpg,annotation,,,,chaos_daemons,,,,,,2026-04-16T22:29:40Z,target: daemon_prince sim=0.77
scripts/phase3/crops/chaos_daemons/dakka_1217981__00.jpg,annotation,,,,chaos_daemons,,,,,,2026-04-16T22:29:40Z,target: bloodthirster sim=0.81
scripts/phase3/crops/chaos_daemons/dakka_1217981__01.jpg,annotation,,,,chaos_daemons,daemon_prince,annotation,,,gallery,2026-04-16T22:29:40Z,
scripts/phase3/crops/chaos_daemons/dakka_1217990__00.jpg,annotation,,,,chaos_daemons,,,,,,2026-04-16T22:29:40Z,target: chaos_lord sim=0.80
scripts/phase3/crops/chaos_daemons/dakka_138189__00.jpg,annotation,,,,chaos_daemons,,,,,,2026-04-16T22:29:40Z,target: daemon_prince sim=0.81
scripts/phase3/crops/chaos_daemons/dakka_138190__00.jpg,annotation,,,,chaos_daemons,daemon_prince,annotation,,,gallery,2026-04-16T22:29:40Z,
scripts/phase3/crops/chaos_daemons/dakka_138193__00.jpg,annotation,,,,chaos_daemons,blight_drone,annotation,,,gallery,2026-04-16T22:29:40Z,
scripts/phase3/crops/chaos_daemons/dakka_153064__02.jpg,annotation,,,,chaos_space_marines,helbrute,annotation,,,gallery,2026-04-16T22:29:40Z,
scripts/phase3/crops/chaos_daemons/dakka_155472__00.jpg,annotation,,,,chaos_daemons,great_unclean_one,annotation,,,gallery,2026-04-16T22:29:40Z,
scripts/phase3/crops/chaos_daemons/dakka_16387__00.jpg,annotation,,,,chaos_daemons,daemon_prince,annotation,,,query,2026-04-16T22:29:40Z,
scripts/phase3/crops/chaos_knights/1jh16n9_36f20b600403__00.jpg,annotation,,,,chaos_knights,,,,,,2026-04-16T22:29:40Z,target: khorne_lord_of_skulls sim=0.78
scripts/phase3/crops/chaos_knights/dakka_1022350__00.jpg,annotation,,,,chaos_knights,,,,,,2026-04-16T22:29:40Z,target: khorne_lord_of_skulls sim=0.79
scripts/phase3/crops/chaos_knights/dakka_1024805__00.jpg,annotation,,,,chaos_knights,war_dog,annotation,,,gallery,2026-04-16T22:29:40Z,
scripts/phase3/crops/chaos_knights/dakka_1024805__02.jpg,annotation,,,,chaos_knights,,,,,,2026-04-16T22:29:40Z,
scripts/phase3/crops/chaos_knights/dakka_1024835__00.jpg,annotation,,,,chaos_knights,war_dog,annotation,,,query,2026-04-16T22:29:40Z,
scripts/phase3/crops/chaos_knights/dakka_1025399__00.jpg,annotation,,,,chaos_knights,war_dog,annotation,,,gallery,2026-04-16T22:29:40Z,
scripts/phase3/crops/chaos_knights/dakka_1025399__02.jpg,annotation,,,,chaos_knights,war_dog,annotation,,,gallery,2026-04-16T22:29:40Z,
scripts/phase3/crops/chaos_knights/dakka_1035172__00.jpg,annotation,,,,chaos_space_marines,venomcrawler,annotation,,,gallery,2026-04-16T22:29:40Z,
scripts/phase3/crops/chaos_knights/dakka_1037677__00.jpg,annotation,,,,chaos_space_marines,sorcerer,annotation,,,gallery,2026-04-16T22:29:40Z,
scripts/phase3/crops/chaos_knights/dakka_1037680__00.jpg,annotation,,,,death_guard,noxious_blightbringer,annotation,,,gallery,2026-04-16T22:29:40Z,
scripts/phase3/crops/chaos_knights/dakka_1037681__00.jpg,annotation,,,,death_guard,plague_marines,annotation,,,gallery,2026-04-16T22:29:40Z,
scripts/phase3/crops/chaos_knights/dakka_1037682__00.jpg,annotation,,,,death_guard,plague_marines,annotation,,,gallery,2026-04-16T22:29:40Z,
scripts/phase3/crops/chaos_knights/dakka_1037683__00.jpg,annotation,,,,death_guard,plague_marines,annotation,,,gallery,2026-04-16T22:29:40Z,
scripts/phase3/crops/chaos_knights/dakka_1037684__00.jpg,annotation,,,,death_guard,plague_marines,annotation,,,gallery,2026-04-16T22:29:40Z,
scripts/phase3/crops/chaos_knights/dakka_1037685__00.jpg,annotation,,,,death_guard,plague_marines,annotation,,,gallery,2026-04-16T22:29:40Z,
scripts/phase3/crops/chaos_knights/dakka_1037686__00.jpg,annotation,,,,death_guard,plague_marines,annotation,,,query,2026-04-16T22:29:40Z,
scripts/phase3/crops/chaos_knights/dakka_1037687__00.jpg,annotation,,,,death_guard,plague_marines,annotation,,,gallery,2026-04-16T22:29:40Z,
scripts/phase3/crops/chaos_knights/dakka_1054531__00.jpg,annotation,,,,chaos_knights,war_dog,annotation,,,gallery,2026-04-16T22:29:40Z,
scripts/phase3/crops/chaos_knights/dakka_1055584__00.jpg,annotation,,,,chaos_knights,war_dog,annotation,,,gallery,2026-04-16T22:29:40Z,
scripts/phase3/crops/chaos_knights/dakka_1061255__00.jpg,annotation,,,,chaos_knights,war_dog,annotation,,,gallery,2026-04-16T22:29:40Z,
scripts/phase3/crops/chaos_knights/dakka_1063036__00.jpg,annotation,,,,chaos_knights,war_dog,annotation,,,gallery,2026-04-16T22:29:40Z,
scripts/phase3/crops/chaos_knights/dakka_1084776__00.jpg,annotation,,,,chaos_knights,war_dog,annotation,,,gallery,2026-04-16T22:29:40Z,
scripts/phase3/crops/chaos_space_marines/103294_711faf566e68__00.jpg,annotation,,,,death_guard,plague_marines,annotation,,,gallery,2026-04-16T22:29:40Z,
scripts/phase3/crops/chaos_space_marines/105043_7b3757a33ae3__03.jpg,annotation,,,,chaos_space_marines,legionaries,annotation,,,gallery,2026-04-16T22:29:40Z,
scripts/phase3/crops/chaos_space_marines/105043_7b3757a33ae3__04.jpg,annotation,,,,chaos_space_marines,chaos_bikers,annotation,,,gallery,2026-04-16T22:29:40Z,
scripts/phase3/crops/chaos_space_marines/107531_01f5d2b04932__00.jpg,annotation,,,,chaos_space_marines,,,,,,2026-04-16T22:29:40Z,target: chaos_lord_in_terminator_armour sim=0.88
scripts/phase3/crops/chaos_space_marines/109058_501520a7d389__00.jpg,annotation,,,,space_marines,astorath,annotation,,,gallery,2026-04-16T22:29:40Z,
scripts/phase3/crops/chaos_space_marines/109276_ab9cdd514559__04.jpg,annotation,,,,chaos_space_marines,legionaries,annotation,,,gallery,2026-04-16T22:29:40Z,
scripts/phase3/crops/chaos_space_marines/109276_ab9cdd514559__31.jpg,annotation,,,,chaos_space_marines,,,,,,2026-04-16T22:29:40Z,target: chaos_lord_in_terminator_armour sim=0.88
scripts/phase3/crops/chaos_space_marines/11065_08e8939134cc__01.jpg,annotation,,,,chaos_space_marines,,,,,,2026-04-16T22:29:40Z,
scripts/phase3/crops/chaos_space_marines/11376_97287b81722e__01.jpg,annotation,,,,chaos_space_marines,,,,,,2026-04-16T22:29:40Z,target: chaos_terminator_squad sim=0.79
scripts/phase3/crops/chaos_space_marines/11380_cae4cdaf18f8__00.jpg,annotation,,,,chaos_space_marines,,,,,,2026-04-16T22:29:40Z,target: chaos_terminator_squad sim=0.80
scripts/phase3/crops/chaos_space_marines/1148442_1058370dae42__02.jpg,annotation,,,,chaos_space_marines,,,,,,2026-04-16T22:29:40Z,target: chaos_lord_in_terminator_armour sim=0.89
scripts/phase3/crops/chaos_space_marines/115364_cda7c2858d31__00.jpg,annotation,,,,chaos_space_marines,chaos_lord,annotation,,,gallery,2026-04-16T22:29:40Z,
scripts/phase3/crops/chaos_space_marines/12002_e095bb7688cf__00.jpg,annotation,,,,chaos_space_marines,legionaries,annotation,,,gallery,2026-04-16T22:29:40Z,
scripts/phase3/crops/chaos_space_marines/122306_05a10512bf36__02.jpg,annotation,,,,chaos_space_marines,,,,,,2026-04-16T22:29:40Z,target: chaos_terminator_squad sim=0.82
scripts/phase3/crops/chaos_space_marines/122999_9f5743b509e3__00.jpg,annotation,,,,chaos_space_marines,,,,,,2026-04-16T22:29:40Z,target: chaos_lord_in_terminator_armour sim=0.88
scripts/phase3/crops/chaos_space_marines/123110_8c797ce36d63__01.jpg,annotation,,,,chaos_space_marines,,,,,,2026-04-16T22:29:40Z,target: khorne_berzerkers sim=0.84
scripts/phase3/crops/chaos_space_marines/128051_78e6a553755f__00.jpg,annotation,,,,chaos_space_marines,company_champion,annotation,,,gallery,2026-04-16T22:29:40Z,
scripts/phase3/crops/chaos_space_marines/13164_2ebfe221cced__01.jpg,annotation,,,,chaos_space_marines,legionaries,annotation,,,gallery,2026-04-16T22:29:40Z,
scripts/phase3/crops/chaos_space_marines/137340_8dce6a9140fe__00.jpg,annotation,,,,chaos_space_marines,chaos_terminator_squad,annotation,,,gallery,2026-04-16T22:29:40Z,
scripts/phase3/crops/chaos_space_marines/138245_351bd85403f3__00.jpg,annotation,,,,chaos_space_marines,,,,,,2026-04-16T22:29:40Z,
scripts/phase3/crops/chaos_space_marines/138245_351bd85403f3__01.jpg,annotation,,,,chaos_space_marines,legionaries,annotation,,,gallery,2026-04-16T22:29:40Z,
scripts/phase3/crops/chaos_space_marines/138245_351bd85403f3__03.jpg,annotation,,,,chaos_space_marines,legionaries,annotation,,,gallery,2026-04-16T22:29:40Z,
scripts/phase3/crops/chaos_space_marines/138245_351bd85403f3__04.jpg,annotation,,,,chaos_space_marines,legionaries,annotation,,,query,2026-04-16T22:29:40Z,
scripts/phase3/crops/chaos_space_marines/139523_52849b02727a__00.jpg,annotation,,,,chaos_space_marines,,,,,,2026-04-16T22:29:40Z,target: khorne_berzerkers sim=0.78
scripts/phase3/crops/chaos_space_marines/154467_2a7cbda60946__00.jpg,annotation,,,,chaos_space_marines,legionaries,annotation,,,gallery,2026-04-16T22:29:40Z,
scripts/phase3/crops/chaos_space_marines/154467_2a7cbda60946__01.jpg,annotation,,,,chaos_space_marines,legionaries,annotation,,,gallery,2026-04-16T22:29:40Z,
scripts/phase3/crops/chaos_space_marines/154467_2a7cbda60946__03.jpg,annotation,,,,chaos_space_marines,legionaries,annotation,,,gallery,2026-04-16T22:29:40Z,
scripts/phase3/crops/chaos_space_marines/154471_bf2a00bd6791__00.jpg,annotation,,,,chaos_space_marines,,,,,,2026-04-16T22:29:40Z,target: chaos_terminator_squad sim=0.79
scripts/phase3/crops/custodes/1007136_89daaacc2e24__03.jpg,annotation,,,,custodes,custodian_guard,annotation,,,gallery,2026-04-16T22:29:40Z,
scripts/phase3/crops/custodes/1012654_3f74a0a2e6bd__07.jpg,annotation,,,,custodes,shield_captain,annotation,,,gallery,2026-04-16T22:29:40Z,
scripts/phase3/crops/custodes/1012992_e1379e555db1__04.jpg,annotation,,,,custodes,custodian_guard,annotation,,,gallery,2026-04-16T22:29:40Z,
scripts/phase3/crops/custodes/1012992_e1379e555db1__09.jpg,annotation,,,,custodes,custodian_guard,annotation,,,query,2026-04-16T22:29:40Z,
scripts/phase3/crops/custodes/1014273_c7f8a9a8f118__00.jpg,annotation,,,,custodes,shield_captain,annotation,,,gallery,2026-04-16T22:29:40Z,
scripts/phase3/crops/custodes/1014391_a2697cdc8368__00.jpg,annotation,,,,custodes,allarus_custodians,annotation,,,gallery,2026-04-16T22:29:40Z,
scripts/phase3/crops/custodes/1018184_c1c7658c6f05__00.jpg,annotation,,,,custodes,venerable_land_raider,annotation,,,gallery,2026-04-16T22:29:40Z,
scripts/phase3/crops/custodes/1024773_ee23ca45f2f6__00.jpg,annotation,,,,custodes,,,,,,2026-04-16T22:29:40Z,target: valdor sim=0.87
scripts/phase3/crops/custodes/1034536_938089af467e__00.jpg,annotation,,,,custodes,vexilus_praetor,annotation,,,gallery,2026-04-16T22:29:40Z,
scripts/phase3/crops/custodes/1034536_938089af467e__03.jpg,annotation,,,,custodes,,,,,,2026-04-16T22:29:40Z,target: vexilus_praetor sim=0.84
scripts/phase3/crops/custodes/1040926_41e02251ac27__00.jpg,annotation,,,,custodes,,,,,,2026-04-16T22:29:40Z,target: vexilus_praetor sim=0.84
scripts/phase3/crops/custodes/1040930_82abbd4d3a7b__03.jpg,annotation,,,,custodes,custodian_wardens,annotation,,,query,2026-04-16T22:29:40Z,
scripts/phase3/crops/custodes/1044912_b018115632d5__00.jpg,annotation,,,,custodes,,,,,,2026-04-16T22:29:40Z,target: custodian_wardens sim=0.82
scripts/phase3/crops/custodes/1044912_b018115632d5__01.jpg,annotation,,,,custodes,custodian_wardens,annotation,,,gallery,2026-04-16T22:29:40Z,
scripts/phase3/crops/custodes/1054833_7e95755c8c0f__00.jpg,annotation,,,,custodes,,,,,,2026-04-16T22:29:40Z,target: vexilus_praetor sim=0.84
scripts/phase3/crops/custodes/1057885_54a198426cdd__01.jpg,annotation,,,,custodes,custodian_guard,annotation,,,gallery,2026-04-16T22:29:40Z,
scripts/phase3/crops/custodes/1057888_7905b918d141__00.jpg,annotation,,,,custodes,venatari_custodians,annotation,,,gallery,2026-04-16T22:29:40Z,
scripts/phase3/crops/custodes/1057890_c5f6409a6125__00.jpg,annotation,,,,custodes,,,,,,2026-04-16T22:29:40Z,target: venatari_custodians sim=0.85
scripts/phase3/crops/custodes/1058168_ffc5b56d61e5__00.jpg,annotation,,,,custodes,shield_captain,annotation,,,query,2026-04-16T22:29:40Z,
scripts/phase3/crops/custodes/1058171_f775ad9bcde1__00.jpg,annotation,,,,custodes,,,,,,2026-04-16T22:29:40Z,target: valdor sim=0.84
scripts/phase3/crops/custodes/1058173_ac0274e00379__02.jpg,annotation,,,,custodes,shield_captain,annotation,,,gallery,2026-04-16T22:29:40Z,
scripts/phase3/crops/custodes/1069936_13b7678f1b44__00.jpg,annotation,,,,custodes,allarus_custodians,annotation,,,query,2026-04-16T22:29:40Z,
scripts/phase3/crops/custodes/1069936_13b7678f1b44__03.jpg,annotation,,,,custodes,allarus_custodians,annotation,,,gallery,2026-04-16T22:29:40Z,
scripts/phase3/crops/custodes/1069936_13b7678f1b44__04.jpg,annotation,,,,custodes,allarus_custodians,annotation,,,gallery,2026-04-16T22:29:40Z,
scripts/phase3/crops/custodes/1069936_13b7678f1b44__07.jpg,annotation,,,,custodes,allarus_custodians,annotation,,,gallery,2026-04-16T22:29:40Z,
scripts/phase3/crops/custodes/1073041_9ad70a95edbc__00.jpg,annotation,,,,custodes,valdor,annotation,,,gallery,2026-04-16T22:29:40Z,
scripts/phase3/crops/custodes/1073440_495657a82484__00.jpg,annotation,,,,custodes,,,,,,2026-04-16T22:29:40Z,target: valdor sim=0.87
scripts/phase3/crops/custodes/1073443_9591187cad02__00.jpg,annotation,,,,custodes,,,,,,2026-04-16T22:29:40Z,
scripts/phase3/crops/custodes/1075122_03c16a45299c__01.jpg,annotation,,,,custodes,,,,,,2026-04-16T22:29:40Z,target: vexilus_praetor sim=0.85
scripts/phase3/crops/custodes/1075124_4515248a54c0__00.jpg,annotation,,,,custodes,,,,,,2026-04-16T22:29:40Z,target: valdor sim=0.86
scripts/phase3/crops/death_guard/1037680_bab3b0993b2c__00.jpg,annotation,,,,death_guard,,,,,,2026-04-16T22:29:40Z,target: noxious_blightbringer sim=0.97
scripts/phase3/crops/death_guard/1037684_b8d1f1b6826e__00.jpg,annotation,,,,death_guard,,,,,,2026-04-16T22:29:40Z,target: blightlord_terminators sim=0.80
scripts/phase3/crops/death_guard/1037686_7ae4527eae17__00.jpg,annotation,,,,death_guard,plague_marines,annotation,,,gallery,2026-04-16T22:29:40Z,
scripts/phase3/crops/death_guard/1037687_469e522e06b8__00.jpg,annotation,,,,death_guard,,,,,,2026-04-16T22:29:40Z,target: noxious_blightbringer sim=0.83
scripts/phase3/crops/death_guard/106635_b7a1d8b0d592__00.jpg,annotation,,,,death_guard,plague_marines,annotation,,,gallery,2026-04-16T22:29:40Z,the miniature shows a nurgelite space marine showing green fettid colours on theyre armor and oozing green and gold
scripts/phase3/crops/death_guard/106635_b7a1d8b0d592__01.jpg,annotation,,,,death_guard,plague_marines,annotation,,,gallery,2026-04-16T22:29:40Z,
scripts/phase3/crops/death_guard/106635_b7a1d8b0d592__02.jpg,annotation,,,,death_guard,plague_marines,annotation,,,gallery,2026-04-16T22:29:40Z,
scripts/phase3/crops/death_guard/106635_b7a1d8b0d592__03.jpg,annotation,,,,death_guard,plague_marines,annotation,,,gallery,2026-04-16T22:29:40Z,
scripts/phase3/crops/death_guard/106635_b7a1d8b0d592__04.jpg,annotation,,,,death_guard,plague_marines,annotation,,,gallery,2026-04-16T22:29:40Z,
scripts/phase3/crops/death_guard/106798_0c58414bb9eb__00.jpg,annotation,,,,death_guard,plague_marines,annotation,,,gallery,2026-04-16T22:29:40Z,
scripts/phase3/crops/death_guard/106798_0c58414bb9eb__01.jpg,annotation,,,,death_guard,plague_marines,annotation,,,gallery,2026-04-16T22:29:40Z,
scripts/phase3/crops/death_guard/106798_0c58414bb9eb__02.jpg,annotation,,,,death_guard,lord_of_contagion,annotation,,,gallery,2026-04-16T22:29:40Z,
scripts/phase3/crops/death_guard/106798_0c58414bb9eb__03.jpg,annotation,,,,death_guard,plague_marines,annotation,,,gallery,2026-04-16T22:29:40Z,
scripts/phase3/crops/death_guard/106798_0c58414bb9eb__04.jpg,annotation,,,,death_guard,plague_marines,annotation,,,gallery,2026-04-16T22:29:40Z,
scripts/phase3/crops/death_guard/106798_0c58414bb9eb__05.jpg,annotation,,,,death_guard,plague_marines,annotation,,,gallery,2026-04-16T22:29:40Z,
scripts/phase3/crops/death_guard/106798_0c58414bb9eb__06.jpg,annotation,,,,death_guard,plague_marines,annotation,,,gallery,2026-04-16T22:29:40Z,
scripts/phase3/crops/death_guard/1080694_5ad20ee11d4f__00.jpg,annotation,,,,death_guard,blightlord_terminators,annotation,,,gallery,2026-04-16T22:29:40Z,
scripts/phase3/crops/death_guard/1099946_6958d962a130__00.jpg,annotation,,,,death_guard,,,,,,2026-04-16T22:29:40Z,target: deathshroud_terminators sim=0.78
scripts/phase3/crops/death_guard/111213_86789c9e3122__04.jpg,annotation,,,,death_guard,,,,,,2026-04-16T22:29:40Z,target: lord_of_contagion sim=0.83
scripts/phase3/crops/death_guard/114228_528377b7b6f4__00.jpg,annotation,,,,chaos_daemons,great_unclean_one,annotation,,,query,2026-04-16T22:29:40Z,
scripts/phase3/crops/death_guard/118217_1088ebbee691__00.jpg,annotation,,,,death_guard,deathwing_dreadnought,annotation,,,gallery,2026-04-16T22:29:40Z,
scripts/phase3/crops/death_guard/11901_e49f8143ff79__00.jpg,annotation,,,,death_guard,deathshroud_terminators,annotation,,,gallery,2026-04-16T22:29:40Z,
scripts/phase3/crops/death_guard/125389_b21d304e83be__00.jpg,annotation,,,,death_guard,,,,,,2026-04-16T22:29:40Z,target: deathshroud_terminators sim=0.86
scripts/phase3/crops/death_guard/133303_08bad290c035__01.jpg,annotation,,,,death_guard,,,,,,2026-04-16T22:29:40Z,target: deathwing_dreadnought sim=0.79
scripts/phase3/crops/death_guard/133304_e44077aaa2b0__00.jpg,annotation,,,,death_guard,,,,,,2026-04-16T22:29:40Z,target: lord_of_contagion sim=0.80
scripts/phase3/crops/death_guard/152311_958397105bae__01.jpg,annotation,,,,death_guard,plague_marines,annotation,,,gallery,2026-04-16T22:29:40Z,
scripts/phase3/crops/death_guard/152311_958397105bae__02.jpg,annotation,,,,death_guard,,,,,,2026-04-16T22:29:40Z,target: deathshroud_terminators sim=0.77
scripts/phase3/crops/death_guard/152311_958397105bae__04.jpg,annotation,,,,death_guard,,,,,,2026-04-16T22:29:40Z,target: lord_of_contagion sim=0.81
scripts/phase3/crops/death_guard/152315_4c552cd21d00__00.jpg,annotation,,,,death_guard,,,,,,2026-04-16T22:29:40Z,target: blightlord_terminators sim=0.83
scripts/phase3/crops/death_guard/153395_a99c3fbcb83a__01.jpg,annotation,,,,death_guard,,,,,,2026-04-16T22:29:40Z,target: lord_of_contagion sim=0.79
scripts/phase3/crops/death_guard/155605_e02eb4216a39__00.jpg,annotation,,,,death_guard,,,,,,2026-04-16T22:29:40Z,target: blightlord_terminators sim=0.81
scripts/phase3/crops/death_guard/155609_1bc3a643dc75__00.jpg,annotation,,,,death_guard,,,,,,2026-04-16T22:29:40Z,
scripts/phase3/crops/deathwatch/1fkh5cg_269a1cea45dc__00.jpg,annotation,,,,deathwatch,emperors_champion,annotation,,,gallery,2026-04-16T22:29:40Z,
scripts/phase3/crops/deathwatch/1fkh5cg_269a1cea45dc__01.jpg,annotation,,,,deathwatch,,,,,,2026-04-16T22:29:40Z,
scripts/phase3/crops/deathwatch/1fkh5cg_269a1cea45dc__02.jpg,annotation,,,,space_marines,ezekiel,annotation,,,gallery,2026-04-16T22:29:40Z,
scripts/phase3/crops/deathwatch/1fkh5cg_269a1cea45dc__03.jpg,annotation,,,,space_marines,kayvaan_shrike,annotation,,,gallery,2026-04-16T22:29:40Z,
scripts/phase3/crops/deathwatch/1fkh5cg_269a1cea45dc__04.jpg,annotation,,,,deathwatch,chaplain,annotation,,,query,2026-04-16T22:29:40Z,
scripts/phase3/crops/deathwatch/1fkh5cg_269a1cea45dc__05.jpg,annotation,,,,space_marines,lemartes,annotation,,,gallery,2026-04-16T22:29:40Z,
scripts/phase3/crops/deathwatch/1fkh5cg_269a1cea45dc__06.jpg,annotation,,,,space_marines,the_sanguinor,annotation,,,gallery,2026-04-16T22:29:40Z,
scripts/phase3/crops/deathwatch/1fkh5cg_269a1cea45dc__07.jpg,annotation,,,,deathwatch,deathwatch_veterans,annotation,,,gallery,2026-04-16T22:29:40Z,
scripts/phase3/crops/deathwatch/1fkh5cg_269a1cea45dc__08.jpg,annotation,,,,deathwatch,,,,,,2026-04-16T22:29:40Z,
scripts/phase3/crops/deathwatch/1fkh5cg_269a1cea45dc__09.jpg,annotation,,,,space_marines,cypher,annotation,,,query,2026-04-16T22:29:40Z,
scripts/phase3/crops/deathwatch/1fkh5cg_269a1cea45dc__10.jpg,annotation,,,,space_marines,cypher,annotation,,,gallery,2026-04-16T22:29:40Z,
scripts/phase3/crops/deathwatch/1fkh5cg_269a1cea45dc__11.jpg,annotation,,,,deathwatch,chaplain,annotation,,,gallery,2026-04-16T22:29:40Z,
scripts/phase3/crops/deathwatch/1fvc3t7_1a50ace36f58__00.jpg,annotation,,,,deathwatch,primaris_lieutenant,annotation,,,gallery,2026-04-16T22:29:40Z,
scripts/phase3/crops/drukhari/10655_89682d0e5a24__05.jpg,annotation,,,,drukhari,drukhari_warriors,annotation,,,gallery,2026-04-16T22:29:40Z,
scripts/phase3/crops/drukhari/10655_89682d0e5a24__09.jpg,annotation,,,,drukhari,drukhari_warriors,annotation,,,query,2026-04-16T22:29:40Z,
scripts/phase3/crops/drukhari/dakka_1034784__06.jpg,annotation,,,,drukhari,,,,,,2026-04-16T22:29:40Z,
scripts/phase3/crops/drukhari/dakka_1036769__03.jpg,annotation,,,,drukhari,incubi,annotation,,,gallery,2026-04-16T22:29:40Z,
scripts/phase3/crops/drukhari/dakka_1036769__08.jpg,annotation,,,,drukhari,,,,,,2026-04-16T22:29:40Z,target: incubi sim=0.87
scripts/phase3/crops/drukhari/dakka_1036771__00.jpg,annotation,,,,drukhari,,,,,,2026-04-16T22:29:40Z,target: incubi sim=0.87
scripts/phase3/crops/drukhari/dakka_1036771__02.jpg,annotation,,,,drukhari,,,,,,2026-04-16T22:29:40Z,target: incubi sim=0.91
scripts/phase3/crops/drukhari/dakka_1036771__03.jpg,annotation,,,,drukhari,,,,,,2026-04-16T22:29:40Z,target: incubi sim=0.82
scripts/phase3/crops/eldar/101416_b10001e42419__00.jpg,annotation,,,,eldar,,,,,,2026-04-16T22:29:40Z,target: wraithknight sim=0.82
scripts/phase3/crops/eldar/106385_a3b2d79ae84a__00.jpg,annotation,,,,eldar,,,,,,2026-04-16T22:29:40Z,target: wraithknight sim=0.81
scripts/phase3/crops/eldar/106391_0f7e9541a619__00.jpg,annotation,,,,eldar,wraithlord,annotation,,,gallery,2026-04-16T22:29:40Z,
scripts/phase3/crops/eldar/10655_89682d0e5a24__05.jpg,annotation,,,,drukhari,archon,annotation,,,gallery,2026-04-16T22:29:40Z,
scripts/phase3/crops/eldar/108239_f51e12761f2a__04.jpg,annotation,,,,eldar,,,,,,2026-04-16T22:29:40Z,target: wraithguard sim=0.84
scripts/phase3/crops/eldar/1100674_edfbe41fac5e__00.jpg,annotation,,,,eldar,,,,,,2026-04-16T22:29:40Z,
scripts/phase3/crops/eldar/119909_5e4ef717189e__00.jpg,annotation,,,,eldar,,,,,,2026-04-16T22:29:40Z,target: wraithknight sim=0.78
scripts/phase3/crops/eldar/119909_5e4ef717189e__07.jpg,annotation,,,,eldar,,,,,,2026-04-16T22:29:40Z,target: wraithknight sim=0.77
scripts/phase3/crops/eldar/120212_39f0e76af687__00.jpg,annotation,,,,eldar,,,,,,2026-04-16T22:29:40Z,target: shining_spears sim=0.82
scripts/phase3/crops/eldar/120212_39f0e76af687__01.jpg,annotation,,,,eldar,shining_spears,annotation,,,gallery,2026-04-16T22:29:40Z,
scripts/phase3/crops/eldar/120212_39f0e76af687__03.jpg,annotation,,,,eldar,shining_spears,annotation,,,query,2026-04-16T22:29:40Z,
scripts/phase3/crops/eldar/12047_8fb0bb7e29d1__02.jpg,annotation,,,,eldar,wraithguard,annotation,,,query,2026-04-16T22:29:40Z,
scripts/phase3/crops/eldar/12047_8fb0bb7e29d1__04.jpg,annotation,,,,eldar,,,,,,2026-04-16T22:29:40Z,target: wraithguard sim=0.83
scripts/phase3/crops/eldar/129808_b17ba179b153__24.jpg,annotation,,,,eldar,,,,,,2026-04-16T22:29:40Z,target: wave_serpent sim=0.82
scripts/phase3/crops/eldar/129808_b17ba179b153__29.jpg,annotation,,,,eldar,,,,,,2026-04-16T22:29:40Z,
scripts/phase3/crops/eldar/129808_b17ba179b153__30.jpg,annotation,,,,eldar,,,,,,2026-04-16T22:29:40Z,
scripts/phase3/crops/eldar/129808_b17ba179b153__38.jpg,annotation,,,,eldar,wave_serpent,annotation,,,gallery,2026-04-16T22:29:40Z,
scripts/phase3/crops/eldar/129808_b17ba179b153__43.jpg,annotation,,,,eldar,,,,,,2026-04-16T22:29:40Z,target: windriders sim=0.82
scripts/phase3/crops/eldar/129808_b17ba179b153__44.jpg,annotation,,,,eldar,windriders,annotation,,,gallery,2026-04-16T22:29:40Z,
scripts/phase3/crops/eldar/136101_8f9693fe948a__11.jpg,annotation,,,,eldar,,,,,,2026-04-16T22:29:40Z,
scripts/phase3/crops/eldar/137135_11be725fe622__01.jpg,annotation,,,,eldar,,,,,,2026-04-16T22:29:40Z,target: wraithguard sim=0.83
scripts/phase3/crops/eldar/138026_dd546ecdb510__00.jpg,annotation,,,,eldar,wraithguard,annotation,,,gallery,2026-04-16T22:29:40Z,
scripts/phase3/crops/eldar/138026_dd546ecdb510__01.jpg,annotation,,,,eldar,,,,,,2026-04-16T22:29:40Z,target: wraithguard sim=0.92
scripts/phase3/crops/eldar/156770_3e5eee92a737__00.jpg,annotation,,,,eldar,,,,,,2026-04-16T22:29:40Z,target: wraithlord sim=0.78
scripts/phase3/crops/genestealer_cult/1006450_3deb269c2766__00.jpg,annotation,,,,genestealer_cult,,,,,,2026-04-16T22:29:40Z,target: kelermorph sim=0.82
scripts/phase3/crops/genestealer_cult/1061044_3995318f2400__00.jpg,annotation,,,,genestealer_cult,acolyte_hybrids,annotation,,,gallery,2026-04-16T22:29:40Z,
scripts/phase3/crops/genestealer_cult/1061044_3995318f2400__01.jpg,annotation,,,,genestealer_cult,aberrants,annotation,,,gallery,2026-04-16T22:29:40Z,
scripts/phase3/crops/genestealer_cult/1061044_3995318f2400__02.jpg,annotation,,,,genestealer_cult,aberrants,annotation,,,gallery,2026-04-16T22:29:40Z,
scripts/phase3/crops/genestealer_cult/1061044_3995318f2400__03.jpg,annotation,,,,genestealer_cult,aberrants,annotation,,,query,2026-04-16T22:29:40Z,
scripts/phase3/crops/genestealer_cult/1061044_3995318f2400__04.jpg,annotation,,,,genestealer_cult,neophyte_hybrids,annotation,,,query,2026-04-16T22:29:40Z,
scripts/phase3/crops/genestealer_cult/1061338_68e7dd9c5628__01.jpg,annotation,,,,genestealer_cult,,,,,,2026-04-16T22:29:40Z,target: aberrants sim=0.83
scripts/phase3/crops/genestealer_cult/1062882_7c7c6dc7eb0a__00.jpg,annotation,,,,genestealer_cult,kelermorph,annotation,,,gallery,2026-04-16T22:29:40Z,
scripts/phase3/crops/genestealer_cult/1078352_4e1218608d52__00.jpg,annotation,,,,genestealer_cult,achilles_ridgerunner,annotation,,,gallery,2026-04-16T22:29:40Z,
scripts/phase3/crops/genestealer_cult/10861_1954714f329e__00.jpg,annotation,,,,genestealer_cult,,,,,,2026-04-16T22:29:40Z,
scripts/phase3/crops/genestealer_cult/10861_1954714f329e__01.jpg,annotation,,,,genestealer_cult,neophyte_hybrids,annotation,,,gallery,2026-04-16T22:29:40Z,
scripts/phase3/crops/genestealer_cult/10861_1954714f329e__02.jpg,annotation,,,,genestealer_cult,,,,,,2026-04-16T22:29:40Z,
scripts/phase3/crops/genestealer_cult/10861_1954714f329e__03.jpg,annotation,,,,genestealer_cult,neophyte_hybrids,annotation,,,gallery,2026-04-16T22:29:40Z,
scripts/phase3/crops/genestealer_cult/10861_1954714f329e__04.jpg,annotation,,,,genestealer_cult,neophyte_hybrids,annotation,,,gallery,2026-04-16T22:29:40Z,
scripts/phase3/crops/genestealer_cult/10861_1954714f329e__09.jpg,annotation,,,,genestealer_cult,,,,,,2026-04-16T22:29:40Z,
scripts/phase3/crops/genestealer_cult/10861_1954714f329e__11.jpg,annotation,,,,genestealer_cult,,,,,,2026-04-16T22:29:40Z,
scripts/phase3/crops/genestealer_cult/10861_1954714f329e__18.jpg,annotation,,,,genestealer_cult,genestealers,annotation,,,gallery,2026-04-16T22:29:40Z,
scripts/phase3/crops/genestealer_cult/109528_e6d3b5be9657__00.jpg,annotation,,,,genestealer_cult,,,,,,2026-04-16T22:29:40Z,
scripts/phase3/crops/genestealer_cult/1116201_f16a17e0fe6c__00.jpg,annotation,,,,genestealer_cult,,,,,,2026-04-16T22:29:40Z,target: aberrants sim=0.81
scripts/phase3/crops/genestealer_cult/1187815_924966be2094__02.jpg,annotation,,,,genestealer_cult,,,,,,2026-04-16T22:29:40Z,target: aberrants sim=0.84
scripts/phase3/crops/genestealer_cult/1187815_924966be2094__03.jpg,annotation,,,,genestealer_cult,,,,,,2026-04-16T22:29:40Z,target: aberrants sim=0.84
scripts/phase3/crops/genestealer_cult/166866_ff947750f7cf__00.jpg,annotation,,,,genestealer_cult,,,,,,2026-04-16T22:29:40Z,target: acolyte_hybrids sim=0.80
scripts/phase3/crops/genestealer_cult/166867_4be4c4c6dd17__00.jpg,annotation,,,,genestealer_cult,,,,,,2026-04-16T22:29:40Z,target: acolyte_hybrids sim=0.78
scripts/phase3/crops/genestealer_cult/166867_4be4c4c6dd17__01.jpg,annotation,,,,genestealer_cult,,,,,,2026-04-16T22:29:40Z,target: acolyte_hybrids sim=0.80
scripts/phase3/crops/genestealer_cult/166867_4be4c4c6dd17__02.jpg,annotation,,,,genestealer_cult,,,,,,2026-04-16T22:29:40Z,target: kelermorph sim=0.77
scripts/phase3/crops/genestealer_cult/19424_c9ea0f309e08__04.jpg,annotation,,,,genestealer_cult,,,,,,2026-04-16T22:29:40Z,
scripts/phase3/crops/genestealer_cult/19430_c8377521211c__05.jpg,annotation,,,,genestealer_cult,,,,,,2026-04-16T22:29:40Z,
scripts/phase3/crops/grey_knights/107084_78c9a27e7a48__00.jpg,annotation,,,,grey_knights,voldus,annotation,,,gallery,2026-04-16T22:29:40Z,
scripts/phase3/crops/grey_knights/107084_78c9a27e7a48__01.jpg,annotation,,,,grey_knights,,,,,,2026-04-16T22:29:40Z,target: voldus sim=0.87
scripts/phase3/crops/grey_knights/107860_8002c1b06bdf__00.jpg,annotation,,,,grey_knights,,,,,,2026-04-16T22:29:40Z,target: voldus sim=0.96
scripts/phase3/crops/grey_knights/107860_8002c1b06bdf__01.jpg,annotation,,,,grey_knights,,,,,,2026-04-16T22:29:40Z,target: voldus sim=0.92
scripts/phase3/crops/grey_knights/117052_c1c9d14d75a3__00.jpg,annotation,,,,grey_knights,grey_knight_strike_squad,annotation,,,query,2026-04-16T22:29:40Z,
scripts/phase3/crops/grey_knights/117052_c1c9d14d75a3__04.jpg,annotation,,,,grey_knights,grey_knight_strike_squad,annotation,,,gallery,2026-04-16T22:29:40Z,
scripts/phase3/crops/grey_knights/117660_cb47ffbebd41__00.jpg,annotation,,,,grey_knights,,,,,,2026-04-16T22:29:40Z,target: voldus sim=0.84
scripts/phase3/crops/grey_knights/130783_20a9851c65f9__02.jpg,annotation,,,,grey_knights,grey_knight_strike_squad,annotation,,,gallery,2026-04-16T22:29:40Z,
scripts/phase3/crops/grey_knights/130787_716eff5fa967__00.jpg,annotation,,,,grey_knights,,,,,,2026-04-16T22:29:40Z,
scripts/phase3/crops/grey_knights/131380_3abc0bca801d__05.jpg,annotation,,,,grey_knights,,,,,,2026-04-16T22:29:40Z,
scripts/phase3/crops/grey_knights/131387_5f5f6fcbb6de__00.jpg,annotation,,,,grey_knights,grey_knight_strike_squad,annotation,,,gallery,2026-04-16T22:29:40Z,
scripts/phase3/crops/grey_knights/131387_5f5f6fcbb6de__01.jpg,annotation,,,,grey_knights,grey_knight_paladins,annotation,,,gallery,2026-04-16T22:29:40Z,
scripts/phase3/crops/grey_knights/131387_5f5f6fcbb6de__02.jpg,annotation,,,,grey_knights,grey_knight_strike_squad,annotation,,,gallery,2026-04-16T22:29:40Z,
scripts/phase3/crops/grey_knights/131387_5f5f6fcbb6de__03.jpg,annotation,,,,grey_knights,,,,,,2026-04-16T22:29:40Z,
scripts/phase3/crops/grey_knights/131389_ba30ea7b0d70__00.jpg,annotation,,,,grey_knights,,,,,,2026-04-16T22:29:40Z,target: grey_knight_paladins sim=0.86
scripts/phase3/crops/grey_knights/174048_1c7a472a7893__02.jpg,annotation,,,,grey_knights,,,,,,2026-04-16T22:29:40Z,
scripts/phase3/crops/grey_knights/174050_3839f395be3a__01.jpg,annotation,,,,grey_knights,grey_knight_strike_squad,annotation,,,gallery,2026-04-16T22:29:40Z,
scripts/phase3/crops/grey_knights/174050_3839f395be3a__04.jpg,annotation,,,,grey_knights,,,,,,2026-04-16T22:29:40Z,
scripts/phase3/crops/grey_knights/174051_5dc92f3908cd__01.jpg,annotation,,,,grey_knights,,,,,,2026-04-16T22:29:40Z,
scripts/phase3/crops/grey_knights/174053_cfa663855667__00.jpg,annotation,,,,grey_knights,grey_knight_strike_squad,annotation,,,gallery,2026-04-16T22:29:40Z,
scripts/phase3/crops/grey_knights/174053_cfa663855667__01.jpg,annotation,,,,grey_knights,grey_knight_strike_squad,annotation,,,gallery,2026-04-16T22:29:40Z,
scripts/phase3/crops/grey_knights/174053_cfa663855667__02.jpg,annotation,,,,grey_knights,grey_knight_strike_squad,annotation,,,gallery,2026-04-16T22:29:40Z,
scripts/phase3/crops/grey_knights/174054_81e3bb78c3e0__04.jpg,annotation,,,,grey_knights,,,,,,2026-04-16T22:29:40Z,
scripts/phase3/crops/grey_knights/185254_037c3b51a137__02.jpg,annotation,,,,grey_knights,,,,,,2026-04-16T22:29:40Z,
scripts/phase3/crops/grey_knights/185254_037c3b51a137__06.jpg,annotation,,,,grey_knights,,,,,,2026-04-16T22:29:40Z,
scripts/phase3/crops/harlequins/dakka_1000525__00.jpg,annotation,,,,harlequins,death_jester,annotation,,,query,2026-04-16T22:29:40Z,
scripts/phase3/crops/harlequins/dakka_1002699__00.jpg,annotation,,,,harlequins,harlequin_troupe,annotation,,,gallery,2026-04-16T22:29:40Z,
scripts/phase3/crops/harlequins/dakka_1063106__00.jpg,annotation,,,,harlequins,harlequin_troupe,annotation,,,query,2026-04-16T22:29:40Z,
scripts/phase3/crops/harlequins/dakka_1063106__01.jpg,annotation,,,,harlequins,,,,,,2026-04-16T22:29:40Z,
scripts/phase3/crops/harlequins/dakka_1063106__02.jpg,annotation,,,,harlequins,,,,,,2026-04-16T22:29:40Z,
scripts/phase3/crops/harlequins/dakka_1094993__00.jpg,annotation,,,,harlequins,solitaire,annotation,,,query,2026-04-16T22:29:40Z,
scripts/phase3/crops/harlequins/dakka_1101957__00.jpg,annotation,,,,harlequins,,,,,,2026-04-16T22:29:40Z,
scripts/phase3/crops/harlequins/dakka_1101958__00.jpg,annotation,,,,harlequins,,,,,,2026-04-16T22:29:40Z,
scripts/phase3/crops/harlequins/dakka_1101959__00.jpg,annotation,,,,harlequins,,,,,,2026-04-16T22:29:40Z,
scripts/phase3/crops/harlequins/dakka_1116770__00.jpg,annotation,,,,harlequins,shadowseer,annotation,,,gallery,2026-04-16T22:29:40Z,
scripts/phase3/crops/harlequins/dakka_1116779__00.jpg,annotation,,,,harlequins,,,,,,2026-04-16T22:29:40Z,
scripts/phase3/crops/harlequins/dakka_1116780__00.jpg,annotation,,,,harlequins,,,,,,2026-04-16T22:29:40Z,
scripts/phase3/crops/harlequins/dakka_1116780__01.jpg,annotation,,,,harlequins,harlequin_troupe,annotation,,,gallery,2026-04-16T22:29:40Z,
scripts/phase3/crops/harlequins/dakka_1116780__02.jpg,annotation,,,,harlequins,solitaire,annotation,,,gallery,2026-04-16T22:29:40Z,
scripts/phase3/crops/harlequins/dakka_1116781__00.jpg,annotation,,,,harlequins,solitaire,annotation,,,gallery,2026-04-16T22:29:40Z,
scripts/phase3/crops/harlequins/dakka_1116781__01.jpg,annotation,,,,harlequins,death_jester,annotation,,,gallery,2026-04-16T22:29:40Z,
scripts/phase3/crops/harlequins/dakka_1116781__02.jpg,annotation,,,,harlequins,shadowseer,annotation,,,query,2026-04-16T22:29:40Z,
scripts/phase3/crops/harlequins/dakka_1125695__00.jpg,annotation,,,,harlequins,,,,,,2026-04-16T22:29:40Z,
scripts/phase3/crops/harlequins/dakka_115952__00.jpg,annotation,,,,harlequins,death_jester,annotation,,,gallery,2026-04-16T22:29:40Z,
scripts/phase3/crops/harlequins/dakka_116595__00.jpg,annotation,,,,harlequins,harlequin_troupe,annotation,,,gallery,2026-04-16T22:29:40Z,
scripts/phase3/crops/imperial_guard/100gahx_37fb8ce8751b__01.jpg,annotation,,,,imperial_guard,cadian_shock_troops,annotation,,,gallery,2026-04-16T22:29:40Z,
scripts/phase3/crops/imperial_guard/100gahx_3a05826ee1ce__06.jpg,annotation,,,,imperial_guard,cadian_shock_troops,annotation,,,gallery,2026-04-16T22:29:40Z,
scripts/phase3/crops/imperial_guard/100gahx_3a05826ee1ce__07.jpg,annotation,,,,imperial_guard,cadian_shock_troops,annotation,,,gallery,2026-04-16T22:29:40Z,
scripts/phase3/crops/imperial_guard/100gahx_b5b2228e6351__06.jpg,annotation,,,,imperial_guard,cadian_shock_troops,annotation,,,gallery,2026-04-16T22:29:40Z,
scripts/phase3/crops/imperial_guard/1051t49_234b4ed96c1a__00.jpg,annotation,,,,imperial_guard,armoured_sentinel,annotation,,,gallery,2026-04-16T22:29:40Z,
scripts/phase3/crops/imperial_guard/1051t49_80d1ba51ac8d__00.jpg,annotation,,,,imperial_guard,,,,,,2026-04-16T22:29:40Z,target: armoured_sentinel sim=0.84
scripts/phase3/crops/imperial_guard/1051t49_b6bffef380f2__00.jpg,annotation,,,,imperial_guard,,,,,,2026-04-16T22:29:40Z,target: armoured_sentinel sim=0.96
scripts/phase3/crops/imperial_guard/114rkcn_d146e2a9222d__02.jpg,annotation,,,,imperial_guard,,,,,,2026-04-16T22:29:40Z,
scripts/phase3/crops/imperial_guard/11t2alq_101f8b6b1093__03.jpg,annotation,,,,imperial_guard,,,,,,2026-04-16T22:29:40Z,target: death_korps_of_krieg sim=0.81
scripts/phase3/crops/imperial_guard/11t2alq_15adda0a7fce__02.jpg,annotation,,,,imperial_guard,death_korps_of_krieg,annotation,,,query,2026-04-16T22:29:40Z,
scripts/phase3/crops/imperial_guard/11t2alq_15adda0a7fce__03.jpg,annotation,,,,imperial_guard,death_korps_of_krieg,annotation,,,gallery,2026-04-16T22:29:40Z,
scripts/phase3/crops/imperial_guard/11t2alq_15adda0a7fce__04.jpg,annotation,,,,imperial_guard,,,,,,2026-04-16T22:29:40Z,target: death_korps_of_krieg sim=0.82
scripts/phase3/crops/imperial_guard/11t2alq_15adda0a7fce__05.jpg,annotation,,,,imperial_guard,death_korps_of_krieg,annotation,,,gallery,2026-04-16T22:29:40Z,
scripts/phase3/crops/imperial_guard/11z25d9_d4983cdc5731__01.jpg,annotation,,,,chaos_daemons,plaguebearers,annotation,,,query,2026-04-16T22:29:40Z,
scripts/phase3/crops/imperial_guard/11z25d9_d4983cdc5731__03.jpg,annotation,,,,chaos_daemons,plaguebearers,annotation,,,gallery,2026-04-16T22:29:40Z,
scripts/phase3/crops/imperial_guard/11z25d9_d4983cdc5731__13.jpg,annotation,,,,imperial_guard,,,,,,2026-04-16T22:29:40Z,target: death_korps_of_krieg sim=0.78
scripts/phase3/crops/imperial_guard/122ttbf_6951e776b2c0__00.jpg,annotation,,,,imperial_guard,,,,,,2026-04-16T22:29:40Z,target: armoured_sentinel sim=0.84
scripts/phase3/crops/imperial_guard/12fouwo_1c5512305f35__00.jpg,annotation,,,,imperial_guard,armoured_sentinel,annotation,,,query,2026-04-16T22:29:40Z,
scripts/phase3/crops/imperial_guard/12fouwo_1c5512305f35__01.jpg,annotation,,,,imperial_guard,armoured_sentinel,annotation,,,gallery,2026-04-16T22:29:40Z,
scripts/phase3/crops/imperial_guard/12fouwo_1c5512305f35__10.jpg,annotation,,,,imperial_guard,cadian_shock_troops,annotation,,,gallery,2026-04-16T22:29:40Z,
scripts/phase3/crops/imperial_guard/12fouwo_1c5512305f35__20.jpg,annotation,,,,imperial_guard,cadian_shock_troops,annotation,,,query,2026-04-16T22:29:40Z,
scripts/phase3/crops/imperial_guard/12fouwo_1c5512305f35__51.jpg,annotation,,,,imperial_guard,,,,,,2026-04-16T22:29:40Z,target: leman_russ_battle_tanks sim=0.89
scripts/phase3/crops/imperial_guard/12fouwo_1c5512305f35__52.jpg,annotation,,,,imperial_guard,,,,,,2026-04-16T22:29:40Z,target: leman_russ_battle_tanks sim=0.94
scripts/phase3/crops/imperial_guard/12fouwo_1c5512305f35__53.jpg,annotation,,,,imperial_guard,leman_russ_battle_tanks,annotation,,,gallery,2026-04-16T22:29:40Z,
scripts/phase3/crops/imperial_guard/12fouwo_1c5512305f35__54.jpg,annotation,,,,imperial_guard,,,,,,2026-04-16T22:29:40Z,target: leman_russ_battle_tanks sim=0.89
scripts/phase3/crops/imperial_guard/12fouwo_1c5512305f35__55.jpg,annotation,,,,imperial_guard,,,,,,2026-04-16T22:29:40Z,target: armoured_sentinel sim=0.83
scripts/phase3/crops/imperial_guard/12fouwo_dfa98263edf9__02.jpg,annotation,,,,imperial_guard,,,,,,2026-04-16T22:29:40Z,target: leman_russ_battle_tanks sim=0.87
scripts/phase3/crops/imperial_guard/12fouwo_dfa98263edf9__11.jpg,annotation,,,,imperial_guard,cadian_shock_troops,annotation,,,gallery,2026-04-16T22:29:40Z,
scripts/phase3/crops/imperial_guard/12gas6q_0d93820ef250__02.jpg,annotation,,,,imperial_guard,cadian_shock_troops,annotation,,,gallery,2026-04-16T22:29:40Z,
scripts/phase3/crops/imperial_guard/12gas6q_92611934a512__00.jpg,annotation,,,,imperial_guard,,,,,,2026-04-16T22:29:40Z,target: kasrkin sim=0.91
scripts/phase3/crops/imperial_guard/12gas6q_92611934a512__03.jpg,annotation,,,,imperial_guard,,,,,,2026-04-16T22:29:40Z,target: kasrkin sim=0.92
scripts/phase3/crops/imperial_guard/12gas6q_dec3606097f3__00.jpg,annotation,,,,imperial_guard,,,,,,2026-04-16T22:29:40Z,target: kasrkin sim=0.96
scripts/phase3/crops/imperial_guard/12gas6q_dec3606097f3__04.jpg,annotation,,,,imperial_guard,kasrkin,annotation,,,query,2026-04-16T22:29:40Z,
scripts/phase3/crops/imperial_guard/12gas6q_e2afd66dbaec__05.jpg,annotation,,,,imperial_guard,,,,,,2026-04-16T22:29:40Z,target: kasrkin sim=0.92
scripts/phase3/crops/imperial_guard/12gas6q_e2afd66dbaec__09.jpg,annotation,,,,imperial_guard,kasrkin,annotation,,,gallery,2026-04-16T22:29:40Z,
scripts/phase3/crops/imperial_guard/12sgmqp_6c94c1d7faab__01.jpg,annotation,,,,imperial_guard,,,,,,2026-04-16T22:29:40Z,target: death_korps_of_krieg sim=0.79
scripts/phase3/crops/imperial_knights/dakka_1015666__00.jpg,annotation,,,,imperial_knights,,,,,,2026-04-16T22:29:40Z,target: knight_valiant sim=0.90
scripts/phase3/crops/imperial_knights/dakka_1026079__00.jpg,annotation,,,,imperial_knights,,,,,,2026-04-16T22:29:40Z,
scripts/phase3/crops/imperial_knights/dakka_1032345__00.jpg,annotation,,,,imperial_knights,armigers,annotation,,,gallery,2026-04-16T22:29:40Z,
scripts/phase3/crops/imperial_knights/dakka_1032345__01.jpg,annotation,,,,imperial_knights,,,,,,2026-04-16T22:29:40Z,target: armigers sim=0.91
scripts/phase3/crops/imperial_knights/dakka_1032345__02.jpg,annotation,,,,imperial_knights,knight_magaera,annotation,,,gallery,2026-04-16T22:29:40Z,
scripts/phase3/crops/imperial_knights/dakka_1033978__00.jpg,annotation,,,,imperial_knights,,,,,,2026-04-16T22:29:40Z,target: knight_valiant sim=0.90
scripts/phase3/crops/imperial_knights/dakka_1046212__00.jpg,annotation,,,,imperial_knights,knight_valiant,annotation,,,gallery,2026-04-16T22:29:40Z,
scripts/phase3/crops/imperial_knights/dakka_1046214__00.jpg,annotation,,,,imperial_knights,,,,,,2026-04-16T22:29:40Z,target: knight_valiant sim=0.90
scripts/phase3/crops/imperial_knights/dakka_1093378__00.jpg,annotation,,,,imperial_knights,knight_paladin,annotation,,,gallery,2026-04-16T22:29:40Z,
scripts/phase3/crops/imperial_knights/dakka_1093378__02.jpg,annotation,,,,imperial_knights,knight_paladin,annotation,,,gallery,2026-04-16T22:29:40Z,
scripts/phase3/crops/imperial_knights/dakka_1093378__03.jpg,annotation,,,,imperial_knights,,,,,,2026-04-16T22:29:40Z,target: knight_magaera sim=0.79
scripts/phase3/crops/imperial_knights/dakka_1093378__06.jpg,annotation,,,,imperial_knights,,,,,,2026-04-16T22:29:40Z,
scripts/phase3/crops/imperial_knights/dakka_1093382__01.jpg,annotation,,,,imperial_knights,knight_paladin,annotation,,,gallery,2026-04-16T22:29:40Z,
scripts/phase3/crops/imperial_knights/dakka_1093382__04.jpg,annotation,,,,imperial_knights,knight_paladin,annotation,,,query,2026-04-16T22:29:40Z,
scripts/phase3/crops/imperial_knights/dakka_1093382__06.jpg,annotation,,,,imperial_knights,knight_paladin,annotation,,,gallery,2026-04-16T22:29:40Z,
scripts/phase3/crops/imperial_knights/dakka_588123__03.jpg,annotation,,,,eldar,wraithknight,annotation,,,gallery,2026-04-16T22:29:40Z,
scripts/phase3/crops/imperial_knights/dakka_588123__05.jpg,annotation,,,,chaos_knights,khorne_lord_of_skulls,annotation,,,gallery,2026-04-16T22:29:40Z,
scripts/phase3/crops/imperial_knights/dakka_588123__06.jpg,annotation,,,,imperial_knights,knight_paladin,annotation,,,gallery,2026-04-16T22:29:40Z,
scripts/phase3/crops/imperial_knights/dakka_588123__09.jpg,annotation,,,,space_marines,scout_squad,annotation,,,gallery,2026-04-16T22:29:40Z,
scripts/phase3/crops/imperial_knights/dakka_588123__11.jpg,annotation,,,,chaos_space_marines,khorne_berzerkers,annotation,,,gallery,2026-04-16T22:29:40Z,
scripts/phase3/crops/imperial_knights/dakka_591741__00.jpg,annotation,,,,imperial_knights,knight_paladin,annotation,,,gallery,2026-04-16T22:29:40Z,
scripts/phase3/crops/imperial_knights/dakka_591743__00.jpg,annotation,,,,imperial_knights,knight_paladin,annotation,,,gallery,2026-04-16T22:29:40Z,
scripts/phase3/crops/imperial_knights/dakka_594525__00.jpg,annotation,,,,imperial_knights,,,,,,2026-04-16T22:29:40Z,
scripts/phase3/crops/imperial_knights/dakka_601249__00.jpg,annotation,,,,imperial_knights,,,,,,2026-04-16T22:29:40Z,target: armigers sim=0.87
scripts/phase3/crops/imperial_knights/dakka_601249__01.jpg,annotation,,,,imperial_knights,knight_paladin,annotation,,,gallery,2026-04-16T22:29:40Z,
scripts/phase3/crops/imperial_knights/dakka_601249__03.jpg,annotation,,,,imperial_knights,,,,,,2026-04-16T22:29:40Z,target: armigers sim=0.86
scripts/phase3/crops/imperial_knights/dakka_611871__00.jpg,annotation,,,,imperial_knights,,,,,,2026-04-16T22:29:40Z,target: knight_magaera sim=0.83
scripts/phase3/crops/imperial_knights/dakka_614570__00.jpg,annotation,,,,imperial_knights,knight_paladin,annotation,,,gallery,2026-04-16T22:29:40Z,
scripts/phase3/crops/imperial_knights/dakka_615571__00.jpg,annotation,,,,imperial_knights,,,,,,2026-04-16T22:29:40Z,target: armigers sim=0.86
scripts/phase3/crops/imperial_knights/dakka_615571__01.jpg,annotation,,,,imperial_knights,,,,,,2026-04-16T22:29:40Z,target: knight_valiant sim=0.90
scripts/phase3/crops/necrons/11xiqtl_e4d4a2329d65__00.jpg,annotation,,,,necrons,canoptek_wraiths,annotation,,,gallery,2026-04-16T22:29:40Z,
scripts/phase3/crops/necrons/11xiqtl_e4d4a2329d65__06.jpg,annotation,,,,necrons,warriors,annotation,,,gallery,2026-04-16T22:29:40Z,
scripts/phase3/crops/necrons/11xiqtl_e4d4a2329d65__09.jpg,annotation,,,,necrons,overlord,annotation,,,gallery,2026-04-16T22:29:40Z,
scripts/phase3/crops/necrons/11xiqtl_e4d4a2329d65__10.jpg,annotation,,,,necrons,,,,,,2026-04-16T22:29:40Z,target: overlord sim=0.83
scripts/phase3/crops/necrons/128ijpx_4ca827421e5d__20.jpg,annotation,,,,necrons,immortals,annotation,,,gallery,2026-04-16T22:29:40Z,
scripts/phase3/crops/necrons/128ijpx_4ca827421e5d__21.jpg,annotation,,,,necrons,immortals,annotation,,,gallery,2026-04-16T22:29:40Z,
scripts/phase3/crops/necrons/128ijpx_4ca827421e5d__27.jpg,annotation,,,,necrons,immortals,annotation,,,gallery,2026-04-16T22:29:40Z,
scripts/phase3/crops/necrons/128ijpx_4ca827421e5d__30.jpg,annotation,,,,necrons,immortals,annotation,,,gallery,2026-04-16T22:29:40Z,
scripts/phase3/crops/necrons/128ijpx_4ca827421e5d__33.jpg,annotation,,,,necrons,canoptek_wraiths,annotation,,,gallery,2026-04-16T22:29:40Z,
scripts/phase3/crops/necrons/128ijpx_4ca827421e5d__34.jpg,annotation,,,,necrons,,,,,,2026-04-16T22:29:40Z,target: canoptek_wraiths sim=0.87
scripts/phase3/crops/necrons/128ijpx_4ca827421e5d__35.jpg,annotation,,,,necrons,canoptek_wraiths,annotation,,,query,2026-04-16T22:29:40Z,
scripts/phase3/crops/necrons/128ijpx_4ca827421e5d__36.jpg,annotation,,,,necrons,,,,,,2026-04-16T22:29:40Z,target: canoptek_wraiths sim=0.88
scripts/phase3/crops/necrons/128ijpx_4ca827421e5d__43.jpg,annotation,,,,necrons,,,,,,2026-04-16T22:29:40Z,
scripts/phase3/crops/necrons/128ijpx_4ca827421e5d__78.jpg,annotation,,,,necrons,immortals,annotation,,,query,2026-04-16T22:29:40Z,
scripts/phase3/crops/necrons/128ijpx_68d3e60ecdaa__01.jpg,annotation,,,,necrons,chronomancer,annotation,,,gallery,2026-04-16T22:29:40Z,
scripts/phase3/crops/necrons/128ijpx_76cce3f7e7f5__03.jpg,annotation,,,,necrons,,,,,,2026-04-16T22:29:40Z,target: canoptek_wraiths sim=0.80
scripts/phase3/crops/necrons/128ijpx_76cce3f7e7f5__04.jpg,annotation,,,,necrons,,,,,,2026-04-16T22:29:40Z,target: canoptek_wraiths sim=0.78
scripts/phase3/crops/necrons/132nial_6265a73daead__01.jpg,annotation,,,,necrons,,,,,,2026-04-16T22:29:40Z,target: overlord sim=0.83
scripts/phase3/crops/necrons/132nial_64b7102d10d1__01.jpg,annotation,,,,necrons,,,,,,2026-04-16T22:29:40Z,target: skorpekh_destroyers sim=0.88
scripts/phase3/crops/necrons/132nial_64b7102d10d1__02.jpg,annotation,,,,necrons,skorpekh_destroyers,annotation,,,gallery,2026-04-16T22:29:40Z,
scripts/phase3/crops/necrons/132nial_64b7102d10d1__25.jpg,annotation,,,,necrons,,,,,,2026-04-16T22:29:40Z,target: skorpekh_destroyers sim=0.86
scripts/phase3/crops/necrons/132nial_64b7102d10d1__26.jpg,annotation,,,,necrons,,,,,,2026-04-16T22:29:40Z,target: overlord sim=0.85
scripts/phase3/crops/necrons/132nial_64b7102d10d1__29.jpg,annotation,,,,necrons,,,,,,2026-04-16T22:29:40Z,target: skorpekh_destroyers sim=0.84
scripts/phase3/crops/necrons/132nial_64b7102d10d1__30.jpg,annotation,,,,necrons,,,,,,2026-04-16T22:29:40Z,target: skorpekh_destroyers sim=0.90
scripts/phase3/crops/necrons/13c81r1_fc004ec7f4e0__00.jpg,annotation,,,,necrons,,,,,,2026-04-16T22:29:40Z,target: overlord sim=0.82
scripts/phase3/crops/orks/106422_32a253181cce__00.jpg,annotation,,,,orks,,,,,,2026-04-16T22:29:40Z,target: boyz sim=0.86
scripts/phase3/crops/orks/106422_32a253181cce__01.jpg,annotation,,,,orks,,,,,,2026-04-16T22:29:40Z,
scripts/phase3/crops/orks/106422_32a253181cce__02.jpg,annotation,,,,orks,,,,,,2026-04-16T22:29:40Z,target: boyz sim=0.83
scripts/phase3/crops/orks/106422_32a253181cce__03.jpg,annotation,,,,orks,,,,,,2026-04-16T22:29:40Z,
scripts/phase3/crops/orks/106422_32a253181cce__05.jpg,annotation,,,,orks,boyz,annotation,,,gallery,2026-04-16T22:29:40Z,
scripts/phase3/crops/orks/106422_32a253181cce__08.jpg,annotation,,,,orks,boyz,annotation,,,query,2026-04-16T22:29:40Z,
scripts/phase3/crops/orks/108811_da85490710f3__01.jpg,annotation,,,,orks,,,,,,2026-04-16T22:29:40Z,
scripts/phase3/crops/orks/108811_da85490710f3__02.jpg,annotation,,,,orks,,,,,,2026-04-16T22:29:40Z,
scripts/phase3/crops/orks/108811_da85490710f3__03.jpg,annotation,,,,orks,,,,,,2026-04-16T22:29:40Z,
scripts/phase3/crops/orks/109599_96216f146c63__00.jpg,annotation,,,,orks,,,,,,2026-04-16T22:29:40Z,target: boyz sim=0.83
scripts/phase3/crops/orks/109599_96216f146c63__02.jpg,annotation,,,,orks,,,,,,2026-04-16T22:29:40Z,target: boyz sim=0.83
scripts/phase3/crops/orks/109954_a10c757c6956__00.jpg,annotation,,,,orks,,,,,,2026-04-16T22:29:40Z,target: battlefortress sim=0.88
scripts/phase3/crops/orks/109955_eec4a4cb205d__00.jpg,annotation,,,,orks,battlefortress,annotation,,,gallery,2026-04-16T22:29:40Z,
scripts/phase3/crops/orks/109960_9eeaf4455cba__02.jpg,annotation,,,,orks,,,,,,2026-04-16T22:29:40Z,target: battlefortress sim=0.85
scripts/phase3/crops/orks/111308_68307029e9c4__00.jpg,annotation,,,,orks,,,,,,2026-04-16T22:29:40Z,target: battlefortress sim=0.79
scripts/phase3/crops/orks/11332_bbff314e5c4a__00.jpg,annotation,,,,orks,warboss,annotation,,,gallery,2026-04-16T22:29:40Z,
scripts/phase3/crops/orks/11706_acf1617efccd__00.jpg,annotation,,,,orks,stompa,annotation,,,gallery,2026-04-16T22:29:40Z,
scripts/phase3/crops/orks/1170797_85f8d098cee1__00.jpg,annotation,,,,orks,,,,,,2026-04-16T22:29:40Z,
scripts/phase3/crops/orks/117179_676da8f9aa8b__00.jpg,annotation,,,,orks,,,,,,2026-04-16T22:29:40Z,
scripts/phase3/crops/orks/11792_59b63f4e5318__00.jpg,annotation,,,,orks,,,,,,2026-04-16T22:29:40Z,
scripts/phase3/crops/orks/11837_aecd0ab20ce2__02.jpg,annotation,,,,orks,,,,,,2026-04-16T22:29:40Z,
scripts/phase3/crops/orks/11837_aecd0ab20ce2__07.jpg,annotation,,,,orks,,,,,,2026-04-16T22:29:40Z,
scripts/phase3/crops/orks/118424_7ee51c637127__00.jpg,annotation,,,,orks,,,,,,2026-04-16T22:29:40Z,target: stompa sim=0.79
scripts/phase3/crops/orks/1195706_5727729cc2d8__00.jpg,annotation,,,,orks,,,,,,2026-04-16T22:29:40Z,
scripts/phase3/crops/orks/1208722_d6e738686f31__00.jpg,annotation,,,,orks,,,,,,2026-04-16T22:29:40Z,target: stompa sim=0.80
scripts/phase3/crops/orks/1210803_5315a2d94c9d__00.jpg,annotation,,,,orks,,,,,,2026-04-16T22:29:40Z,
scripts/phase3/crops/orks/122989_0ba3f720f19d__00.jpg,annotation,,,,orks,,,,,,2026-04-16T22:29:40Z,target: stompa sim=0.79
scripts/phase3/crops/orks/12698_a00a9aa30579__00.jpg,annotation,,,,orks,warboss,annotation,,,query,2026-04-16T22:29:40Z,
scripts/phase3/crops/orks/132251_58c935adf436__00.jpg,annotation,,,,orks,,,,,,2026-04-16T22:29:40Z,
scripts/phase3/crops/orks/132251_58c935adf436__01.jpg,annotation,,,,orks,,,,,,2026-04-16T22:29:40Z,
scripts/phase3/crops/space_marines/1041c7c_2f9cde6bde7b__00.jpg,annotation,,,,space_marines,,,,,,2026-04-16T22:29:40Z,target: primaris_lieutenant sim=0.88
scripts/phase3/crops/space_marines/1041c7c_5ab529a7c896__00.jpg,annotation,,,,space_marines,primaris_lieutenant,annotation,,,gallery,2026-04-16T22:29:40Z,
scripts/phase3/crops/space_marines/1041c7c_9bf8683888f9__00.jpg,annotation,,,,space_marines,,,,,,2026-04-16T22:29:40Z,target: primaris_lieutenant sim=0.95
scripts/phase3/crops/space_marines/10j4au8_a534218bca89__00.jpg,annotation,,,,space_marines,captain,annotation,,,gallery,2026-04-16T22:29:40Z,
scripts/phase3/crops/space_marines/10kvdb8_1b5733213770__00.jpg,annotation,,,,space_marines,,,,,,2026-04-16T22:29:40Z,target: redemptor_dreadnought sim=0.97
scripts/phase3/crops/space_marines/10kvdb8_b99824a111c2__00.jpg,annotation,,,,space_marines,,,,,,2026-04-16T22:29:40Z,target: redemptor_dreadnought sim=0.93
scripts/phase3/crops/space_marines/10kvdb8_c3e2fa6dcfdd__00.jpg,annotation,,,,space_marines,,,,,,2026-04-16T22:29:40Z,target: redemptor_dreadnought sim=0.97
scripts/phase3/crops/space_marines/10kvdb8_ddfd875bd315__00.jpg,annotation,,,,space_marines,redemptor_dreadnought,annotation,,,gallery,2026-04-16T22:29:40Z,
scripts/phase3/crops/space_marines/11edabu_76bb364769fb__02.jpg,annotation,,,,space_marines,,,,,,2026-04-16T22:29:40Z,target: sanguinary_guard sim=0.90
scripts/phase3/crops/space_marines/11edabu_dd2c1c26bdec__00.jpg,annotation,,,,space_marines,,,,,,2026-04-16T22:29:40Z,
scripts/phase3/crops/space_marines/11edcct_7c99bbb3afe1__00.jpg,annotation,,,,space_marines,,,,,,2026-04-16T22:29:40Z,target: sanguinary_guard sim=0.90
scripts/phase3/crops/space_marines/126rtea_2a745ca9d77f__00.jpg,annotation,,,,space_marines,,,,,,2026-04-16T22:29:40Z,target: techmarine sim=0.89
scripts/phase3/crops/space_marines/126rtea_2ee8fe642dd0__00.jpg,annotation,,,,space_marines,,,,,,2026-04-16T22:29:40Z,target: techmarine sim=0.84
scripts/phase3/crops/space_marines/126rtea_89ed96b745b5__00.jpg,annotation,,,,space_marines,techmarine,annotation,,,gallery,2026-04-16T22:29:40Z,
scripts/phase3/crops/space_marines/13i43sd_008b31c5d3e1__01.jpg,annotation,,,,space_marines,,,,,,2026-04-16T22:29:40Z,target: captain sim=0.91
scripts/phase3/crops/space_marines/13i43sd_008b31c5d3e1__02.jpg,annotation,,,,space_marines,,,,,,2026-04-16T22:29:40Z,target: sanguinary_guard sim=0.90
scripts/phase3/crops/space_marines/13i43sd_008b31c5d3e1__03.jpg,annotation,,,,space_marines,,,,,,2026-04-16T22:29:40Z,target: captain sim=0.90
scripts/phase3/crops/space_marines/13i43sd_008b31c5d3e1__04.jpg,annotation,,,,space_marines,,,,,,2026-04-16T22:29:40Z,target: captain sim=0.87
scripts/phase3/crops/space_marines/13i43sd_3afc80ca3e19__00.jpg,annotation,,,,space_marines,sanguinary_guard,annotation,,,gallery,2026-04-16T22:29:40Z,
scripts/phase3/crops/space_marines/13i43sd_5b95cc810cc8__03.jpg,annotation,,,,space_marines,intercessors,annotation,,,gallery,2026-04-16T22:29:40Z,
scripts/phase3/crops/space_marines/13i43sd_5b95cc810cc8__12.jpg,annotation,,,,space_marines,,,,,,2026-04-16T22:29:40Z,target: dante sim=0.86
scripts/phase3/crops/space_marines/13i43sd_5b95cc810cc8__15.jpg,annotation,,,,space_marines,,,,,,2026-04-16T22:29:40Z,target: intercessors sim=0.89
scripts/phase3/crops/space_marines/13i43sd_5b95cc810cc8__18.jpg,annotation,,,,space_marines,,,,,,2026-04-16T22:29:40Z,target: intercessors sim=0.89
scripts/phase3/crops/space_marines/13i43sd_74ec4be1cf06__02.jpg,annotation,,,,space_marines,,,,,,2026-04-16T22:29:40Z,target: sanguinary_guard sim=0.90
scripts/phase3/crops/space_marines/13i43sd_74ec4be1cf06__03.jpg,annotation,,,,space_marines,,,,,,2026-04-16T22:29:40Z,target: primaris_lieutenant sim=0.88
scripts/phase3/crops/space_marines/13i43sd_74ec4be1cf06__04.jpg,annotation,,,,space_marines,,,,,,2026-04-16T22:29:40Z,target: dante sim=0.86
scripts/phase3/crops/space_marines/13i43sd_8a046237484e__01.jpg,annotation,,,,space_marines,,,,,,2026-04-16T22:29:40Z,target: death_company_captain sim=0.84
scripts/phase3/crops/space_marines/13i43sd_8a046237484e__02.jpg,annotation,,,,space_marines,,,,,,2026-04-16T22:29:40Z,target: techmarine sim=0.88
scripts/phase3/crops/space_marines/13i43sd_8a046237484e__03.jpg,annotation,,,,space_marines,,,,,,2026-04-16T22:29:40Z,target: dante sim=0.87
scripts/phase3/crops/space_marines/13i43sd_b8e63dd43ac7__02.jpg,annotation,,,,space_marines,,,,,,2026-04-16T22:29:40Z,target: primaris_lieutenant sim=0.89
scripts/phase3/crops/space_marines/13i43sd_b8e63dd43ac7__03.jpg,annotation,,,,space_marines,,,,,,2026-04-16T22:29:40Z,target: intercessors sim=0.88
scripts/phase3/crops/space_marines/13i43sd_b8e63dd43ac7__04.jpg,annotation,,,,space_marines,,,,,,2026-04-16T22:29:40Z,target: techmarine sim=0.85
scripts/phase3/crops/space_marines/14ew2h8_504be7098dbe__00.jpg,annotation,,,,space_marines,death_company_captain,annotation,,,gallery,2026-04-16T22:29:40Z,
scripts/phase3/crops/space_marines/14ew2h8_e67cf4caebff__00.jpg,annotation,,,,space_marines,dante,annotation,,,gallery,2026-04-16T22:29:40Z,
scripts/phase3/crops/space_marines/14y28no_4598c9ea4496__00.jpg,annotation,,,,space_marines,,,,,,2026-04-16T22:29:40Z,target: death_company_captain sim=0.86
scripts/phase3/crops/space_marines/14y28no_4598c9ea4496__02.jpg,annotation,,,,space_marines,,,,,,2026-04-16T22:29:40Z,target: death_company_captain sim=0.85
scripts/phase3/crops/space_marines/1525lmp_94196349b22a__00.jpg,annotation,,,,space_marines,,,,,,2026-04-16T22:29:40Z,target: redemptor_dreadnought sim=0.85
scripts/phase3/crops/space_marines/1525lmp_a19884087ce4__00.jpg,annotation,,,,space_marines,,,,,,2026-04-16T22:29:40Z,target: captain sim=0.87
scripts/phase3/crops/space_marines/15zzw81_43a82874a9f4__11.jpg,annotation,,,,space_marines,,,,,,2026-04-16T22:29:40Z,target: intercessors sim=0.88
scripts/phase3/crops/tau_empire/dakka_1051127__00.jpg,annotation,,,,tau_empire,drones,annotation,,,gallery,2026-04-16T22:29:40Z,
scripts/phase3/crops/tau_empire/dakka_1051127__02.jpg,annotation,,,,tau_empire,drones,annotation,,,gallery,2026-04-16T22:29:40Z,
scripts/phase3/crops/tau_empire/dakka_1051127__03.jpg,annotation,,,,tau_empire,drones,annotation,,,gallery,2026-04-16T22:29:40Z,
scripts/phase3/crops/tau_empire/dakka_1051127__04.jpg,annotation,,,,tau_empire,drones,annotation,,,gallery,2026-04-16T22:29:40Z,
scripts/phase3/crops/tau_empire/dakka_1051127__05.jpg,annotation,,,,tau_empire,drones,annotation,,,gallery,2026-04-16T22:29:40Z,
scripts/phase3/crops/tau_empire/dakka_1051127__07.jpg,annotation,,,,tau_empire,drones,annotation,,,gallery,2026-04-16T22:29:40Z,
scripts/phase3/crops/tau_empire/dakka_1051127__09.jpg,annotation,,,,tau_empire,drones,annotation,,,gallery,2026-04-16T22:29:40Z,
scripts/phase3/crops/tau_empire/dakka_1051127__10.jpg,annotation,,,,tau_empire,drones,annotation,,,gallery,2026-04-16T22:29:40Z,
scripts/phase3/crops/tau_empire/dakka_1051127__12.jpg,annotation,,,,tau_empire,drones,annotation,,,gallery,2026-04-16T22:29:40Z,
scripts/phase3/crops/tau_empire/dakka_1051128__01.jpg,annotation,,,,tau_empire,drones,annotation,,,query,2026-04-16T22:29:40Z,
scripts/phase3/crops/tau_empire/dakka_1051129__00.jpg,annotation,,,,tau_empire,xv8_crisis_battlesuit,annotation,,,gallery,2026-04-16T22:29:40Z,
scripts/phase3/crops/tau_empire/dakka_1051130__00.jpg,annotation,,,,tau_empire,riptide_battlesuit,annotation,,,query,2026-04-16T22:29:40Z,
scripts/phase3/crops/tau_empire/dakka_1051131__00.jpg,annotation,,,,tau_empire,riptide_battlesuit,annotation,,,gallery,2026-04-16T22:29:40Z,
scripts/phase3/crops/tau_empire/dakka_1051131__01.jpg,annotation,,,,tau_empire,,,,,,2026-04-16T22:29:40Z,target: riptide_battlesuit sim=0.86
scripts/phase3/crops/tau_empire/dakka_1075399__00.jpg,annotation,,,,tau_empire,ghostkeel_battlesuit,annotation,,,gallery,2026-04-16T22:29:40Z,
scripts/phase3/crops/tau_empire/dakka_1075399__01.jpg,annotation,,,,tau_empire,drones,annotation,,,gallery,2026-04-16T22:29:40Z,
scripts/phase3/crops/tau_empire/dakka_1075399__02.jpg,annotation,,,,tau_empire,drones,annotation,,,gallery,2026-04-16T22:29:40Z,
scripts/phase3/crops/tau_empire/dakka_1082011__00.jpg,annotation,,,,tau_empire,devilfish,annotation,,,gallery,2026-04-16T22:29:40Z,
scripts/phase3/crops/tau_empire/dakka_1147842__00.jpg,annotation,,,,tau_empire,darkstrider,annotation,,,gallery,2026-04-16T22:29:40Z,
scripts/phase3/crops/tau_empire/dakka_1163053__00.jpg,annotation,,,,tau_empire,ghostkeel_battlesuit,annotation,,,query,2026-04-16T22:29:40Z,
scripts/phase3/crops/tau_empire/dakka_1164561__00.jpg,annotation,,,,tau_empire,,,,,,2026-04-16T22:29:40Z,target: riptide_battlesuit sim=0.87
scripts/phase3/crops/tau_empire/dakka_1171063__00.jpg,annotation,,,,tau_empire,ghostkeel_battlesuit,annotation,,,gallery,2026-04-16T22:29:40Z,
scripts/phase3/crops/thousand_sons/103396_9af7feef8067__00.jpg,annotation,,,,thousand_sons,,,,,,2026-04-16T22:29:40Z,target: scarab_occult_terminators sim=0.81
scripts/phase3/crops/thousand_sons/110695_aad4ef8ddb15__00.jpg,annotation,,,,thousand_sons,ahriman,annotation,,,gallery,2026-04-16T22:29:40Z,
scripts/phase3/crops/thousand_sons/111359_6ebf724bdfe6__02.jpg,annotation,,,,thousand_sons,,,,,,2026-04-16T22:29:40Z,target: scarab_occult_terminators sim=0.80
scripts/phase3/crops/thousand_sons/111379_9ae16b4ce429__01.jpg,annotation,,,,thousand_sons,scarab_occult_terminators,annotation,,,gallery,2026-04-16T22:29:40Z,
scripts/phase3/crops/thousand_sons/111379_9ae16b4ce429__02.jpg,annotation,,,,thousand_sons,,,,,,2026-04-16T22:29:40Z,target: scarab_occult_terminators sim=0.84
scripts/phase3/crops/thousand_sons/111382_e8cc5cc3770c__00.jpg,annotation,,,,thousand_sons,,,,,,2026-04-16T22:29:40Z,target: rubric_marines sim=0.86
scripts/phase3/crops/thousand_sons/1218019_8fb9b9be817c__00.jpg,annotation,,,,thousand_sons,exalted_sorcerer,annotation,,,query,2026-04-16T22:29:40Z,
scripts/phase3/crops/thousand_sons/1218019_8fb9b9be817c__02.jpg,annotation,,,,thousand_sons,,,,,,2026-04-16T22:29:40Z,target: scarab_occult_terminators sim=0.81
scripts/phase3/crops/thousand_sons/13154_fc1919a730d1__00.jpg,annotation,,,,thousand_sons,,,,,,2026-04-16T22:29:40Z,target: rubric_marines sim=0.87
scripts/phase3/crops/thousand_sons/13158_16e09e5e8aa9__01.jpg,annotation,,,,thousand_sons,,,,,,2026-04-16T22:29:40Z,target: rubric_marines sim=0.90
scripts/phase3/crops/thousand_sons/13159_33854f8c9942__00.jpg,annotation,,,,thousand_sons,,,,,,2026-04-16T22:29:40Z,target: rubric_marines sim=0.89
scripts/phase3/crops/thousand_sons/13159_33854f8c9942__01.jpg,annotation,,,,chaos_space_marines,chaos_lord_in_terminator_armour,annotation,,,gallery,2026-04-16T22:29:40Z,
scripts/phase3/crops/thousand_sons/13164_2ebfe221cced__00.jpg,annotation,,,,thousand_sons,rubric_marines,annotation,,,query,2026-04-16T22:29:40Z,shows the back of a horned thousand sons space marine
scripts/phase3/crops/thousand_sons/13164_2ebfe221cced__01.jpg,annotation,,,,thousand_sons,rubric_marines,annotation,,,gallery,2026-04-16T22:29:40Z,
scripts/phase3/crops/thousand_sons/146088_874f7d3cf742__00.jpg,annotation,,,,thousand_sons,exalted_sorcerer,annotation,,,gallery,2026-04-16T22:29:40Z,
scripts/phase3/crops/tyranids/10rr868_48f1384b892e__58.jpg,annotation,,,,tyranids,termagants,annotation,,,gallery,2026-04-16T22:29:40Z,
scripts/phase3/crops/tyranids/11tmoi7_ca00d5ba6be2__00.jpg,annotation,,,,tyranids,tyranid_warriors,annotation,,,gallery,2026-04-16T22:29:40Z,
scripts/phase3/crops/tyranids/11tmoi7_e47990163eba__00.jpg,annotation,,,,tyranids,tyranid_warriors,annotation,,,gallery,2026-04-16T22:29:40Z,
scripts/phase3/crops/tyranids/11yvjr3_48dfacaf91be__12.jpg,annotation,,,,tyranids,termagants,annotation,,,gallery,2026-04-16T22:29:40Z,
scripts/phase3/crops/tyranids/122lero_82096eaba983__02.jpg,annotation,,,,tyranids,genestealers,annotation,,,query,2026-04-16T22:29:40Z,
scripts/phase3/crops/tyranids/122lero_82096eaba983__04.jpg,annotation,,,,tyranids,tyranid_warriors,annotation,,,gallery,2026-04-16T22:29:40Z,
scripts/phase3/crops/tyranids/122lero_82096eaba983__11.jpg,annotation,,,,tyranids,genestealers,annotation,,,gallery,2026-04-16T22:29:40Z,
scripts/phase3/crops/tyranids/122lero_82096eaba983__16.jpg,annotation,,,,tyranids,,,,,,2026-04-16T22:29:40Z,
scripts/phase3/crops/tyranids/122lero_82096eaba983__19.jpg,annotation,,,,tyranids,tyranid_warriors,annotation,,,query,2026-04-16T22:29:40Z,
scripts/phase3/crops/tyranids/122lero_82096eaba983__21.jpg,annotation,,,,tyranids,,,,,,2026-04-16T22:29:40Z,
scripts/phase3/crops/tyranids/122lero_82096eaba983__29.jpg,annotation,,,,tyranids,termagants,annotation,,,gallery,2026-04-16T22:29:40Z,
scripts/phase3/crops/tyranids/122lero_82096eaba983__30.jpg,annotation,,,,tyranids,,,,,,2026-04-16T22:29:40Z,
scripts/phase3/crops/tyranids/122lero_82096eaba983__32.jpg,annotation,,,,tyranids,termagants,annotation,,,gallery,2026-04-16T22:29:40Z,
scripts/phase3/crops/tyranids/122lero_82096eaba983__34.jpg,annotation,,,,tyranids,termagants,annotation,,,gallery,2026-04-16T22:29:40Z,
scripts/phase3/crops/tyranids/122lero_82096eaba983__36.jpg,annotation,,,,tyranids,hive_guard,annotation,,,gallery,2026-04-16T22:29:40Z,
scripts/phase3/crops/tyranids/122lero_82096eaba983__50.jpg,annotation,,,,tyranids,termagants,annotation,,,gallery,2026-04-16T22:29:40Z,
scripts/phase3/crops/tyranids/122lero_82096eaba983__52.jpg,annotation,,,,tyranids,hormagaunts,annotation,,,gallery,2026-04-16T22:29:40Z,
scripts/phase3/crops/tyranids/122lero_82096eaba983__54.jpg,annotation,,,,tyranids,hive_tyrant,annotation,,,gallery,2026-04-16T22:29:40Z,
scripts/phase3/crops/tyranids/122lero_82096eaba983__57.jpg,annotation,,,,tyranids,ripper_swarms,annotation,,,gallery,2026-04-16T22:29:40Z,
scripts/phase3/crops/tyranids/122lero_82096eaba983__61.jpg,annotation,,,,tyranids,termagants,annotation,,,gallery,2026-04-16T22:29:40Z,
scripts/phase3/crops/tyranids/122lero_82096eaba983__70.jpg,annotation,,,,tyranids,termagants,annotation,,,gallery,2026-04-16T22:29:40Z,
scripts/phase3/crops/tyranids/122lero_82096eaba983__76.jpg,annotation,,,,tyranids,termagants,annotation,,,gallery,2026-04-16T22:29:40Z,
scripts/phase3/crops/tyranids/12chle6_1b9e5bbdf7aa__02.jpg,annotation,,,,tyranids,gargoyles,annotation,,,query,2026-04-16T22:29:40Z,
scripts/phase3/crops/tyranids/12chle6_1b9e5bbdf7aa__07.jpg,annotation,,,,tyranids,,,,,,2026-04-16T22:29:40Z,target: gargoyles sim=0.78
scripts/phase3/crops/tyranids/12chle6_1b9e5bbdf7aa__08.jpg,annotation,,,,tyranids,gargoyles,annotation,,,gallery,2026-04-16T22:29:40Z,
scripts/phase3/crops/tyranids/12jqm3y_2ddf6f850e3c__00.jpg,annotation,,,,tyranids,,,,,,2026-04-16T22:29:40Z,target: carnifex sim=0.84
scripts/phase3/crops/tyranids/12jqm3y_46c259e5eb76__00.jpg,annotation,,,,tyranids,carnifex,annotation,,,gallery,2026-04-16T22:29:40Z,
scripts/phase3/crops/tyranids/13oxa8b_5f1025e3c195__04.jpg,annotation,,,,tyranids,,,,,,2026-04-16T22:29:40Z,
scripts/phase3/crops/tyranids/14kujha_a92f261b1099__05.jpg,annotation,,,,tyranids,termagants,annotation,,,gallery,2026-04-16T22:29:40Z,
scripts/phase3/crops/tyranids/14kujha_a92f261b1099__14.jpg,annotation,,,,tyranids,termagants,annotation,,,gallery,2026-04-16T22:29:40Z,
scripts/phase3/crops/tyranids/14kujha_a92f261b1099__17.jpg,annotation,,,,tyranids,termagants,annotation,,,gallery,2026-04-16T22:29:40Z,
scripts/phase3/crops/tyranids/14qah7y_e2eef9dbcb76__02.jpg,annotation,,,,tyranids,neurogaunts,annotation,,,gallery,2026-04-16T22:29:40Z,
scripts/phase3/crops/tyranids/14qzyyd_4f747c92d3a6__18.jpg,annotation,,,,tyranids,termagants,annotation,,,gallery,2026-04-16T22:29:40Z,
scripts/phase3/crops/tyranids/155x3j1_e06889556a36__01.jpg,annotation,,,,tyranids,termagants,annotation,,,gallery,2026-04-16T22:29:40Z,
scripts/phase3/crops/tyranids/155x3j1_e06889556a36__05.jpg,annotation,,,,tyranids,termagants,annotation,,,query,2026-04-16T22:29:40Z,
scripts/phase3/crops/tyranids/155x3j1_e06889556a36__06.jpg,annotation,,,,tyranids,termagants,annotation,,,gallery,2026-04-16T22:29:40Z,
scripts/phase3/crops/ynnari/117ws71_b4058bad3010__03.jpg,annotation,,,,ynnari,howling_banshees,annotation,,,gallery,2026-04-16T22:29:40Z,
scripts/phase3/crops/ynnari/12k8x12_33624d88f938__00.jpg,annotation,,,,ynnari,guardian_defenders,annotation,,,query,2026-04-16T22:29:40Z,
scripts/phase3/crops/ynnari/12k8x12_65d4aab31663__02.jpg,annotation,,,,ynnari,dark_reapers,annotation,,,query,2026-04-16T22:29:40Z,
scripts/phase3/crops/ynnari/12k8x12_65d4aab31663__03.jpg,annotation,,,,ynnari,dark_reapers,annotation,,,gallery,2026-04-16T22:29:40Z,
scripts/phase3/crops/ynnari/12k8x12_65d4aab31663__04.jpg,annotation,,,,ynnari,,,,,,2026-04-16T22:29:40Z,target: guardian_defenders sim=0.79
scripts/phase3/crops/ynnari/12k8x12_65d4aab31663__07.jpg,annotation,,,,ynnari,dark_reapers,annotation,,,gallery,2026-04-16T22:29:40Z,
scripts/phase3/crops/ynnari/12k8x12_65d4aab31663__08.jpg,annotation,,,,ynnari,dark_reapers,annotation,,,gallery,2026-04-16T22:29:40Z,
scripts/phase3/crops/ynnari/12k8x12_65d4aab31663__09.jpg,annotation,,,,ynnari,guardian_defenders,annotation,,,gallery,2026-04-16T22:29:40Z,
scripts/phase3/crops/ynnari/12ljebr_0126d16dabec__00.jpg,annotation,,,,ynnari,falcon,annotation,,,gallery,2026-04-16T22:29:40Z,
scripts/phase3/crops/ynnari/12ljebr_319587223b94__00.jpg,annotation,,,,ynnari,falcon,annotation,,,query,2026-04-16T22:29:40Z,
scripts/phase3/crops/ynnari/12ses2u_4c62e5ec2b70__00.jpg,annotation,,,,ynnari,rangers,annotation,,,gallery,2026-04-16T22:29:40Z,
scripts/phase3/crops/ynnari/12ses2u_4c62e5ec2b70__01.jpg,annotation,,,,ynnari,rangers,annotation,,,gallery,2026-04-16T22:29:40Z,
scripts/phase3/crops/ynnari/12ses2u_4c62e5ec2b70__02.jpg,annotation,,,,ynnari,rangers,annotation,,,query,2026-04-16T22:29:40Z,
scripts/phase3/crops/ynnari/12ses2u_5ce1ee61cff9__00.jpg,annotation,,,,ynnari,rangers,annotation,,,gallery,2026-04-16T22:29:40Z,
scripts/phase3/crops/ynnari/12ses2u_b505eced4b2b__01.jpg,annotation,,,,ynnari,rangers,annotation,,,gallery,2026-04-16T22:29:40Z,
scripts/phase3/crops/ynnari/12ses2u_b505eced4b2b__02.jpg,annotation,,,,ynnari,rangers,annotation,,,gallery,2026-04-16T22:29:40Z,
scripts/phase3/crops/ynnari/130alsp_38880b406871__00.jpg,annotation,,,,ynnari,,,,,,2026-04-16T22:29:40Z,target: fire_prism sim=0.85
scripts/phase3/crops/ynnari/130alsp_38880b406871__02.jpg,annotation,,,,ynnari,,,,,,2026-04-16T22:29:40Z,
scripts/phase3/crops/ynnari/130alsp_38880b406871__03.jpg,annotation,,,,ynnari,,,,,,2026-04-16T22:29:40Z,
scripts/phase3/crops/ynnari/1359faz_7628e94422cc__00.jpg,annotation,,,,ynnari,fire_prism,annotation,,,gallery,2026-04-16T22:29:40Z,
scripts/phase3/crops/ynnari/1359faz_7628e94422cc__01.jpg,annotation,,,,ynnari,,,,,,2026-04-16T22:29:40Z,target: fire_prism sim=0.85
scripts/phase3/crops/ynnari/1359faz_7628e94422cc__02.jpg,annotation,,,,ynnari,,,,,,2026-04-16T22:29:40Z,target: fire_prism sim=0.81
scripts/phase3/crops/ynnari/13dyvdf_1571c29419c8__00.jpg,annotation,,,,ynnari,,,,,,2026-04-16T22:29:40Z,target: spiritseer sim=0.79
scripts/phase3/crops/ynnari/13dyvdf_1571c29419c8__02.jpg,annotation,,,,ynnari,spiritseer,annotation,,,gallery,2026-04-16T22:29:40Z,
scripts/phase3/crops/ynnari/13dyvdf_52bb1adc5984__00.jpg,annotation,,,,ynnari,,,,,,2026-04-16T22:29:40Z,target: spiritseer sim=0.79
scripts/phase3/crops/ynnari/13dyvdf_7ce755af57a6__00.jpg,annotation,,,,ynnari,,,,,,2026-04-16T22:29:40Z,target: spiritseer sim=0.87
scripts/phase3/crops/ynnari/13dyvdf_ffa3a6c3ca54__00.jpg,annotation,,,,ynnari,,,,,,2026-04-16T22:29:40Z,target: spiritseer sim=0.78
scripts/phase3/crops/ynnari/13vhn3y_0c58f0cde60a__00.jpg,annotation,,,,ynnari,,,,,,2026-04-16T22:29:40Z,
scripts/warhammer_com/images/adepta_sororitas/arco_flagellants/clean/99120108032_ArcoFlagellants01.jpg,gw_shop,,,,adepta_sororitas,arco_flagellants,scraped,,,gallery,2026-04-16T22:29:40Z,
scripts/warhammer_com/images/adepta_sororitas/arco_flagellants/clean/99120108032_ArcoFlagellants02.jpg,gw_shop,,,,adepta_sororitas,arco_flagellants,scraped,,,gallery,2026-04-16T22:29:40Z,
scripts/warhammer_com/images/adepta_sororitas/arco_flagellants/clean/99120108032_ArcoFlagellants05.jpg,gw_shop,,,,adepta_sororitas,arco_flagellants,scraped,,,gallery,2026-04-16T22:29:40Z,
scripts/warhammer_com/images/adepta_sororitas/arco_flagellants_damien/clean/99120108032_ArcoFlagellantsDamien1427.jpg,gw_shop,,,,adepta_sororitas,arco_flagellants_damien,scraped,,,gallery,2026-04-16T22:29:40Z,
scripts/warhammer_com/images/adepta_sororitas/as_canoness_jump_pack/clean/99120108103_ASCanonessJumpPack1.jpg,gw_shop,,,,adepta_sororitas,as_canoness_jump_pack,scraped,,,gallery,2026-04-16T22:29:40Z,
scripts/warhammer_com/images/adepta_sororitas/as_canoness_jump_pack/clean/99120108103_ASCanonessJumpPack2.jpg,gw_shop,,,,adepta_sororitas,as_canoness_jump_pack,scraped,,,gallery,2026-04-16T22:29:40Z,
scripts/warhammer_com/images/adepta_sororitas/as_canoness_jump_pack/clean/99120108103_ASCanonessJumpPack4.jpg,gw_shop,,,,adepta_sororitas,as_canoness_jump_pack,scraped,,,gallery,2026-04-16T22:29:40Z,
scripts/warhammer_com/images/adepta_sororitas/as_canoness_jump_pack/clean/99120108103_ASCanonessJumpPack5.jpg,gw_shop,,,,adepta_sororitas,as_canoness_jump_pack,scraped,,,gallery,2026-04-16T22:29:40Z,
scripts/warhammer_com/images/adepta_sororitas/as_combat_patrol/clean/99120108100_ASCombatPatrol01.jpg,gw_shop,,,,adepta_sororitas,as_combat_patrol,scraped,,,gallery,2026-04-16T22:29:40Z,
scripts/warhammer_com/images/adepta_sororitas/as_combat_patrol/clean/99120108100_ASCombatPatrol03.jpg,gw_shop,,,,adepta_sororitas,as_combat_patrol,scraped,,,gallery,2026-04-16T22:29:40Z,
scripts/warhammer_com/images/adepta_sororitas/as_combat_patrol/clean/99120108100_ASCombatPatrol04.jpg,gw_shop,,,,adepta_sororitas,as_combat_patrol,scraped,,,gallery,2026-04-16T22:29:40Z,
scripts/warhammer_com/images/adepta_sororitas/as_combat_patrol/clean/99120108100_ASCombatPatrol05.jpg,gw_shop,,,,adepta_sororitas,as_combat_patrol,scraped,,,gallery,2026-04-16T22:29:40Z,
scripts/warhammer_com/images/adepta_sororitas/as_ministorum_priest/clean/99070108011_ASMinistorumPriest01.jpg,gw_shop,,,,adepta_sororitas,as_ministorum_priest,scraped,,,gallery,2026-04-16T22:29:40Z,
scripts/warhammer_com/images/adepta_sororitas/as_ministorum_priest/clean/99070108011_ASMinistorumPriest02.jpg,gw_shop,,,,adepta_sororitas,as_ministorum_priest,scraped,,,gallery,2026-04-16T22:29:40Z,
scripts/warhammer_com/images/adepta_sororitas/as_ministorum_priest_with_vindictor/clean/99070108012_ASMinistorumPriestWithVindictor01.jpg,gw_shop,,,,adepta_sororitas,as_ministorum_priest_with_vindictor,scraped,,,gallery,2026-04-16T22:29:40Z,
scripts/warhammer_com/images/adepta_sororitas/as_ministorum_priest_with_vindictor/clean/99070108012_ASMinistorumPriestWithVindictor02.jpg,gw_shop,,,,adepta_sororitas,as_ministorum_priest_with_vindictor,scraped,,,gallery,2026-04-16T22:29:40Z,
scripts/warhammer_com/images/adepta_sororitas/as_mortifier/clean/99120108035_ASMortifierLead.jpg,gw_shop,,,,adepta_sororitas,as_mortifier,scraped,,,gallery,2026-04-16T22:29:40Z,
scripts/warhammer_com/images/adepta_sororitas/calanath_group/clean/99120108121_CalanathGroup1.jpg,gw_shop,,,,adepta_sororitas,calanath_group,scraped,,,gallery,2026-04-16T22:29:40Z,
scripts/warhammer_com/images/adepta_sororitas/daemonifuge_ephrael_stern_kyganil/clean/99120199073_DaemonifugeEphraelSternKyganilLead.jpg,gw_shop,,,,adepta_sororitas,daemonifuge_ephrael_stern_kyganil,scraped,,,gallery,2026-04-16T22:29:40Z,
scripts/warhammer_com/images/adepta_sororitas/daemonifuge_ephrael_stern_kyganil_feature/clean/99120199073_DaemonifugeEphraelSternKyganilFeature01.jpg,gw_shop,,,,adepta_sororitas,daemonifuge_ephrael_stern_kyganil_feature,scraped,,,gallery,2026-04-16T22:29:40Z,
scripts/warhammer_com/images/adepta_sororitas/daemonifuge_ephrael_stern_kyganil_feature/clean/99120199073_DaemonifugeEphraelSternKyganilFeature02.jpg,gw_shop,,,,adepta_sororitas,daemonifuge_ephrael_stern_kyganil_feature,scraped,,,gallery,2026-04-16T22:29:40Z,
scripts/warhammer_com/images/adepta_sororitas/daemonifuge_ephrael_stern_kyganil_stock/clean/99120199073_DaemonifugeEphraelSternKyganilStock.jpg,gw_shop,,,,adepta_sororitas,daemonifuge_ephrael_stern_kyganil_stock,scraped,,,gallery,2026-04-16T22:29:40Z,
scripts/warhammer_com/images/adepta_sororitas/hospitaller/clean/99120108024_Hospitaller01.jpg,gw_shop,,,,adepta_sororitas,hospitaller,scraped,,,gallery,2026-04-16T22:29:40Z,
scripts/warhammer_com/images/adepta_sororitas/hospitaller/clean/99120108024_Hospitaller02.jpg,gw_shop,,,,adepta_sororitas,hospitaller,scraped,,,gallery,2026-04-16T22:29:40Z,
scripts/warhammer_com/images/adepta_sororitas/hospitaller/clean/99120108024_Hospitaller05.jpg,gw_shop,,,,adepta_sororitas,hospitaller,scraped,,,gallery,2026-04-16T22:29:40Z,
scripts/warhammer_com/images/adepta_sororitas/junith_eruita/clean/99120108026_JunithEruita01.jpg,gw_shop,,,,adepta_sororitas,junith_eruita,scraped,,,gallery,2026-04-16T22:29:40Z,
scripts/warhammer_com/images/adepta_sororitas/junith_eruita/clean/99120108026_JunithEruita02.jpg,gw_shop,,,,adepta_sororitas,junith_eruita,scraped,,,gallery,2026-04-16T22:29:40Z,
scripts/warhammer_com/images/adepta_sororitas/junith_eruita/clean/99120108026_JunithEruita05.jpg,gw_shop,,,,adepta_sororitas,junith_eruita,scraped,,,gallery,2026-04-16T22:29:40Z,
scripts/warhammer_com/images/adepta_sororitas/kill_team_adepta_sororitas_novitiates/clean/99120108121_KillTeamAdeptaSororitasNovitiates20251.jpg,gw_shop,,,,adepta_sororitas,kill_team_adepta_sororitas_novitiates,scraped,,,gallery,2026-04-16T22:29:40Z,
scripts/warhammer_com/images/adepta_sororitas/kill_team_adepta_sororitas_novitiates/clean/99120108121_KillTeamAdeptaSororitasNovitiates20252.jpg,gw_shop,,,,adepta_sororitas,kill_team_adepta_sororitas_novitiates,scraped,,,gallery,2026-04-16T22:29:40Z,
scripts/warhammer_com/images/adepta_sororitas/kill_team_adepta_sororitas_novitiates/clean/99120108121_KillTeamAdeptaSororitasNovitiates20253.jpg,gw_shop,,,,adepta_sororitas,kill_team_adepta_sororitas_novitiates,scraped,,,gallery,2026-04-16T22:29:40Z,
scripts/warhammer_com/images/adepta_sororitas/kill_team_adepta_sororitas_novitiates/clean/99120108121_KillTeamAdeptaSororitasNovitiates20254.jpg,gw_shop,,,,adepta_sororitas,kill_team_adepta_sororitas_novitiates,scraped,,,gallery,2026-04-16T22:29:40Z,
scripts/warhammer_com/images/adepta_sororitas/kill_team_adepta_sororitas_novitiates/clean/99120108121_KillTeamAdeptaSororitasNovitiates20255.jpg,gw_shop,,,,adepta_sororitas,kill_team_adepta_sororitas_novitiates,scraped,,,gallery,2026-04-16T22:29:40Z,
scripts/warhammer_com/images/adepta_sororitas/kill_team_sanctifiers/clean/99120108116_KillTeamSanctifiers01.jpg,gw_shop,,,,adepta_sororitas,kill_team_sanctifiers,scraped,,,gallery,2026-04-16T22:29:40Z,
scripts/warhammer_com/images/adepta_sororitas/kill_team_sanctifiers/clean/99120108116_KillTeamSanctifiers05.jpg,gw_shop,,,,adepta_sororitas,kill_team_sanctifiers,scraped,,,gallery,2026-04-16T22:29:40Z,
scripts/warhammer_com/images/adepta_sororitas/kill_team_sanctifiers/clean/99120108116_KillTeamSanctifiers2.jpg,gw_shop,,,,adepta_sororitas,kill_team_sanctifiers,scraped,,,gallery,2026-04-16T22:29:40Z,
scripts/warhammer_com/images/adepta_sororitas/kill_team_sanctifiers/clean/99120108116_KillTeamSanctifiers3.jpg,gw_shop,,,,adepta_sororitas,kill_team_sanctifiers,scraped,,,gallery,2026-04-16T22:29:40Z,
scripts/warhammer_com/images/adepta_sororitas/kill_team_sanctifiers/clean/99120108116_KillTeamSanctifiers4.jpg,gw_shop,,,,adepta_sororitas,kill_team_sanctifiers,scraped,,,gallery,2026-04-16T22:29:40Z,
scripts/warhammer_com/images/adepta_sororitas/kill_team_sanctifiers/clean/99120108116_KillTeamSanctifiers6.jpg,gw_shop,,,,adepta_sororitas,kill_team_sanctifiers,scraped,,,gallery,2026-04-16T22:29:40Z,
scripts/warhammer_com/images/adepta_sororitas/palatine/clean/99070108007_PalatineLead.jpg,gw_shop,,,,adepta_sororitas,palatine,scraped,,,gallery,2026-04-16T22:29:40Z,
scripts/warhammer_com/images/adepta_sororitas/palatine_feature/clean/99070108007_PalatineFeature.jpg,gw_shop,,,,adepta_sororitas,palatine_feature,scraped,,,gallery,2026-04-16T22:29:40Z,
scripts/warhammer_com/images/adepta_sororitas/palatine_stock/clean/99070108007_PalatineStock.jpg,gw_shop,,,,adepta_sororitas,palatine_stock,scraped,,,gallery,2026-04-16T22:29:40Z,
scripts/warhammer_com/images/adepta_sororitas/penitent_engines/clean/99120108035_PenitentEngines01.jpg,gw_shop,,,,adepta_sororitas,penitent_engines,scraped,,,gallery,2026-04-16T22:29:40Z,
scripts/warhammer_com/images/adepta_sororitas/penitent_engines/clean/99120108035_PenitentEngines04.jpg,gw_shop,,,,adepta_sororitas,penitent_engines,scraped,,,gallery,2026-04-16T22:29:40Z,
scripts/warhammer_com/images/adepta_sororitas/penitent_engines/clean/99120108035_PenitentEngines05.jpg,gw_shop,,,,adepta_sororitas,penitent_engines,scraped,,,gallery,2026-04-16T22:29:40Z,
scripts/warhammer_com/images/adepta_sororitas/penitent_engines_mortifiers_stock/clean/99120108059_PenitentEnginesMortifiersStock.jpg,gw_shop,,,,adepta_sororitas,penitent_engines_mortifiers_stock,scraped,,,gallery,2026-04-16T22:29:40Z,
scripts/warhammer_com/images/adepta_sororitas/rhino/clean/99120108039_RhinoLead.jpg,gw_shop,,,,adepta_sororitas,rhino,scraped,,,gallery,2026-04-16T22:29:40Z,
scripts/warhammer_com/images/adepta_sororitas/rhino_detail/clean/99120108039_RhinoDetail.jpg,gw_shop,,,,adepta_sororitas,rhino_detail,scraped,,,gallery,2026-04-16T22:29:40Z,
scripts/warhammer_com/images/adepta_sororitas/rhino_feature/clean/99120108039_RhinoFeature.jpg,gw_shop,,,,adepta_sororitas,rhino_feature,scraped,,,gallery,2026-04-16T22:29:40Z,
scripts/warhammer_com/images/adepta_sororitas/rhino_group/clean/99120108039_RhinoGroup.jpg,gw_shop,,,,adepta_sororitas,rhino_group,scraped,,,gallery,2026-04-16T22:29:40Z,
scripts/warhammer_com/images/adepta_sororitas/rhino_stock/clean/99120108039_RhinoStock.jpg,gw_shop,,,,adepta_sororitas,rhino_stock,scraped,,,gallery,2026-04-16T22:29:40Z,
scripts/warhammer_com/images/adepta_sororitas/seraphim_zephyrim/clean/99120108040_SeraphimZephyrimLead.jpg,gw_shop,,,,adepta_sororitas,seraphim_zephyrim,scraped,,,gallery,2026-04-16T22:29:40Z,
scripts/warhammer_com/images/adepta_sororitas/seraphim_zephyrim_feature/clean/99120108040_SeraphimZephyrimFeature01.jpg,gw_shop,,,,adepta_sororitas,seraphim_zephyrim_feature,scraped,,,gallery,2026-04-16T22:29:40Z,
scripts/warhammer_com/images/adepta_sororitas/seraphim_zephyrim_feature/clean/99120108040_SeraphimZephyrimFeature02.jpg,gw_shop,,,,adepta_sororitas,seraphim_zephyrim_feature,scraped,,,gallery,2026-04-16T22:29:40Z,
scripts/warhammer_com/images/adepta_sororitas/seraphim_zephyrim_group/clean/99120108040_SeraphimZephyrimGroup.jpg,gw_shop,,,,adepta_sororitas,seraphim_zephyrim_group,scraped,,,gallery,2026-04-16T22:29:40Z,
scripts/warhammer_com/images/adepta_sororitas/sister_amalia_novena/clean/99120108020_SisterAmaliaNovena01.jpg,gw_shop,,,,adepta_sororitas,sister_amalia_novena,scraped,,,gallery,2026-04-16T22:29:40Z,
scripts/warhammer_com/images/adepta_sororitas/sister_amalia_novena/clean/99120108020_SisterAmaliaNovena02.jpg,gw_shop,,,,adepta_sororitas,sister_amalia_novena,scraped,,,gallery,2026-04-16T22:29:40Z,
scripts/warhammer_com/images/adepta_sororitas/sister_amalia_novena/clean/99120108020_SisterAmaliaNovena03.jpg,gw_shop,,,,adepta_sororitas,sister_amalia_novena,scraped,,,gallery,2026-04-16T22:29:40Z,
scripts/warhammer_com/images/adepta_sororitas/so_b_aestred_thurga_relinquantat_arms/clean/99120108050_SoBAestredThurgaRelinquantatArmsLead.jpg,gw_shop,,,,adepta_sororitas,so_b_aestred_thurga_relinquantat_arms,scraped,,,gallery,2026-04-16T22:29:40Z,
scripts/warhammer_com/images/adepta_sororitas/so_b_aestred_thurga_relinquantat_arms_feature/clean/99120108050_SoBAestredThurgaRelinquantatArmsFeature.jpg,gw_shop,,,,adepta_sororitas,so_b_aestred_thurga_relinquantat_arms_feature,scraped,,,gallery,2026-04-16T22:29:40Z,
scripts/warhammer_com/images/adepta_sororitas/so_b_aestred_thurga_relinquantat_arms_stock/clean/99120108050_SoBAestredThurgaRelinquantatArmsStock.jpg,gw_shop,,,,adepta_sororitas,so_b_aestred_thurga_relinquantat_arms_stock,scraped,,,gallery,2026-04-16T22:29:40Z,
scripts/warhammer_com/images/adepta_sororitas/so_b_canoness/clean/99120108034_SoBCanonessLead.jpg,gw_shop,,,,adepta_sororitas,so_b_canoness,scraped,,,gallery,2026-04-16T22:29:40Z,
scripts/warhammer_com/images/adepta_sororitas/so_b_canoness_detail/clean/99120108034_SoBCanonessDetail.jpg,gw_shop,,,,adepta_sororitas,so_b_canoness_detail,scraped,,,gallery,2026-04-16T22:29:40Z,
scripts/warhammer_com/images/adepta_sororitas/so_b_canoness_feature/clean/99120108034_SoBCanonessFeature.jpg,gw_shop,,,,adepta_sororitas,so_b_canoness_feature,scraped,,,gallery,2026-04-16T22:29:40Z,
scripts/warhammer_com/images/adepta_sororitas/so_b_canoness_group/clean/99120108034_SoBCanonessGroup.jpg,gw_shop,,,,adepta_sororitas,so_b_canoness_group,scraped,,,gallery,2026-04-16T22:29:40Z,
scripts/warhammer_com/images/adepta_sororitas/so_b_canoness_stock/clean/99120108034_SoBCanonessStock.jpg,gw_shop,,,,adepta_sororitas,so_b_canoness_stock,scraped,,,gallery,2026-04-16T22:29:40Z,
scripts/warhammer_com/images/adepta_sororitas/so_b_castigator/clean/99120108048_SoBCastigatorLead.jpg,gw_shop,,,,adepta_sororitas,so_b_castigator,scraped,,,gallery,2026-04-16T22:29:40Z,
scripts/warhammer_com/images/adepta_sororitas/so_b_castigator_feature/clean/99120108048_SoBCastigatorFeature01.jpg,gw_shop,,,,adepta_sororitas,so_b_castigator_feature,scraped,,,gallery,2026-04-16T22:29:40Z,
scripts/warhammer_com/images/adepta_sororitas/so_b_castigator_feature/clean/99120108048_SoBCastigatorFeature02.jpg,gw_shop,,,,adepta_sororitas,so_b_castigator_feature,scraped,,,gallery,2026-04-16T22:29:40Z,
scripts/warhammer_com/images/adepta_sororitas/so_b_castigator_stock/clean/99120108048_SoBCastigatorStock.jpg,gw_shop,,,,adepta_sororitas,so_b_castigator_stock,scraped,,,gallery,2026-04-16T22:29:40Z,
scripts/warhammer_com/images/adepta_sororitas/so_b_celestian_sacresants/clean/99120108045_SoBCelestianSacresantsLead.jpg,gw_shop,,,,adepta_sororitas,so_b_celestian_sacresants,scraped,,,gallery,2026-04-16T22:29:40Z,
scripts/warhammer_com/images/adepta_sororitas/so_b_celestian_sacresants_feature/clean/99120108045_SoBCelestianSacresantsFeature.jpg,gw_shop,,,,adepta_sororitas,so_b_celestian_sacresants_feature,scraped,,,gallery,2026-04-16T22:29:40Z,
scripts/warhammer_com/images/adepta_sororitas/so_b_celestian_sacresants_stock/clean/99120108045_SoBCelestianSacresantsStock.jpg,gw_shop,,,,adepta_sororitas,so_b_celestian_sacresants_stock,scraped,,,gallery,2026-04-16T22:29:40Z,
scripts/warhammer_com/images/adepta_sororitas/so_b_dialogus/clean/99120108022_SoBDialogusLead.jpg,gw_shop,,,,adepta_sororitas,so_b_dialogus,scraped,,,gallery,2026-04-16T22:29:40Z,
scripts/warhammer_com/images/adepta_sororitas/so_b_dialogus_feature/clean/99120108022_SoBDialogusFeature.jpg,gw_shop,,,,adepta_sororitas,so_b_dialogus_feature,scraped,,,gallery,2026-04-16T22:29:40Z,
scripts/warhammer_com/images/adepta_sororitas/so_b_dialogus_stock/clean/99120108022_SoBDialogusStock.jpg,gw_shop,,,,adepta_sororitas,so_b_dialogus_stock,scraped,,,gallery,2026-04-16T22:29:40Z,
scripts/warhammer_com/images/adepta_sororitas/so_b_dominions/clean/99120108033_SoBDominions1.jpg,gw_shop,,,,adepta_sororitas,so_b_dominions,scraped,,,gallery,2026-04-16T22:29:40Z,
scripts/warhammer_com/images/adepta_sororitas/so_b_exorcist/clean/99120108023_SoBExorcist01.jpg,gw_shop,,,,adepta_sororitas,so_b_exorcist,scraped,,,gallery,2026-04-16T22:29:40Z,
scripts/warhammer_com/images/adepta_sororitas/so_b_exorcist/clean/99120108023_SoBExorcist02.jpg,gw_shop,,,,adepta_sororitas,so_b_exorcist,scraped,,,gallery,2026-04-16T22:29:40Z,
scripts/warhammer_com/images/adepta_sororitas/so_b_exorcist/clean/99120108023_SoBExorcist06.jpg,gw_shop,,,,adepta_sororitas,so_b_exorcist,scraped,,,gallery,2026-04-16T22:29:40Z,
scripts/warhammer_com/images/adepta_sororitas/so_b_exorcist_details_extra/clean/99120108023_SoBExorcistDetailsExtra.jpg,gw_shop,,,,adepta_sororitas,so_b_exorcist_details_extra,scraped,,,gallery,2026-04-16T22:29:40Z,
scripts/warhammer_com/images/adepta_sororitas/so_b_imagifier/clean/99070108006_SoBImagifierLead.jpg,gw_shop,,,,adepta_sororitas,so_b_imagifier,scraped,,,gallery,2026-04-16T22:29:40Z,
scripts/warhammer_com/images/adepta_sororitas/so_b_imagifier_feature/clean/99070108006_SoBImagifierFeature.jpg,gw_shop,,,,adepta_sororitas,so_b_imagifier_feature,scraped,,,gallery,2026-04-16T22:29:40Z,
scripts/warhammer_com/images/adepta_sororitas/so_b_imagifier_stock/clean/99070108006_SoBImagifierStock.jpg,gw_shop,,,,adepta_sororitas,so_b_imagifier_stock,scraped,,,gallery,2026-04-16T22:29:40Z,
scripts/warhammer_com/images/adepta_sororitas/so_b_immolator/clean/99120108025_SoBImmolatorLead.jpg,gw_shop,,,,adepta_sororitas,so_b_immolator,scraped,,,gallery,2026-04-16T22:29:40Z,
scripts/warhammer_com/images/adepta_sororitas/so_b_immolator_detail/clean/99120108025_SoBImmolatorDetail.jpg,gw_shop,,,,adepta_sororitas,so_b_immolator_detail,scraped,,,gallery,2026-04-16T22:29:40Z,
scripts/warhammer_com/images/adepta_sororitas/so_b_immolator_feature/clean/99120108025_SoBImmolatorFeature.jpg,gw_shop,,,,adepta_sororitas,so_b_immolator_feature,scraped,,,gallery,2026-04-16T22:29:40Z,
scripts/warhammer_com/images/adepta_sororitas/so_b_immolator_stock/clean/99120108025_SoBImmolatorStock.jpg,gw_shop,,,,adepta_sororitas,so_b_immolator_stock,scraped,,,gallery,2026-04-16T22:29:40Z,
scripts/warhammer_com/images/adepta_sororitas/so_b_morvenn_vahl_abbess_sanctorum/clean/99120108047_SoBMorvennVahlAbbessSanctorumLead.jpg,gw_shop,,,,adepta_sororitas,so_b_morvenn_vahl_abbess_sanctorum,scraped,,,gallery,2026-04-16T22:29:40Z,
scripts/warhammer_com/images/adepta_sororitas/so_b_morvenn_vahl_abbess_sanctorum_feature/clean/99120108047_SoBMorvennVahlAbbessSanctorumFeature.jpg,gw_shop,,,,adepta_sororitas,so_b_morvenn_vahl_abbess_sanctorum_feature,scraped,,,gallery,2026-04-16T22:29:40Z,
scripts/warhammer_com/images/adepta_sororitas/so_b_morvenn_vahl_abbess_sanctorum_stock/clean/99120108047_SoBMorvennVahlAbbessSanctorumStock.jpg,gw_shop,,,,adepta_sororitas,so_b_morvenn_vahl_abbess_sanctorum_stock,scraped,,,gallery,2026-04-16T22:29:40Z,
scripts/warhammer_com/images/adepta_sororitas/so_b_paragon_warsuits/clean/99120108046_SoBParagonWarsuitsLead.jpg,gw_shop,,,,adepta_sororitas,so_b_paragon_warsuits,scraped,,,gallery,2026-04-16T22:29:40Z,
scripts/warhammer_com/images/adepta_sororitas/so_b_paragon_warsuits_feature/clean/99120108046_SoBParagonWarsuitsFeature.jpg,gw_shop,,,,adepta_sororitas,so_b_paragon_warsuits_feature,scraped,,,gallery,2026-04-16T22:29:40Z,
scripts/warhammer_com/images/adepta_sororitas/so_b_paragon_warsuits_stock/clean/99120108046_SoBParagonWarsuitsStock.jpg,gw_shop,,,,adepta_sororitas,so_b_paragon_warsuits_stock,scraped,,,gallery,2026-04-16T22:29:40Z,
scripts/warhammer_com/images/adepta_sororitas/so_b_rep_squad/clean/99120108036_SoBRepSquadLead.jpg,gw_shop,,,,adepta_sororitas,so_b_rep_squad,scraped,,,gallery,2026-04-16T22:29:40Z,
scripts/warhammer_com/images/adepta_sororitas/so_b_rep_squad_feature/clean/99120108036_SoBRepSquadFeature1.jpg,gw_shop,,,,adepta_sororitas,so_b_rep_squad_feature,scraped,,,gallery,2026-04-16T22:29:40Z,
scripts/warhammer_com/images/adepta_sororitas/so_b_rep_squad_feature/clean/99120108036_SoBRepSquadFeature2.jpg,gw_shop,,,,adepta_sororitas,so_b_rep_squad_feature,scraped,,,gallery,2026-04-16T22:29:40Z,
scripts/warhammer_com/images/adepta_sororitas/so_b_rep_squad_stock/clean/99120108036_SoBRepSquadStock.jpg,gw_shop,,,,adepta_sororitas,so_b_rep_squad_stock,scraped,,,gallery,2026-04-16T22:29:40Z,
scripts/warhammer_com/images/adepta_sororitas/so_b_retributor_squad/clean/99120108038_SoBRetributorSquad01.jpg,gw_shop,,,,adepta_sororitas,so_b_retributor_squad,scraped,,,gallery,2026-04-16T22:29:40Z,
scripts/warhammer_com/images/adepta_sororitas/so_b_retributor_squad/clean/99120108038_SoBRetributorSquad02.jpg,gw_shop,,,,adepta_sororitas,so_b_retributor_squad,scraped,,,gallery,2026-04-16T22:29:40Z,
scripts/warhammer_com/images/adepta_sororitas/so_b_retributor_squad/clean/99120108038_SoBRetributorSquad03.jpg,gw_shop,,,,adepta_sororitas,so_b_retributor_squad,scraped,,,gallery,2026-04-16T22:29:40Z,
scripts/warhammer_com/images/adepta_sororitas/so_b_retributor_squad_box/clean/99120108038_SoBRetributorSquadBox.jpg,gw_shop,,,,adepta_sororitas,so_b_retributor_squad_box,scraped,,,gallery,2026-04-16T22:29:40Z,
scripts/warhammer_com/images/adepta_sororitas/so_b_sister_dogmata/clean/99070108008_SoBSisterDogmataLead.jpg,gw_shop,,,,adepta_sororitas,so_b_sister_dogmata,scraped,,,gallery,2026-04-16T22:29:40Z,
scripts/warhammer_com/images/adepta_sororitas/so_b_sister_dogmata_feature/clean/99070108008_SoBSisterDogmataFeature.jpg,gw_shop,,,,adepta_sororitas,so_b_sister_dogmata_feature,scraped,,,gallery,2026-04-16T22:29:40Z,
scripts/warhammer_com/images/adepta_sororitas/so_b_squad/clean/99120108033_SoBSquad01.jpg,gw_shop,,,,adepta_sororitas,so_b_squad,scraped,,,gallery,2026-04-16T22:29:40Z,
scripts/warhammer_com/images/adepta_sororitas/so_b_squad/clean/99120108033_SoBSquad04.jpg,gw_shop,,,,adepta_sororitas,so_b_squad,scraped,,,gallery,2026-04-16T22:29:40Z,
scripts/warhammer_com/images/adepta_sororitas/so_b_squad_box/clean/99120108033_SoBSquadBox.jpg,gw_shop,,,,adepta_sororitas,so_b_squad_box,scraped,,,gallery,2026-04-16T22:29:40Z,
scripts/warhammer_com/images/adepta_sororitas/so_bascp_transfer/clean/99120108044_SoBASCPTransfer.jpg,gw_shop,,,,adepta_sororitas,so_bascp_transfer,scraped,,,gallery,2026-04-16T22:29:40Z,
scripts/warhammer_com/images/adepta_sororitas/triumphof_katherine/clean/99120108037_TriumphofKatherine01.jpg,gw_shop,,,,adepta_sororitas,triumphof_katherine,scraped,,,gallery,2026-04-16T22:29:40Z,
scripts/warhammer_com/images/adepta_sororitas/triumphof_katherine/clean/99120108037_TriumphofKatherine02.jpg,gw_shop,,,,adepta_sororitas,triumphof_katherine,scraped,,,gallery,2026-04-16T22:29:40Z,
scripts/warhammer_com/images/adepta_sororitas/triumphof_katherine/clean/99120108037_TriumphofKatherine03.jpg,gw_shop,,,,adepta_sororitas,triumphof_katherine,scraped,,,gallery,2026-04-16T22:29:40Z,
scripts/warhammer_com/images/adepta_sororitas/triumphof_katherine/clean/99120108037_TriumphofKatherine04.jpg,gw_shop,,,,adepta_sororitas,triumphof_katherine,scraped,,,gallery,2026-04-16T22:29:40Z,
scripts/warhammer_com/images/adepta_sororitas/triumphof_katherine/clean/99120108037_TriumphofKatherine08.jpg,gw_shop,,,,adepta_sororitas,triumphof_katherine,scraped,,,gallery,2026-04-16T22:29:40Z,
scripts/warhammer_com/images/adepta_sororitas/triumvirateofthe_imperium/clean/99120108008_TriumvirateoftheImperium06.jpg,gw_shop,,,,adepta_sororitas,triumvirateofthe_imperium,scraped,,,gallery,2026-04-16T22:29:40Z,
scripts/warhammer_com/images/adepta_sororitas/triumvirateofthe_imperium/clean/99120108008_TriumvirateoftheImperium07.jpg,gw_shop,,,,adepta_sororitas,triumvirateofthe_imperium,scraped,,,gallery,2026-04-16T22:29:40Z,
scripts/warhammer_com/images/adepta_sororitas/triumvirateofthe_imperium/clean/99120108008_TriumvirateoftheImperium08.jpg,gw_shop,,,,adepta_sororitas,triumvirateofthe_imperium,scraped,,,gallery,2026-04-16T22:29:40Z,
scripts/warhammer_com/images/adepta_sororitas/wh/clean/99120108121_WH40KAdeptaSoroitasNoviatesSquadBOX.jpg,gw_shop,,,,adepta_sororitas,wh,scraped,,,gallery,2026-04-16T22:29:40Z,
scripts/warhammer_com/images/adeptus_custodes/ac_blade_champion/clean/99070108010_ACBladeChampionLead.jpg,gw_shop,,,,adeptus_custodes,ac_blade_champion,scraped,,,gallery,2026-04-16T22:29:40Z,
scripts/warhammer_com/images/adeptus_custodes/ac_blade_champion_feature/clean/99070108010_ACBladeChampionFeature.jpg,gw_shop,,,,adeptus_custodes,ac_blade_champion_feature,scraped,,,gallery,2026-04-16T22:29:40Z,
scripts/warhammer_com/images/adeptus_custodes/ac_combat_patrol/clean/99120108094_ACCombatPatrol01.jpg,gw_shop,,,,adeptus_custodes,ac_combat_patrol,scraped,,,gallery,2026-04-16T22:29:40Z,
scripts/warhammer_com/images/adeptus_custodes/ac_combat_patrol/clean/99120108094_ACCombatPatrol02.jpg,gw_shop,,,,adeptus_custodes,ac_combat_patrol,scraped,,,gallery,2026-04-16T22:29:40Z,
scripts/warhammer_com/images/adeptus_custodes/ac_combat_patrol/clean/99120108094_ACCombatPatrol11.jpg,gw_shop,,,,adeptus_custodes,ac_combat_patrol,scraped,,,gallery,2026-04-16T22:29:40Z,
scripts/warhammer_com/images/adeptus_custodes/ac_shield_captain/clean/99120108099_ACShieldCaptain01.jpg,gw_shop,,,,adeptus_custodes,ac_shield_captain,scraped,,,gallery,2026-04-16T22:29:40Z,
scripts/warhammer_com/images/adeptus_custodes/ac_shield_captain/clean/99120108099_ACShieldCaptain02.jpg,gw_shop,,,,adeptus_custodes,ac_shield_captain,scraped,,,gallery,2026-04-16T22:29:40Z,
scripts/warhammer_com/images/adeptus_custodes/ac_shield_captain/clean/99120108099_ACShieldCaptain03.jpg,gw_shop,,,,adeptus_custodes,ac_shield_captain,scraped,,,gallery,2026-04-16T22:29:40Z,
scripts/warhammer_com/images/adeptus_custodes/aleya_valerian/clean/99120108031_AleyaValerianLead.jpg,gw_shop,,,,adeptus_custodes,aleya_valerian,scraped,,,gallery,2026-04-16T22:29:40Z,
scripts/warhammer_com/images/adeptus_custodes/aleya_valerian_feature/clean/99120108031_AleyaValerianFeature.jpg,gw_shop,,,,adeptus_custodes,aleya_valerian_feature,scraped,,,gallery,2026-04-16T22:29:40Z,
scripts/warhammer_com/images/adeptus_custodes/aleya_valerian_stock/clean/99120108031_AleyaValerianStock.jpg,gw_shop,,,,adeptus_custodes,aleya_valerian_stock,scraped,,,gallery,2026-04-16T22:29:40Z,
scripts/warhammer_com/images/adeptus_custodes/allarus_custodians/clean/99120108011_AllarusCustodians01.jpg,gw_shop,,,,adeptus_custodes,allarus_custodians,scraped,,,gallery,2026-04-16T22:29:40Z,
scripts/warhammer_com/images/adeptus_custodes/allarus_custodians/clean/99120108011_AllarusCustodians02.jpg,gw_shop,,,,adeptus_custodes,allarus_custodians,scraped,,,gallery,2026-04-16T22:29:40Z,
scripts/warhammer_com/images/adeptus_custodes/allarus_custodians/clean/99120108011_AllarusCustodians03.jpg,gw_shop,,,,adeptus_custodes,allarus_custodians,scraped,,,gallery,2026-04-16T22:29:40Z,
scripts/warhammer_com/images/adeptus_custodes/allarus_custodians/clean/99120108011_AllarusCustodians04.jpg,gw_shop,,,,adeptus_custodes,allarus_custodians,scraped,,,gallery,2026-04-16T22:29:40Z,
scripts/warhammer_com/images/adeptus_custodes/allarus_custodians/clean/99120108011_AllarusCustodians06.jpg,gw_shop,,,,adeptus_custodes,allarus_custodians,scraped,,,gallery,2026-04-16T22:29:40Z,
scripts/warhammer_com/images/adeptus_custodes/allarus_custodians/clean/99120108011_AllarusCustodians07.jpg,gw_shop,,,,adeptus_custodes,allarus_custodians,scraped,,,gallery,2026-04-16T22:29:40Z,
scripts/warhammer_com/images/adeptus_custodes/allarus_custodians_cpt/clean/99120108011_AllarusCustodiansCpt01.jpg,gw_shop,,,,adeptus_custodes,allarus_custodians_cpt,scraped,,,gallery,2026-04-16T22:29:40Z,
scripts/warhammer_com/images/adeptus_custodes/allarus_custodians_cpt/clean/99120108011_AllarusCustodiansCpt02.jpg,gw_shop,,,,adeptus_custodes,allarus_custodians_cpt,scraped,,,gallery,2026-04-16T22:29:40Z,
scripts/warhammer_com/images/adeptus_custodes/allarus_custodians_vex/clean/99120108011_AllarusCustodiansVex01.jpg,gw_shop,,,,adeptus_custodes,allarus_custodians_vex,scraped,,,gallery,2026-04-16T22:29:40Z,
scripts/warhammer_com/images/adeptus_custodes/allarus_custodians_vex/clean/99120108011_AllarusCustodiansVex02.jpg,gw_shop,,,,adeptus_custodes,allarus_custodians_vex,scraped,,,gallery,2026-04-16T22:29:40Z,
scripts/warhammer_com/images/adeptus_custodes/aquilon_terminators/clean/99560108190_AquilonTerminators01.jpg,gw_shop,,,,adeptus_custodes,aquilon_terminators,scraped,,,gallery,2026-04-16T22:29:40Z,
scripts/warhammer_com/images/adeptus_custodes/aquilon_terminators_firepikes/clean/99560108191_AquilonTerminatorsFirepikes01.jpg,gw_shop,,,,adeptus_custodes,aquilon_terminators_firepikes,scraped,,,gallery,2026-04-16T22:29:40Z,
scripts/warhammer_com/images/adeptus_custodes/aquilon_terminators_firepikes/clean/99560108191_AquilonTerminatorsFirepikes02.jpg,gw_shop,,,,adeptus_custodes,aquilon_terminators_firepikes,scraped,,,gallery,2026-04-16T22:29:40Z,
scripts/warhammer_com/images/adeptus_custodes/burning_prospero_eng/clean/60010101002_BurningProsperoENG02.jpg,gw_shop,,,,adeptus_custodes,burning_prospero_eng,scraped,,,gallery,2026-04-16T22:29:40Z,
scripts/warhammer_com/images/adeptus_custodes/contemptor/clean/99123001007_ContemptorALT.jpg,gw_shop,,,,adeptus_custodes,contemptor,scraped,,,gallery,2026-04-16T22:29:40Z,
scripts/warhammer_com/images/adeptus_custodes/contemptor/clean/99123001007_ContemptorLead.jpg,gw_shop,,,,adeptus_custodes,contemptor,scraped,,,gallery,2026-04-16T22:29:40Z,
scripts/warhammer_com/images/adeptus_custodes/contemptor_feature/clean/99123001007_ContemptorFeature1.jpg,gw_shop,,,,adeptus_custodes,contemptor_feature,scraped,,,gallery,2026-04-16T22:29:40Z,
scripts/warhammer_com/images/adeptus_custodes/contemptor_feature/clean/99123001007_ContemptorFeature2.jpg,gw_shop,,,,adeptus_custodes,contemptor_feature,scraped,,,gallery,2026-04-16T22:29:40Z,
scripts/warhammer_com/images/adeptus_custodes/contemptor_feature/clean/99123001007_ContemptorFeature4.jpg,gw_shop,,,,adeptus_custodes,contemptor_feature,scraped,,,gallery,2026-04-16T22:29:40Z,
scripts/warhammer_com/images/adeptus_custodes/contemptor_feature/clean/99123001007_ContemptorFeature5.jpg,gw_shop,,,,adeptus_custodes,contemptor_feature,scraped,,,gallery,2026-04-16T22:29:40Z,
scripts/warhammer_com/images/adeptus_custodes/contemptor_scale_a/clean/99123001007_ContemptorScaleA.jpg,gw_shop,,,,adeptus_custodes,contemptor_scale_a,scraped,,,gallery,2026-04-16T22:29:40Z,
scripts/warhammer_com/images/adeptus_custodes/contemptor_stock/clean/99123001007_ContemptorStock.jpg,gw_shop,,,,adeptus_custodes,contemptor_stock,scraped,,,gallery,2026-04-16T22:29:40Z,
scripts/warhammer_com/images/adeptus_custodes/contemptor_transfer/clean/99123001007_ContemptorTransfer.jpg,gw_shop,,,,adeptus_custodes,contemptor_transfer,scraped,,,gallery,2026-04-16T22:29:40Z,
scripts/warhammer_com/images/adeptus_custodes/custodes_ares_gunship/clean/99560108214_CustodesAresGunship01a.jpg,gw_shop,,,,adeptus_custodes,custodes_ares_gunship,scraped,,,gallery,2026-04-16T22:29:40Z,
scripts/warhammer_com/images/adeptus_custodes/custodes_caladius_grav_tank/clean/99123043007_CustodesCaladiusGravTank1.jpg,gw_shop,,,,adeptus_custodes,custodes_caladius_grav_tank,scraped,,,gallery,2026-04-16T22:29:40Z,
scripts/warhammer_com/images/adeptus_custodes/custodes_caladius_grav_tank/clean/99123043007_CustodesCaladiusGravTank3.jpg,gw_shop,,,,adeptus_custodes,custodes_caladius_grav_tank,scraped,,,gallery,2026-04-16T22:29:40Z,
scripts/warhammer_com/images/adeptus_custodes/custodes_caladius_grav_tank/clean/99123043007_CustodesCaladiusGravTank4.jpg,gw_shop,,,,adeptus_custodes,custodes_caladius_grav_tank,scraped,,,gallery,2026-04-16T22:29:40Z,
scripts/warhammer_com/images/adeptus_custodes/custodes_caladius_grav_tank/clean/99123043007_CustodesCaladiusGravTank5.jpg,gw_shop,,,,adeptus_custodes,custodes_caladius_grav_tank,scraped,,,gallery,2026-04-16T22:29:40Z,
scripts/warhammer_com/images/adeptus_custodes/custodes_caladius_grav_tank/clean/99123043007_CustodesCaladiusGravTank6.jpg,gw_shop,,,,adeptus_custodes,custodes_caladius_grav_tank,scraped,,,gallery,2026-04-16T22:29:40Z,
scripts/warhammer_com/images/adeptus_custodes/custodes_caladius_grav_tank/clean/99123043007_CustodesCaladiusGravTank7.jpg,gw_shop,,,,adeptus_custodes,custodes_caladius_grav_tank,scraped,,,gallery,2026-04-16T22:29:40Z,
scripts/warhammer_com/images/adeptus_custodes/custodes_caladius_grav_tank/clean/99123043007_CustodesCaladiusGravTank8.jpg,gw_shop,,,,adeptus_custodes,custodes_caladius_grav_tank,scraped,,,gallery,2026-04-16T22:29:40Z,
scripts/warhammer_com/images/adeptus_custodes/custodes_caladius_grav_tank_annihilator/clean/99123043009_CustodesCaladiusGravTankAnnihilator1.jpg,gw_shop,,,,adeptus_custodes,custodes_caladius_grav_tank_annihilator,scraped,,,gallery,2026-04-16T22:29:40Z,
scripts/warhammer_com/images/adeptus_custodes/custodes_caladius_grav_tank_annihilator/clean/99123043009_CustodesCaladiusGravTankAnnihilator3.jpg,gw_shop,,,,adeptus_custodes,custodes_caladius_grav_tank_annihilator,scraped,,,gallery,2026-04-16T22:29:40Z,
scripts/warhammer_com/images/adeptus_custodes/custodes_caladius_grav_tank_annihilator/clean/99123043009_CustodesCaladiusGravTankAnnihilator4.jpg,gw_shop,,,,adeptus_custodes,custodes_caladius_grav_tank_annihilator,scraped,,,gallery,2026-04-16T22:29:40Z,
scripts/warhammer_com/images/adeptus_custodes/custodes_caladius_grav_tank_annihilator/clean/99123043009_CustodesCaladiusGravTankAnnihilator5.jpg,gw_shop,,,,adeptus_custodes,custodes_caladius_grav_tank_annihilator,scraped,,,gallery,2026-04-16T22:29:40Z,
scripts/warhammer_com/images/adeptus_custodes/custodes_caladius_grav_tank_annihilator/clean/99123043009_CustodesCaladiusGravTankAnnihilator6.jpg,gw_shop,,,,adeptus_custodes,custodes_caladius_grav_tank_annihilator,scraped,,,gallery,2026-04-16T22:29:40Z,
scripts/warhammer_com/images/adeptus_custodes/custodes_caladius_grav_tank_annihilator/clean/99123043009_CustodesCaladiusGravTankAnnihilator7.jpg,gw_shop,,,,adeptus_custodes,custodes_caladius_grav_tank_annihilator,scraped,,,gallery,2026-04-16T22:29:40Z,
scripts/warhammer_com/images/adeptus_custodes/custodes_caladius_grav_tank_annihilator/clean/99123043009_CustodesCaladiusGravTankAnnihilator8.jpg,gw_shop,,,,adeptus_custodes,custodes_caladius_grav_tank_annihilator,scraped,,,gallery,2026-04-16T22:29:40Z,
scripts/warhammer_com/images/adeptus_custodes/custodes_coronus_grav_carrier/clean/99123043008_CustodesCoronusGravCarrier1.jpg,gw_shop,,,,adeptus_custodes,custodes_coronus_grav_carrier,scraped,,,gallery,2026-04-16T22:29:40Z,
scripts/warhammer_com/images/adeptus_custodes/custodes_coronus_grav_carrier/clean/99123043008_CustodesCoronusGravCarrier2.jpg,gw_shop,,,,adeptus_custodes,custodes_coronus_grav_carrier,scraped,,,gallery,2026-04-16T22:29:40Z,
scripts/warhammer_com/images/adeptus_custodes/custodes_coronus_grav_carrier/clean/99123043008_CustodesCoronusGravCarrier3.jpg,gw_shop,,,,adeptus_custodes,custodes_coronus_grav_carrier,scraped,,,gallery,2026-04-16T22:29:40Z,
scripts/warhammer_com/images/adeptus_custodes/custodes_coronus_grav_carrier/clean/99123043008_CustodesCoronusGravCarrier4.jpg,gw_shop,,,,adeptus_custodes,custodes_coronus_grav_carrier,scraped,,,gallery,2026-04-16T22:29:40Z,
scripts/warhammer_com/images/adeptus_custodes/custodes_coronus_grav_carrier/clean/99123043008_CustodesCoronusGravCarrier5a.jpg,gw_shop,,,,adeptus_custodes,custodes_coronus_grav_carrier,scraped,,,gallery,2026-04-16T22:29:40Z,
scripts/warhammer_com/images/adeptus_custodes/custodes_coronus_grav_carrier/clean/99123043008_CustodesCoronusGravCarrier6.jpg,gw_shop,,,,adeptus_custodes,custodes_coronus_grav_carrier,scraped,,,gallery,2026-04-16T22:29:40Z,
scripts/warhammer_com/images/adeptus_custodes/custodes_coronus_grav_carrier/clean/99123043008_CustodesCoronusGravCarrier7.jpg,gw_shop,,,,adeptus_custodes,custodes_coronus_grav_carrier,scraped,,,gallery,2026-04-16T22:29:40Z,
scripts/warhammer_com/images/adeptus_custodes/custodes_custodian_dreadnought/clean/99123043006_CustodesCustodianDreadnought1.jpg,gw_shop,,,,adeptus_custodes,custodes_custodian_dreadnought,scraped,,,gallery,2026-04-16T22:29:40Z,
scripts/warhammer_com/images/adeptus_custodes/custodes_custodian_dreadnought/clean/99123043006_CustodesCustodianDreadnought2.jpg,gw_shop,,,,adeptus_custodes,custodes_custodian_dreadnought,scraped,,,gallery,2026-04-16T22:29:40Z,
scripts/warhammer_com/images/adeptus_custodes/custodes_custodian_dreadnought/clean/99123043006_CustodesCustodianDreadnought3.jpg,gw_shop,,,,adeptus_custodes,custodes_custodian_dreadnought,scraped,,,gallery,2026-04-16T22:29:40Z,
scripts/warhammer_com/images/adeptus_custodes/custodes_custodian_dreadnought/clean/99123043006_CustodesCustodianDreadnought4.jpg,gw_shop,,,,adeptus_custodes,custodes_custodian_dreadnought,scraped,,,gallery,2026-04-16T22:29:40Z,
scripts/warhammer_com/images/adeptus_custodes/custodes_custodian_dreadnought/clean/99123043006_CustodesCustodianDreadnought5.jpg,gw_shop,,,,adeptus_custodes,custodes_custodian_dreadnought,scraped,,,gallery,2026-04-16T22:29:40Z,
scripts/warhammer_com/images/adeptus_custodes/custodes_custodian_dreadnought/clean/99123043006_CustodesCustodianDreadnought6.jpg,gw_shop,,,,adeptus_custodes,custodes_custodian_dreadnought,scraped,,,gallery,2026-04-16T22:29:40Z,
scripts/warhammer_com/images/adeptus_custodes/custodes_custodian_dreadnought/clean/99123043006_CustodesCustodianDreadnought7.jpg,gw_shop,,,,adeptus_custodes,custodes_custodian_dreadnought,scraped,,,gallery,2026-04-16T22:29:40Z,
scripts/warhammer_com/images/adeptus_custodes/custodes_custodian_dreadnought/clean/99123043006_CustodesCustodianDreadnoughtALT.jpg,gw_shop,,,,adeptus_custodes,custodes_custodian_dreadnought,scraped,,,gallery,2026-04-16T22:29:40Z,
scripts/warhammer_com/images/adeptus_custodes/custodes_custodian_guard/clean/99123043005_CustodesCustodianGuard1.jpg,gw_shop,,,,adeptus_custodes,custodes_custodian_guard,scraped,,,gallery,2026-04-16T22:29:40Z,
scripts/warhammer_com/images/adeptus_custodes/custodes_custodian_guard/clean/99123043005_CustodesCustodianGuard2.jpg,gw_shop,,,,adeptus_custodes,custodes_custodian_guard,scraped,,,gallery,2026-04-16T22:29:40Z,
scripts/warhammer_com/images/adeptus_custodes/custodes_custodian_guard/clean/99123043005_CustodesCustodianGuard3.jpg,gw_shop,,,,adeptus_custodes,custodes_custodian_guard,scraped,,,gallery,2026-04-16T22:29:40Z,
scripts/warhammer_com/images/adeptus_custodes/custodes_custodian_guard/clean/99123043005_CustodesCustodianGuard4.jpg,gw_shop,,,,adeptus_custodes,custodes_custodian_guard,scraped,,,gallery,2026-04-16T22:29:40Z,
scripts/warhammer_com/images/adeptus_custodes/custodes_custodian_guard/clean/99123043005_CustodesCustodianGuard5.jpg,gw_shop,,,,adeptus_custodes,custodes_custodian_guard,scraped,,,gallery,2026-04-16T22:29:40Z,
scripts/warhammer_com/images/adeptus_custodes/custodes_custodian_guard/clean/99123043005_CustodesCustodianGuard6.jpg,gw_shop,,,,adeptus_custodes,custodes_custodian_guard,scraped,,,gallery,2026-04-16T22:29:40Z,
scripts/warhammer_com/images/adeptus_custodes/custodes_pallas_grav_tank/clean/99560108173_CustodesPallasGravTank01.jpg,gw_shop,,,,adeptus_custodes,custodes_pallas_grav_tank,scraped,,,gallery,2026-04-16T22:29:40Z,
scripts/warhammer_com/images/adeptus_custodes/custodes_pallas_grav_tank/clean/99560108173_CustodesPallasGravTank02.jpg,gw_shop,,,,adeptus_custodes,custodes_pallas_grav_tank,scraped,,,gallery,2026-04-16T22:29:40Z,
scripts/warhammer_com/images/adeptus_custodes/custodes_pallas_grav_tank/clean/99560108173_CustodesPallasGravTank04.jpg,gw_shop,,,,adeptus_custodes,custodes_pallas_grav_tank,scraped,,,gallery,2026-04-16T22:29:40Z,
scripts/warhammer_com/images/adeptus_custodes/custodes_sentinel_guard/clean/99123043002_CustodesSentinelGuard1.jpg,gw_shop,,,,adeptus_custodes,custodes_sentinel_guard,scraped,,,gallery,2026-04-16T22:29:40Z,
scripts/warhammer_com/images/adeptus_custodes/custodes_sentinel_guard/clean/99123043002_CustodesSentinelGuard2.jpg,gw_shop,,,,adeptus_custodes,custodes_sentinel_guard,scraped,,,gallery,2026-04-16T22:29:40Z,
scripts/warhammer_com/images/adeptus_custodes/custodes_sentinel_guard/clean/99123043002_CustodesSentinelGuard3.jpg,gw_shop,,,,adeptus_custodes,custodes_sentinel_guard,scraped,,,gallery,2026-04-16T22:29:40Z,
scripts/warhammer_com/images/adeptus_custodes/custodes_sentinel_guard/clean/99123043002_CustodesSentinelGuard4.jpg,gw_shop,,,,adeptus_custodes,custodes_sentinel_guard,scraped,,,gallery,2026-04-16T22:29:40Z,
scripts/warhammer_com/images/adeptus_custodes/custodes_sentinel_guard/clean/99123043002_CustodesSentinelGuard5.jpg,gw_shop,,,,adeptus_custodes,custodes_sentinel_guard,scraped,,,gallery,2026-04-16T22:29:40Z,
scripts/warhammer_com/images/adeptus_custodes/custodes_sentinel_guard/clean/99123043002_CustodesSentinelGuard6.jpg,gw_shop,,,,adeptus_custodes,custodes_sentinel_guard,scraped,,,gallery,2026-04-16T22:29:40Z,
scripts/warhammer_com/images/adeptus_custodes/custodes_shield_captain/clean/99123043004_CustodesShieldCaptain1.jpg,gw_shop,,,,adeptus_custodes,custodes_shield_captain,scraped,,,gallery,2026-04-16T22:29:40Z,
scripts/warhammer_com/images/adeptus_custodes/custodes_shield_captain/clean/99123043004_CustodesShieldCaptain2.jpg,gw_shop,,,,adeptus_custodes,custodes_shield_captain,scraped,,,gallery,2026-04-16T22:29:40Z,
scripts/warhammer_com/images/adeptus_custodes/custodes_shield_captain/clean/99123043004_CustodesShieldCaptain3.jpg,gw_shop,,,,adeptus_custodes,custodes_shield_captain,scraped,,,gallery,2026-04-16T22:29:40Z,
scripts/warhammer_com/images/adeptus_custodes/custodes_shield_captain/clean/99123043004_CustodesShieldCaptain4.jpg,gw_shop,,,,adeptus_custodes,custodes_shield_captain,scraped,,,gallery,2026-04-16T22:29:40Z,
scripts/warhammer_com/images/adeptus_custodes/custodes_shield_captain/clean/99123043004_CustodesShieldCaptain5.jpg,gw_shop,,,,adeptus_custodes,custodes_shield_captain,scraped,,,gallery,2026-04-16T22:29:40Z,
scripts/warhammer_com/images/adeptus_custodes/custodes_shield_captain/clean/99123043004_CustodesShieldCaptain6.jpg,gw_shop,,,,adeptus_custodes,custodes_shield_captain,scraped,,,gallery,2026-04-16T22:29:40Z,
scripts/warhammer_com/images/adeptus_custodes/custodes_shield_captain/clean/99550108194_CustodesShieldCaptain01.jpg,gw_shop,,,,adeptus_custodes,custodes_shield_captain,scraped,,,gallery,2026-04-16T22:29:40Z,
scripts/warhammer_com/images/adeptus_custodes/custodes_venatari_sodality/clean/99123043003_CustodesVenatariSodality1.jpg,gw_shop,,,,adeptus_custodes,custodes_venatari_sodality,scraped,,,gallery,2026-04-16T22:29:40Z,
scripts/warhammer_com/images/adeptus_custodes/custodes_venatari_sodality/clean/99123043003_CustodesVenatariSodality2.jpg,gw_shop,,,,adeptus_custodes,custodes_venatari_sodality,scraped,,,gallery,2026-04-16T22:29:40Z,
scripts/warhammer_com/images/adeptus_custodes/custodes_venatari_sodality/clean/99123043003_CustodesVenatariSodality3.jpg,gw_shop,,,,adeptus_custodes,custodes_venatari_sodality,scraped,,,gallery,2026-04-16T22:29:40Z,
scripts/warhammer_com/images/adeptus_custodes/custodes_venatari_sodality/clean/99123043003_CustodesVenatariSodality4.jpg,gw_shop,,,,adeptus_custodes,custodes_venatari_sodality,scraped,,,gallery,2026-04-16T22:29:40Z,
scripts/warhammer_com/images/adeptus_custodes/custodes_venatari_sodality/clean/99123043003_CustodesVenatariSodality5.jpg,gw_shop,,,,adeptus_custodes,custodes_venatari_sodality,scraped,,,gallery,2026-04-16T22:29:40Z,
scripts/warhammer_com/images/adeptus_custodes/custodes_venatari_sodality/clean/99123043003_CustodesVenatariSodality6.jpg,gw_shop,,,,adeptus_custodes,custodes_venatari_sodality,scraped,,,gallery,2026-04-16T22:29:40Z,
scripts/warhammer_com/images/adeptus_custodes/custodian_guard/clean/99120108073_CustodianGuard.jpg,gw_shop,,,,adeptus_custodes,custodian_guard,scraped,,,gallery,2026-04-16T22:29:40Z,
scripts/warhammer_com/images/adeptus_custodes/custodian_guard_cpt_feature/clean/99120108073_CustodianGuardCPTFeature.jpg,gw_shop,,,,adeptus_custodes,custodian_guard_cpt_feature,scraped,,,gallery,2026-04-16T22:29:40Z,
scripts/warhammer_com/images/adeptus_custodes/custodian_guard_feature/clean/99120108073_CustodianGuardFeature.jpg,gw_shop,,,,adeptus_custodes,custodian_guard_feature,scraped,,,gallery,2026-04-16T22:29:40Z,
scripts/warhammer_com/images/adeptus_custodes/custodian_guard_stock/clean/99120108073_CustodianGuardStock.jpg,gw_shop,,,,adeptus_custodes,custodian_guard_stock,scraped,,,gallery,2026-04-16T22:29:40Z,
scripts/warhammer_com/images/adeptus_custodes/custodian_guard_vexilus_feature/clean/99120108073_CustodianGuardVexilusFeature.jpg,gw_shop,,,,adeptus_custodes,custodian_guard_vexilus_feature,scraped,,,gallery,2026-04-16T22:29:40Z,
scripts/warhammer_com/images/adeptus_custodes/custodian_squad/clean/99120108006_CustodianSquad02.jpg,gw_shop,,,,adeptus_custodes,custodian_squad,scraped,,,gallery,2026-04-16T22:29:40Z,
scripts/warhammer_com/images/adeptus_custodes/custodian_squad_sgt/clean/99120108006_CustodianSquadSgt01.jpg,gw_shop,,,,adeptus_custodes,custodian_squad_sgt,scraped,,,gallery,2026-04-16T22:29:40Z,
scripts/warhammer_com/images/adeptus_custodes/custodian_squad_sgt/clean/99120108006_CustodianSquadSgt02.jpg,gw_shop,,,,adeptus_custodes,custodian_squad_sgt,scraped,,,gallery,2026-04-16T22:29:40Z,
scripts/warhammer_com/images/adeptus_custodes/custodian_squad_vex/clean/99120108006_CustodianSquadVex01.jpg,gw_shop,,,,adeptus_custodes,custodian_squad_vex,scraped,,,gallery,2026-04-16T22:29:40Z,
scripts/warhammer_com/images/adeptus_custodes/custodian_vex_wardens/clean/99120108013_CustodianVexWardens01.jpg,gw_shop,,,,adeptus_custodes,custodian_vex_wardens,scraped,,,gallery,2026-04-16T22:29:40Z,
scripts/warhammer_com/images/adeptus_custodes/custodian_vex_wardens/clean/99120108013_CustodianVexWardens02.jpg,gw_shop,,,,adeptus_custodes,custodian_vex_wardens,scraped,,,gallery,2026-04-16T22:29:40Z,
scripts/warhammer_com/images/adeptus_custodes/custodian_wardens/clean/99120108013_CustodianWardens01.jpg,gw_shop,,,,adeptus_custodes,custodian_wardens,scraped,,,gallery,2026-04-16T22:29:40Z,
scripts/warhammer_com/images/adeptus_custodes/custodian_wardens/clean/99120108013_CustodianWardens01shieldcaptain.jpg,gw_shop,,,,adeptus_custodes,custodian_wardens,scraped,,,gallery,2026-04-16T22:29:40Z,
scripts/warhammer_com/images/adeptus_custodes/custodian_wardens/clean/99120108013_CustodianWardens03.jpg,gw_shop,,,,adeptus_custodes,custodian_wardens,scraped,,,gallery,2026-04-16T22:29:40Z,
scripts/warhammer_com/images/adeptus_custodes/custodian_wardens/clean/99120108013_CustodianWardens04.jpg,gw_shop,,,,adeptus_custodes,custodian_wardens,scraped,,,gallery,2026-04-16T22:29:40Z,
scripts/warhammer_com/images/adeptus_custodes/custodian_wardens/clean/99120108013_CustodianWardens05.jpg,gw_shop,,,,adeptus_custodes,custodian_wardens,scraped,,,gallery,2026-04-16T22:29:40Z,
scripts/warhammer_com/images/adeptus_custodes/custodian_wardens/clean/99120108013_CustodianWardens06.jpg,gw_shop,,,,adeptus_custodes,custodian_wardens,scraped,,,gallery,2026-04-16T22:29:40Z,
scripts/warhammer_com/images/adeptus_custodes/custodian_wardens/clean/99120108013_CustodianWardens07.jpg,gw_shop,,,,adeptus_custodes,custodian_wardens,scraped,,,gallery,2026-04-16T22:29:40Z,
scripts/warhammer_com/images/adeptus_custodes/custodian_wardens/clean/99120108013_CustodianWardens12.jpg,gw_shop,,,,adeptus_custodes,custodian_wardens,scraped,,,gallery,2026-04-16T22:29:40Z,
scripts/warhammer_com/images/adeptus_custodes/custodians_stock/clean/99120108011_CustodiansStock.jpg,gw_shop,,,,adeptus_custodes,custodians_stock,scraped,,,gallery,2026-04-16T22:29:40Z,
scripts/warhammer_com/images/adeptus_custodes/general_trajann_valoris/clean/99120108012_GeneralTrajannValoris01.jpg,gw_shop,,,,adeptus_custodes,general_trajann_valoris,scraped,,,gallery,2026-04-16T22:29:40Z,
scripts/warhammer_com/images/adeptus_custodes/gryfalcon_jetbike/clean/99560108184_GryfalconJetbike01.jpg,gw_shop,,,,adeptus_custodes,gryfalcon_jetbike,scraped,,,gallery,2026-04-16T22:29:40Z,
scripts/warhammer_com/images/adeptus_custodes/orion_dropship/clean/99560108193_OrionDropship01.jpg,gw_shop,,,,adeptus_custodes,orion_dropship,scraped,,,gallery,2026-04-16T22:29:40Z,
scripts/warhammer_com/images/adeptus_custodes/orion_dropship/clean/99560108193_OrionDropship03.jpg,gw_shop,,,,adeptus_custodes,orion_dropship,scraped,,,gallery,2026-04-16T22:29:40Z,
scripts/warhammer_com/images/adeptus_custodes/prosecutor_squad/clean/99120108007_ProsecutorSquad01.jpg,gw_shop,,,,adeptus_custodes,prosecutor_squad,scraped,,,gallery,2026-04-16T22:29:40Z,
scripts/warhammer_com/images/adeptus_custodes/sistersof_silence_stock/clean/99120108074_SistersofSilenceStock.jpg,gw_shop,,,,adeptus_custodes,sistersof_silence_stock,scraped,,,gallery,2026-04-16T22:29:40Z,
scripts/warhammer_com/images/adeptus_custodes/telemon_dread_body/clean/99560108185_TelemonDreadBody01.jpg,gw_shop,,,,adeptus_custodes,telemon_dread_body,scraped,,,gallery,2026-04-16T22:29:40Z,
scripts/warhammer_com/images/adeptus_custodes/telemon_dread_caestus_arm/clean/99550108186_TelemonDreadCaestusArm01.jpg,gw_shop,,,,adeptus_custodes,telemon_dread_caestus_arm,scraped,,,gallery,2026-04-16T22:29:40Z,
scripts/warhammer_com/images/adeptus_custodes/telemon_storm_cannon/clean/99550108187_TelemonStormCannon01.jpg,gw_shop,,,,adeptus_custodes,telemon_storm_cannon,scraped,,,gallery,2026-04-16T22:29:40Z,
scripts/warhammer_com/images/adeptus_custodes/telemon_storm_cannon/clean/99550108187_TelemonStormCannon02.jpg,gw_shop,,,,adeptus_custodes,telemon_storm_cannon,scraped,,,gallery,2026-04-16T22:29:40Z,
scripts/warhammer_com/images/adeptus_custodes/trajann_valoris_feature/clean/99120108076_TrajannValorisFeature.jpg,gw_shop,,,,adeptus_custodes,trajann_valoris_feature,scraped,,,gallery,2026-04-16T22:29:40Z,
scripts/warhammer_com/images/adeptus_custodes/trajann_valoris_stock/clean/99120108076_TrajannValorisStock.jpg,gw_shop,,,,adeptus_custodes,trajann_valoris_stock,scraped,,,gallery,2026-04-16T22:29:40Z,
scripts/warhammer_com/images/adeptus_custodes/vertus_praetors/clean/99120108014_VertusPraetors01.jpg,gw_shop,,,,adeptus_custodes,vertus_praetors,scraped,,,gallery,2026-04-16T22:29:40Z,
scripts/warhammer_com/images/adeptus_custodes/vertus_praetors/clean/99120108014_VertusPraetors02.jpg,gw_shop,,,,adeptus_custodes,vertus_praetors,scraped,,,gallery,2026-04-16T22:29:40Z,
scripts/warhammer_com/images/adeptus_custodes/vertus_praetors/clean/99120108014_VertusPraetors03.jpg,gw_shop,,,,adeptus_custodes,vertus_praetors,scraped,,,gallery,2026-04-16T22:29:40Z,
scripts/warhammer_com/images/adeptus_custodes/vertus_praetors/clean/99120108014_VertusPraetors04.jpg,gw_shop,,,,adeptus_custodes,vertus_praetors,scraped,,,gallery,2026-04-16T22:29:40Z,
scripts/warhammer_com/images/adeptus_custodes/vertus_praetors_cpt/clean/99120108014_VertusPraetorsCPT01.jpg,gw_shop,,,,adeptus_custodes,vertus_praetors_cpt,scraped,,,gallery,2026-04-16T22:29:40Z,
scripts/warhammer_com/images/adeptus_custodes/vertus_praetors_stock/clean/99120108078_VertusPraetorsStock.jpg,gw_shop,,,,adeptus_custodes,vertus_praetors_stock,scraped,,,gallery,2026-04-16T22:29:40Z,
scripts/warhammer_com/images/adeptus_custodes/vigilator_squad/clean/99120108007_VigilatorSquad01.jpg,gw_shop,,,,adeptus_custodes,vigilator_squad,scraped,,,gallery,2026-04-16T22:29:40Z,
scripts/warhammer_com/images/adeptus_custodes/wardens_stock/clean/99120108077_WardensStock.jpg,gw_shop,,,,adeptus_custodes,wardens_stock,scraped,,,gallery,2026-04-16T22:29:40Z,
scripts/warhammer_com/images/adeptus_custodes/witchseeker_squad/clean/99120108007_WitchseekerSquad01.jpg,gw_shop,,,,adeptus_custodes,witchseeker_squad,scraped,,,gallery,2026-04-16T22:29:40Z,
scripts/warhammer_com/images/adeptus_mechanicus/ad_mec_onager_dunecrawler/clean/99120116004_AdMecOnagerDunecrawler01.jpg,gw_shop,,,,adeptus_mechanicus,ad_mec_onager_dunecrawler,scraped,,,gallery,2026-04-16T22:29:40Z,
scripts/warhammer_com/images/adeptus_mechanicus/ad_mec_onager_dunecrawler/clean/99120116004_AdMecOnagerDunecrawler02.jpg,gw_shop,,,,adeptus_mechanicus,ad_mec_onager_dunecrawler,scraped,,,gallery,2026-04-16T22:29:40Z,
scripts/warhammer_com/images/adeptus_mechanicus/ad_mec_onager_dunecrawler/clean/99120116004_AdMecOnagerDunecrawler03.jpg,gw_shop,,,,adeptus_mechanicus,ad_mec_onager_dunecrawler,scraped,,,gallery,2026-04-16T22:29:40Z,
scripts/warhammer_com/images/adeptus_mechanicus/ad_mec_onager_dunecrawler/clean/99120116004_AdMecOnagerDunecrawler04.jpg,gw_shop,,,,adeptus_mechanicus,ad_mec_onager_dunecrawler,scraped,,,gallery,2026-04-16T22:29:40Z,
scripts/warhammer_com/images/adeptus_mechanicus/ad_mec_onager_dunecrawler/clean/99120116004_AdMecOnagerDunecrawler05.jpg,gw_shop,,,,adeptus_mechanicus,ad_mec_onager_dunecrawler,scraped,,,gallery,2026-04-16T22:29:40Z,
scripts/warhammer_com/images/adeptus_mechanicus/ad_mec_onager_dunecrawler/clean/99120116004_AdMecOnagerDunecrawler06.jpg,gw_shop,,,,adeptus_mechanicus,ad_mec_onager_dunecrawler,scraped,,,gallery,2026-04-16T22:29:40Z,
scripts/warhammer_com/images/adeptus_mechanicus/ad_mec_onager_dunecrawler/clean/99120116004_AdMecOnagerDunecrawler10.jpg,gw_shop,,,,adeptus_mechanicus,ad_mec_onager_dunecrawler,scraped,,,gallery,2026-04-16T22:29:40Z,
scripts/warhammer_com/images/adeptus_mechanicus/ad_mech_battle_servitors_breachers/clean/99120116006_AdMechBattleServitorsBreachers01.jpg,gw_shop,,,,adeptus_mechanicus,ad_mech_battle_servitors_breachers,scraped,,,gallery,2026-04-16T22:29:40Z,
scripts/warhammer_com/images/adeptus_mechanicus/ad_mech_battle_servitors_breachers/clean/99120116006_AdMechBattleServitorsBreachers02.jpg,gw_shop,,,,adeptus_mechanicus,ad_mech_battle_servitors_breachers,scraped,,,gallery,2026-04-16T22:29:40Z,
scripts/warhammer_com/images/adeptus_mechanicus/ad_mech_battle_servitors_breachers/clean/99120116006_AdMechBattleServitorsBreachers04.jpg,gw_shop,,,,adeptus_mechanicus,ad_mech_battle_servitors_breachers,scraped,,,gallery,2026-04-16T22:29:40Z,
scripts/warhammer_com/images/adeptus_mechanicus/ad_mech_battle_servitors_breachers/clean/99120116006_AdMechBattleServitorsBreachers06.jpg,gw_shop,,,,adeptus_mechanicus,ad_mech_battle_servitors_breachers,scraped,,,gallery,2026-04-16T22:29:40Z,
scripts/warhammer_com/images/adeptus_mechanicus/ad_mech_battle_servitors_breachers/clean/99120116006_AdMechBattleServitorsBreachers07.jpg,gw_shop,,,,adeptus_mechanicus,ad_mech_battle_servitors_breachers,scraped,,,gallery,2026-04-16T22:29:40Z,
scripts/warhammer_com/images/adeptus_mechanicus/ad_mech_battle_servitors_breachers/clean/99120116006_AdMechBattleServitorsBreachers11.jpg,gw_shop,,,,adeptus_mechanicus,ad_mech_battle_servitors_breachers,scraped,,,gallery,2026-04-16T22:29:40Z,
scripts/warhammer_com/images/adeptus_mechanicus/ad_mech_battle_servitors_destroyers/clean/99120116006_AdMechBattleServitorsDestroyers01.jpg,gw_shop,,,,adeptus_mechanicus,ad_mech_battle_servitors_destroyers,scraped,,,gallery,2026-04-16T22:29:40Z,
scripts/warhammer_com/images/adeptus_mechanicus/ad_mech_battle_servitors_destroyers/clean/99120116006_AdMechBattleServitorsDestroyers02.jpg,gw_shop,,,,adeptus_mechanicus,ad_mech_battle_servitors_destroyers,scraped,,,gallery,2026-04-16T22:29:40Z,
scripts/warhammer_com/images/adeptus_mechanicus/ad_mech_battle_servitors_destroyers/clean/99120116006_AdMechBattleServitorsDestroyers03.jpg,gw_shop,,,,adeptus_mechanicus,ad_mech_battle_servitors_destroyers,scraped,,,gallery,2026-04-16T22:29:40Z,
scripts/warhammer_com/images/adeptus_mechanicus/ad_mech_battle_servitors_destroyers/clean/99120116006_AdMechBattleServitorsDestroyers05.jpg,gw_shop,,,,adeptus_mechanicus,ad_mech_battle_servitors_destroyers,scraped,,,gallery,2026-04-16T22:29:40Z,
scripts/warhammer_com/images/adeptus_mechanicus/ad_mech_battle_servitors_destroyers/clean/99120116006_AdMechBattleServitorsDestroyers06.jpg,gw_shop,,,,adeptus_mechanicus,ad_mech_battle_servitors_destroyers,scraped,,,gallery,2026-04-16T22:29:40Z,
scripts/warhammer_com/images/adeptus_mechanicus/ad_mech_corpuscarii_electro_priests/clean/99120116009_AdMechCorpuscariiElectroPriests01.jpg,gw_shop,,,,adeptus_mechanicus,ad_mech_corpuscarii_electro_priests,scraped,,,gallery,2026-04-16T22:29:40Z,
scripts/warhammer_com/images/adeptus_mechanicus/ad_mech_corpuscarii_electro_priests/clean/99120116009_AdMechCorpuscariiElectroPriests02.jpg,gw_shop,,,,adeptus_mechanicus,ad_mech_corpuscarii_electro_priests,scraped,,,gallery,2026-04-16T22:29:40Z,
scripts/warhammer_com/images/adeptus_mechanicus/ad_mech_corpuscarii_electro_priests/clean/99120116009_AdMechCorpuscariiElectroPriests03.jpg,gw_shop,,,,adeptus_mechanicus,ad_mech_corpuscarii_electro_priests,scraped,,,gallery,2026-04-16T22:29:40Z,
scripts/warhammer_com/images/adeptus_mechanicus/ad_mech_corpuscarii_electro_priests/clean/99120116009_AdMechCorpuscariiElectroPriests04.jpg,gw_shop,,,,adeptus_mechanicus,ad_mech_corpuscarii_electro_priests,scraped,,,gallery,2026-04-16T22:29:40Z,
scripts/warhammer_com/images/adeptus_mechanicus/ad_mech_corpuscarii_electro_priests/clean/99120116009_AdMechCorpuscariiElectroPriests05.jpg,gw_shop,,,,adeptus_mechanicus,ad_mech_corpuscarii_electro_priests,scraped,,,gallery,2026-04-16T22:29:40Z,
scripts/warhammer_com/images/adeptus_mechanicus/ad_mech_fulgurite_electro_priests/clean/99120116009_AdMechFulguriteElectroPriests01.jpg,gw_shop,,,,adeptus_mechanicus,ad_mech_fulgurite_electro_priests,scraped,,,gallery,2026-04-16T22:29:40Z,
scripts/warhammer_com/images/adeptus_mechanicus/ad_mech_fulgurite_electro_priests/clean/99120116009_AdMechFulguriteElectroPriests02.jpg,gw_shop,,,,adeptus_mechanicus,ad_mech_fulgurite_electro_priests,scraped,,,gallery,2026-04-16T22:29:40Z,
scripts/warhammer_com/images/adeptus_mechanicus/ad_mech_fulgurite_electro_priests/clean/99120116009_AdMechFulguriteElectroPriests03.jpg,gw_shop,,,,adeptus_mechanicus,ad_mech_fulgurite_electro_priests,scraped,,,gallery,2026-04-16T22:29:40Z,
scripts/warhammer_com/images/adeptus_mechanicus/ad_mech_fulgurite_electro_priests/clean/99120116009_AdMechFulguriteElectroPriests04.jpg,gw_shop,,,,adeptus_mechanicus,ad_mech_fulgurite_electro_priests,scraped,,,gallery,2026-04-16T22:29:40Z,
scripts/warhammer_com/images/adeptus_mechanicus/ad_mech_fulgurite_electro_priests/clean/99120116009_AdMechFulguriteElectroPriests05.jpg,gw_shop,,,,adeptus_mechanicus,ad_mech_fulgurite_electro_priests,scraped,,,gallery,2026-04-16T22:29:40Z,
scripts/warhammer_com/images/adeptus_mechanicus/ad_mech_fulgurite_electro_priests/clean/99120116009_AdMechFulguriteElectroPriests08.jpg,gw_shop,,,,adeptus_mechanicus,ad_mech_fulgurite_electro_priests,scraped,,,gallery,2026-04-16T22:29:40Z,
scripts/warhammer_com/images/adeptus_mechanicus/ad_mech_kastelan_robots/clean/99120116005_AdMechKastelanRobots01.jpg,gw_shop,,,,adeptus_mechanicus,ad_mech_kastelan_robots,scraped,,,gallery,2026-04-16T22:29:40Z,
scripts/warhammer_com/images/adeptus_mechanicus/ad_mech_kastelan_robots/clean/99120116005_AdMechKastelanRobots02.jpg,gw_shop,,,,adeptus_mechanicus,ad_mech_kastelan_robots,scraped,,,gallery,2026-04-16T22:29:40Z,
scripts/warhammer_com/images/adeptus_mechanicus/ad_mech_kastelan_robots/clean/99120116005_AdMechKastelanRobots03.jpg,gw_shop,,,,adeptus_mechanicus,ad_mech_kastelan_robots,scraped,,,gallery,2026-04-16T22:29:40Z,
scripts/warhammer_com/images/adeptus_mechanicus/ad_mech_kastelan_robots/clean/99120116005_AdMechKastelanRobots04.jpg,gw_shop,,,,adeptus_mechanicus,ad_mech_kastelan_robots,scraped,,,gallery,2026-04-16T22:29:40Z,
scripts/warhammer_com/images/adeptus_mechanicus/ad_mech_kastelan_robots/clean/99120116005_AdMechKastelanRobots05.jpg,gw_shop,,,,adeptus_mechanicus,ad_mech_kastelan_robots,scraped,,,gallery,2026-04-16T22:29:40Z,
scripts/warhammer_com/images/adeptus_mechanicus/ad_mech_kastelan_robots/clean/99120116005_AdMechKastelanRobots06.jpg,gw_shop,,,,adeptus_mechanicus,ad_mech_kastelan_robots,scraped,,,gallery,2026-04-16T22:29:40Z,
scripts/warhammer_com/images/adeptus_mechanicus/ad_mech_tech_priest_dominus/clean/99070116001_AdMechTechPriestDominus01.jpg,gw_shop,,,,adeptus_mechanicus,ad_mech_tech_priest_dominus,scraped,,,gallery,2026-04-16T22:29:40Z,
scripts/warhammer_com/images/adeptus_mechanicus/ad_mech_tech_priest_dominus/clean/99070116001_AdMechTechPriestDominus02.jpg,gw_shop,,,,adeptus_mechanicus,ad_mech_tech_priest_dominus,scraped,,,gallery,2026-04-16T22:29:40Z,
scripts/warhammer_com/images/adeptus_mechanicus/ad_mech_tech_priest_dominus/clean/99070116001_AdMechTechPriestDominus03.jpg,gw_shop,,,,adeptus_mechanicus,ad_mech_tech_priest_dominus,scraped,,,gallery,2026-04-16T22:29:40Z,
scripts/warhammer_com/images/adeptus_mechanicus/ad_mech_tech_priest_dominus/clean/99070116001_AdMechTechPriestDominus04.jpg,gw_shop,,,,adeptus_mechanicus,ad_mech_tech_priest_dominus,scraped,,,gallery,2026-04-16T22:29:40Z,
scripts/warhammer_com/images/adeptus_mechanicus/ad_mech_tech_priest_dominus/clean/99070116001_AdMechTechPriestDominus05.jpg,gw_shop,,,,adeptus_mechanicus,ad_mech_tech_priest_dominus,scraped,,,gallery,2026-04-16T22:29:40Z,
scripts/warhammer_com/images/adeptus_mechanicus/ad_mech_tech_priest_dominus/clean/99070116001_AdMechTechPriestDominus08.jpg,gw_shop,,,,adeptus_mechanicus,ad_mech_tech_priest_dominus,scraped,,,gallery,2026-04-16T22:29:40Z,
scripts/warhammer_com/images/adeptus_mechanicus/admech_sydonian_skatros/clean/99120116045_ADMECHSydonianSkatros01.jpg,gw_shop,,,,adeptus_mechanicus,admech_sydonian_skatros,scraped,,,gallery,2026-04-16T22:29:40Z,
scripts/warhammer_com/images/adeptus_mechanicus/admech_sydonian_skatros/clean/99120116045_ADMECHSydonianSkatros02.jpg,gw_shop,,,,adeptus_mechanicus,admech_sydonian_skatros,scraped,,,gallery,2026-04-16T22:29:40Z,
scripts/warhammer_com/images/adeptus_mechanicus/admech_sydonian_skatros/clean/99120116045_ADMECHSydonianSkatros03.jpg,gw_shop,,,,adeptus_mechanicus,admech_sydonian_skatros,scraped,,,gallery,2026-04-16T22:29:40Z,
scripts/warhammer_com/images/adeptus_mechanicus/admech_sydonian_skatros/clean/99120116045_ADMECHSydonianSkatros05.jpg,gw_shop,,,,adeptus_mechanicus,admech_sydonian_skatros,scraped,,,gallery,2026-04-16T22:29:40Z,
scripts/warhammer_com/images/adeptus_mechanicus/am_archaeopter_stock/clean/99120116024_AMArchaeopterStock.jpg,gw_shop,,,,adeptus_mechanicus,am_archaeopter_stock,scraped,,,gallery,2026-04-16T22:29:40Z,
scripts/warhammer_com/images/adeptus_mechanicus/am_combat_patrol/clean/99120116044_AMCombatPatrol01.jpg,gw_shop,,,,adeptus_mechanicus,am_combat_patrol,scraped,,,gallery,2026-04-16T22:29:40Z,
scripts/warhammer_com/images/adeptus_mechanicus/am_combat_patrol/clean/99120116044_AMCombatPatrol02.jpg,gw_shop,,,,adeptus_mechanicus,am_combat_patrol,scraped,,,gallery,2026-04-16T22:29:40Z,
scripts/warhammer_com/images/adeptus_mechanicus/am_combat_patrol/clean/99120116044_AMCombatPatrol03.jpg,gw_shop,,,,adeptus_mechanicus,am_combat_patrol,scraped,,,gallery,2026-04-16T22:29:40Z,
scripts/warhammer_com/images/adeptus_mechanicus/am_combat_patrol/clean/99120116044_AMCombatPatrol04.jpg,gw_shop,,,,adeptus_mechanicus,am_combat_patrol,scraped,,,gallery,2026-04-16T22:29:40Z,
scripts/warhammer_com/images/adeptus_mechanicus/am_combat_patrol/clean/99120116044_AMCombatPatrol05.jpg,gw_shop,,,,adeptus_mechanicus,am_combat_patrol,scraped,,,gallery,2026-04-16T22:29:40Z,
scripts/warhammer_com/images/adeptus_mechanicus/am_fusilave/clean/99120116024_AMFusilaveLead.jpg,gw_shop,,,,adeptus_mechanicus,am_fusilave,scraped,,,gallery,2026-04-16T22:29:40Z,
scripts/warhammer_com/images/adeptus_mechanicus/am_fusilave_feature/clean/99120116024_AMFusilaveFeature.jpg,gw_shop,,,,adeptus_mechanicus,am_fusilave_feature,scraped,,,gallery,2026-04-16T22:29:40Z,
scripts/warhammer_com/images/adeptus_mechanicus/am_serberys_raiders/clean/99120116026_AMSerberysRaidersLead.jpg,gw_shop,,,,adeptus_mechanicus,am_serberys_raiders,scraped,,,gallery,2026-04-16T22:29:40Z,
scripts/warhammer_com/images/adeptus_mechanicus/am_serberys_raiders_feature/clean/99120116026_AMSerberysRaidersFeature.jpg,gw_shop,,,,adeptus_mechanicus,am_serberys_raiders_feature,scraped,,,gallery,2026-04-16T22:29:40Z,
scripts/warhammer_com/images/adeptus_mechanicus/am_serberys_raiders_stock/clean/99120116026_AMSerberysRaidersStock.jpg,gw_shop,,,,adeptus_mechanicus,am_serberys_raiders_stock,scraped,,,gallery,2026-04-16T22:29:40Z,
scripts/warhammer_com/images/adeptus_mechanicus/am_serberys_sulphurhounds/clean/99120116026_AMSerberysSulphurhoundsLead.jpg,gw_shop,,,,adeptus_mechanicus,am_serberys_sulphurhounds,scraped,,,gallery,2026-04-16T22:29:40Z,
scripts/warhammer_com/images/adeptus_mechanicus/am_serberys_sulphurhounds_feature/clean/99120116026_AMSerberysSulphurhoundsFeature.jpg,gw_shop,,,,adeptus_mechanicus,am_serberys_sulphurhounds_feature,scraped,,,gallery,2026-04-16T22:29:40Z,
scripts/warhammer_com/images/adeptus_mechanicus/am_skitarii_marshal/clean/99070116003_AMSkitariiMarshalLead.jpg,gw_shop,,,,adeptus_mechanicus,am_skitarii_marshal,scraped,,,gallery,2026-04-16T22:29:40Z,
scripts/warhammer_com/images/adeptus_mechanicus/am_skitarii_marshal_feature/clean/99070116003_AMSkitariiMarshalFeature.jpg,gw_shop,,,,adeptus_mechanicus,am_skitarii_marshal_feature,scraped,,,gallery,2026-04-16T22:29:40Z,
scripts/warhammer_com/images/adeptus_mechanicus/am_skitarii_marshal_stock/clean/99070116003_AMSkitariiMarshalStock.jpg,gw_shop,,,,adeptus_mechanicus,am_skitarii_marshal_stock,scraped,,,gallery,2026-04-16T22:29:40Z,
scripts/warhammer_com/images/adeptus_mechanicus/am_stratoraptor/clean/99120116024_AMStratoraptorLead.jpg,gw_shop,,,,adeptus_mechanicus,am_stratoraptor,scraped,,,gallery,2026-04-16T22:29:40Z,
scripts/warhammer_com/images/adeptus_mechanicus/am_stratoraptor_feature/clean/99120116024_AMStratoraptorFeature.jpg,gw_shop,,,,adeptus_mechanicus,am_stratoraptor_feature,scraped,,,gallery,2026-04-16T22:29:40Z,
scripts/warhammer_com/images/adeptus_mechanicus/am_technoarchaeologist/clean/99070116007_AMTechnoarchaeologist01.jpg,gw_shop,,,,adeptus_mechanicus,am_technoarchaeologist,scraped,,,gallery,2026-04-16T22:29:40Z,
scripts/warhammer_com/images/adeptus_mechanicus/am_technoarchaeologist/clean/99070116007_AMTechnoarchaeologist02.jpg,gw_shop,,,,adeptus_mechanicus,am_technoarchaeologist,scraped,,,gallery,2026-04-16T22:29:40Z,
scripts/warhammer_com/images/adeptus_mechanicus/am_transvector/clean/99120116024_AMTransvectorLead.jpg,gw_shop,,,,adeptus_mechanicus,am_transvector,scraped,,,gallery,2026-04-16T22:29:40Z,
scripts/warhammer_com/images/adeptus_mechanicus/am_transvector_feature/clean/99120116024_AMTransvectorFeature.jpg,gw_shop,,,,adeptus_mechanicus,am_transvector_feature,scraped,,,gallery,2026-04-16T22:29:40Z,
scripts/warhammer_com/images/adeptus_mechanicus/ballistar/clean/99120116001_Ballistar01.jpg,gw_shop,,,,adeptus_mechanicus,ballistar,scraped,,,gallery,2026-04-16T22:29:40Z,
scripts/warhammer_com/images/adeptus_mechanicus/ballistar/clean/99120116001_Ballistar02.jpg,gw_shop,,,,adeptus_mechanicus,ballistar,scraped,,,gallery,2026-04-16T22:29:40Z,
scripts/warhammer_com/images/adeptus_mechanicus/ballistar/clean/99120116001_Ballistar03.jpg,gw_shop,,,,adeptus_mechanicus,ballistar,scraped,,,gallery,2026-04-16T22:29:40Z,
scripts/warhammer_com/images/adeptus_mechanicus/belisarius_cawl/clean/99120116015_BelisariusCawl01.jpg,gw_shop,,,,adeptus_mechanicus,belisarius_cawl,scraped,,,gallery,2026-04-16T22:29:40Z,
scripts/warhammer_com/images/adeptus_mechanicus/belisarius_cawl/clean/99120116015_BelisariusCawl03.jpg,gw_shop,,,,adeptus_mechanicus,belisarius_cawl,scraped,,,gallery,2026-04-16T22:29:40Z,
scripts/warhammer_com/images/adeptus_mechanicus/eng_kill_team_typhon_core_game/clean/60010199074_ENGKillTeamTyphonCoreGame20.jpg,gw_shop,,,,adeptus_mechanicus,eng_kill_team_typhon_core_game,scraped,,,gallery,2026-04-16T22:29:40Z,
scripts/warhammer_com/images/adeptus_mechanicus/eyeof_terror_battalion_adeptus_mechanicus/clean/99120116049_EyeofTerrorBattalionAdeptusMechanicus01.jpg,gw_shop,,,,adeptus_mechanicus,eyeof_terror_battalion_adeptus_mechanicus,scraped,,,gallery,2026-04-16T22:29:40Z,
scripts/warhammer_com/images/adeptus_mechanicus/eyeof_terror_battalion_adeptus_mechanicus/clean/99120116049_EyeofTerrorBattalionAdeptusMechanicus02.jpg,gw_shop,,,,adeptus_mechanicus,eyeof_terror_battalion_adeptus_mechanicus,scraped,,,gallery,2026-04-16T22:29:40Z,
scripts/warhammer_com/images/adeptus_mechanicus/eyeof_terror_battalion_adeptus_mechanicus/clean/99120116049_EyeofTerrorBattalionAdeptusMechanicus03.jpg,gw_shop,,,,adeptus_mechanicus,eyeof_terror_battalion_adeptus_mechanicus,scraped,,,gallery,2026-04-16T22:29:40Z,
scripts/warhammer_com/images/adeptus_mechanicus/eyeof_terror_battalion_adeptus_mechanicus/clean/99120116049_EyeofTerrorBattalionAdeptusMechanicus04.jpg,gw_shop,,,,adeptus_mechanicus,eyeof_terror_battalion_adeptus_mechanicus,scraped,,,gallery,2026-04-16T22:29:40Z,
scripts/warhammer_com/images/adeptus_mechanicus/eyeof_terror_battalion_adeptus_mechanicus/clean/99120116049_EyeofTerrorBattalionAdeptusMechanicus06.jpg,gw_shop,,,,adeptus_mechanicus,eyeof_terror_battalion_adeptus_mechanicus,scraped,,,gallery,2026-04-16T22:29:40Z,
scripts/warhammer_com/images/adeptus_mechanicus/eyeof_terror_battalion_adeptus_mechanicus/clean/99120116049_EyeofTerrorBattalionAdeptusMechanicus08.jpg,gw_shop,,,,adeptus_mechanicus,eyeof_terror_battalion_adeptus_mechanicus,scraped,,,gallery,2026-04-16T22:29:40Z,
scripts/warhammer_com/images/adeptus_mechanicus/hastarii/clean/99120116051_Hastarii1.jpg,gw_shop,,,,adeptus_mechanicus,hastarii,scraped,,,gallery,2026-04-16T22:29:40Z,
scripts/warhammer_com/images/adeptus_mechanicus/hastarii/clean/99120116051_Hastarii2.jpg,gw_shop,,,,adeptus_mechanicus,hastarii,scraped,,,gallery,2026-04-16T22:29:40Z,
scripts/warhammer_com/images/adeptus_mechanicus/hastarii/clean/99120116051_Hastarii3.jpg,gw_shop,,,,adeptus_mechanicus,hastarii,scraped,,,gallery,2026-04-16T22:29:40Z,
scripts/warhammer_com/images/adeptus_mechanicus/hastarii/clean/99120116051_Hastarii4.jpg,gw_shop,,,,adeptus_mechanicus,hastarii,scraped,,,gallery,2026-04-16T22:29:40Z,
scripts/warhammer_com/images/adeptus_mechanicus/hastarii/clean/99120116051_Hastarii7.jpg,gw_shop,,,,adeptus_mechanicus,hastarii,scraped,,,gallery,2026-04-16T22:29:40Z,
scripts/warhammer_com/images/adeptus_mechanicus/hastarii/clean/99120116051_HastariiALT.jpg,gw_shop,,,,adeptus_mechanicus,hastarii,scraped,,,gallery,2026-04-16T22:29:40Z,
scripts/warhammer_com/images/adeptus_mechanicus/kill_team_battleclade_squad/clean/99120116048_KillTeamBattlecladeSquad20251.jpg,gw_shop,,,,adeptus_mechanicus,kill_team_battleclade_squad,scraped,,,gallery,2026-04-16T22:29:40Z,
scripts/warhammer_com/images/adeptus_mechanicus/kill_team_battleclade_squad/clean/99120116048_KillTeamBattlecladeSquad20252.jpg,gw_shop,,,,adeptus_mechanicus,kill_team_battleclade_squad,scraped,,,gallery,2026-04-16T22:29:40Z,
scripts/warhammer_com/images/adeptus_mechanicus/kill_team_battleclade_squad/clean/99120116048_KillTeamBattlecladeSquad20253.jpg,gw_shop,,,,adeptus_mechanicus,kill_team_battleclade_squad,scraped,,,gallery,2026-04-16T22:29:40Z,
scripts/warhammer_com/images/adeptus_mechanicus/kill_team_battleclade_squad/clean/99120116048_KillTeamBattlecladeSquad20254.jpg,gw_shop,,,,adeptus_mechanicus,kill_team_battleclade_squad,scraped,,,gallery,2026-04-16T22:29:40Z,
scripts/warhammer_com/images/adeptus_mechanicus/kill_team_battleclade_squad/clean/99120116048_KillTeamBattlecladeSquad20255.jpg,gw_shop,,,,adeptus_mechanicus,kill_team_battleclade_squad,scraped,,,gallery,2026-04-16T22:29:40Z,
scripts/warhammer_com/images/adeptus_mechanicus/kill_team_battleclade_squad/clean/99120116048_KillTeamBattlecladeSquad20259.jpg,gw_shop,,,,adeptus_mechanicus,kill_team_battleclade_squad,scraped,,,gallery,2026-04-16T22:29:40Z,
scripts/warhammer_com/images/adeptus_mechanicus/kill_team_battleclade_squad_extra/clean/99120116048_KillTeamBattlecladeSquadEXTRA.jpg,gw_shop,,,,adeptus_mechanicus,kill_team_battleclade_squad_extra,scraped,,,gallery,2026-04-16T22:29:40Z,
scripts/warhammer_com/images/adeptus_mechanicus/pteraxii/clean/99120116025_PteraxiiLead.jpg,gw_shop,,,,adeptus_mechanicus,pteraxii,scraped,,,gallery,2026-04-16T22:29:40Z,
scripts/warhammer_com/images/adeptus_mechanicus/pteraxii_feature/clean/99120116025_PteraxiiFeature.jpg,gw_shop,,,,adeptus_mechanicus,pteraxii_feature,scraped,,,gallery,2026-04-16T22:29:40Z,
scripts/warhammer_com/images/adeptus_mechanicus/pteraxii_feature/clean/99120116025_PteraxiiFeature01.jpg,gw_shop,,,,adeptus_mechanicus,pteraxii_feature,scraped,,,gallery,2026-04-16T22:29:40Z,
scripts/warhammer_com/images/adeptus_mechanicus/pteraxii_stock/clean/99120116025_PteraxiiStock.jpg,gw_shop,,,,adeptus_mechanicus,pteraxii_stock,scraped,,,gallery,2026-04-16T22:29:40Z,
scripts/warhammer_com/images/adeptus_mechanicus/sicarian_infiltrators/clean/99120116003_SicarianInfiltrators01.jpg,gw_shop,,,,adeptus_mechanicus,sicarian_infiltrators,scraped,,,gallery,2026-04-16T22:29:40Z,
scripts/warhammer_com/images/adeptus_mechanicus/sicarian_infiltrators/clean/99120116003_SicarianInfiltrators02.jpg,gw_shop,,,,adeptus_mechanicus,sicarian_infiltrators,scraped,,,gallery,2026-04-16T22:29:40Z,
scripts/warhammer_com/images/adeptus_mechanicus/sicarian_infiltrators/clean/99120116003_SicarianInfiltrators03.jpg,gw_shop,,,,adeptus_mechanicus,sicarian_infiltrators,scraped,,,gallery,2026-04-16T22:29:40Z,
scripts/warhammer_com/images/adeptus_mechanicus/sicarian_infiltrators/clean/99120116003_SicarianInfiltrators04.jpg,gw_shop,,,,adeptus_mechanicus,sicarian_infiltrators,scraped,,,gallery,2026-04-16T22:29:40Z,
scripts/warhammer_com/images/adeptus_mechanicus/sicarian_infiltrators/clean/99120116003_SicarianInfiltrators05.jpg,gw_shop,,,,adeptus_mechanicus,sicarian_infiltrators,scraped,,,gallery,2026-04-16T22:29:40Z,
scripts/warhammer_com/images/adeptus_mechanicus/sicarian_ruststalkers/clean/99120116003_SicarianRuststalkers01.jpg,gw_shop,,,,adeptus_mechanicus,sicarian_ruststalkers,scraped,,,gallery,2026-04-16T22:29:40Z,
scripts/warhammer_com/images/adeptus_mechanicus/sicarian_ruststalkers/clean/99120116003_SicarianRuststalkers02.jpg,gw_shop,,,,adeptus_mechanicus,sicarian_ruststalkers,scraped,,,gallery,2026-04-16T22:29:40Z,
scripts/warhammer_com/images/adeptus_mechanicus/sicarian_ruststalkers/clean/99120116003_SicarianRuststalkers03.jpg,gw_shop,,,,adeptus_mechanicus,sicarian_ruststalkers,scraped,,,gallery,2026-04-16T22:29:40Z,
scripts/warhammer_com/images/adeptus_mechanicus/skitarii_rangers/clean/99120116002_SkitariiRangers01.jpg,gw_shop,,,,adeptus_mechanicus,skitarii_rangers,scraped,,,gallery,2026-04-16T22:29:40Z,
scripts/warhammer_com/images/adeptus_mechanicus/skitarii_rangers/clean/99120116002_SkitariiRangers02.jpg,gw_shop,,,,adeptus_mechanicus,skitarii_rangers,scraped,,,gallery,2026-04-16T22:29:40Z,
scripts/warhammer_com/images/adeptus_mechanicus/skitarii_rangers/clean/99120116002_SkitariiRangers03.jpg,gw_shop,,,,adeptus_mechanicus,skitarii_rangers,scraped,,,gallery,2026-04-16T22:29:40Z,
scripts/warhammer_com/images/adeptus_mechanicus/skitarii_rangers/clean/99120116002_SkitariiRangers04.jpg,gw_shop,,,,adeptus_mechanicus,skitarii_rangers,scraped,,,gallery,2026-04-16T22:29:40Z,
scripts/warhammer_com/images/adeptus_mechanicus/skitarii_vanguard/clean/99120116002_SkitariiVanguard01.jpg,gw_shop,,,,adeptus_mechanicus,skitarii_vanguard,scraped,,,gallery,2026-04-16T22:29:40Z,
scripts/warhammer_com/images/adeptus_mechanicus/skitarii_vanguard/clean/99120116002_SkitariiVanguard02.jpg,gw_shop,,,,adeptus_mechanicus,skitarii_vanguard,scraped,,,gallery,2026-04-16T22:29:40Z,
scripts/warhammer_com/images/adeptus_mechanicus/skitarii_vanguard/clean/99120116002_SkitariiVanguard03.jpg,gw_shop,,,,adeptus_mechanicus,skitarii_vanguard,scraped,,,gallery,2026-04-16T22:29:40Z,
scripts/warhammer_com/images/adeptus_mechanicus/skitarii_vanguard/clean/99120116002_SkitariiVanguard04.jpg,gw_shop,,,,adeptus_mechanicus,skitarii_vanguard,scraped,,,gallery,2026-04-16T22:29:40Z,
scripts/warhammer_com/images/adeptus_mechanicus/skorpius_distintegrator/clean/99120116023_SkorpiusDistintegrator01.jpg,gw_shop,,,,adeptus_mechanicus,skorpius_distintegrator,scraped,,,gallery,2026-04-16T22:29:40Z,
scripts/warhammer_com/images/adeptus_mechanicus/skorpius_distintegrator/clean/99120116023_SkorpiusDistintegrator02.jpg,gw_shop,,,,adeptus_mechanicus,skorpius_distintegrator,scraped,,,gallery,2026-04-16T22:29:40Z,
scripts/warhammer_com/images/adeptus_mechanicus/skorpius_distintegrator/clean/99120116023_SkorpiusDistintegrator03.jpg,gw_shop,,,,adeptus_mechanicus,skorpius_distintegrator,scraped,,,gallery,2026-04-16T22:29:40Z,
scripts/warhammer_com/images/adeptus_mechanicus/skorpius_distintegrator/clean/99120116023_SkorpiusDistintegrator04.jpg,gw_shop,,,,adeptus_mechanicus,skorpius_distintegrator,scraped,,,gallery,2026-04-16T22:29:40Z,
scripts/warhammer_com/images/adeptus_mechanicus/skorpius_distintegrator_box/clean/99120116023_SkorpiusDistintegratorBox.jpg,gw_shop,,,,adeptus_mechanicus,skorpius_distintegrator_box,scraped,,,gallery,2026-04-16T22:29:40Z,
scripts/warhammer_com/images/adeptus_mechanicus/sterylizors/clean/99120116025_SterylizorsLead.jpg,gw_shop,,,,adeptus_mechanicus,sterylizors,scraped,,,gallery,2026-04-16T22:29:40Z,
scripts/warhammer_com/images/adeptus_mechanicus/sydonian_dragoon_box/clean/99120116001_SydonianDragoonBox01.jpg,gw_shop,,,,adeptus_mechanicus,sydonian_dragoon_box,scraped,,,gallery,2026-04-16T22:29:40Z,
scripts/warhammer_com/images/adeptus_mechanicus/sydonian_dragoonr/clean/99120116001_SydonianDragoonr04.jpg,gw_shop,,,,adeptus_mechanicus,sydonian_dragoonr,scraped,,,gallery,2026-04-16T22:29:40Z,
scripts/warhammer_com/images/adeptus_mechanicus/tech_priest_manipulus/clean/99070116002_TechPriestManipulusLead.jpg,gw_shop,,,,adeptus_mechanicus,tech_priest_manipulus,scraped,,,gallery,2026-04-16T22:29:40Z,
scripts/warhammer_com/images/adeptus_mechanicus/tech_priest_manipulus_detail/clean/99070116002_TechPriestManipulusDetail.jpg,gw_shop,,,,adeptus_mechanicus,tech_priest_manipulus_detail,scraped,,,gallery,2026-04-16T22:29:40Z,
scripts/warhammer_com/images/adeptus_mechanicus/tech_priest_manipulus_stock/clean/99070116002_TechPriestManipulusStock.jpg,gw_shop,,,,adeptus_mechanicus,tech_priest_manipulus_stock,scraped,,,gallery,2026-04-16T22:29:40Z,
scripts/warhammer_com/images/adeptus_mechanicus/techpriest_enginseer/clean/99070105002_TechpriestEnginseer01.jpg,gw_shop,,,,adeptus_mechanicus,techpriest_enginseer,scraped,,,gallery,2026-04-16T22:29:40Z,
scripts/warhammer_com/images/adeptus_mechanicus/techpriest_enginseer/clean/99070105002_TechpriestEnginseer02.jpg,gw_shop,,,,adeptus_mechanicus,techpriest_enginseer,scraped,,,gallery,2026-04-16T22:29:40Z,
scripts/warhammer_com/images/adeptus_mechanicus/techpriest_enginseer/clean/99070105002_TechpriestEnginseer04.jpg,gw_shop,,,,adeptus_mechanicus,techpriest_enginseer,scraped,,,gallery,2026-04-16T22:29:40Z,
scripts/warhammer_com/images/adeptus_mechanicus/thulia_ghuld/clean/99120116050_ThuliaGhuld1.jpg,gw_shop,,,,adeptus_mechanicus,thulia_ghuld,scraped,,,gallery,2026-04-16T22:29:40Z,
scripts/warhammer_com/images/adeptus_mechanicus/thulia_ghuld/clean/99120116050_ThuliaGhuld2.jpg,gw_shop,,,,adeptus_mechanicus,thulia_ghuld,scraped,,,gallery,2026-04-16T22:29:40Z,
scripts/warhammer_com/images/adeptus_mechanicus/thulia_ghuld_box/clean/99120116050_ThuliaGhuldBox.jpg,gw_shop,,,,adeptus_mechanicus,thulia_ghuld_box,scraped,,,gallery,2026-04-16T22:29:40Z,
scripts/warhammer_com/images/adeptus_mechanicus/triumvirateofthe_imperium/clean/99120108008_TriumvirateoftheImperium02.jpg,gw_shop,,,,adeptus_mechanicus,triumvirateofthe_imperium,scraped,,,gallery,2026-04-16T22:29:40Z,
scripts/warhammer_com/images/adeptus_titanicus/battle_titan_gatling_blaster/clean/99560108200_BattleTitanGatlingBlaster01.jpg,gw_shop,,,,adeptus_titanicus,battle_titan_gatling_blaster,scraped,,,gallery,2026-04-16T22:29:40Z,
scripts/warhammer_com/images/adeptus_titanicus/battle_titan_laser_blaster/clean/99560108201_BattleTitanLaserBlaster01.jpg,gw_shop,,,,adeptus_titanicus,battle_titan_laser_blaster,scraped,,,gallery,2026-04-16T22:29:40Z,
scripts/warhammer_com/images/adeptus_titanicus/battle_titan_melta_cannon/clean/99560108203_BattleTitanMeltaCannon01.jpg,gw_shop,,,,adeptus_titanicus,battle_titan_melta_cannon,scraped,,,gallery,2026-04-16T22:29:40Z,
scripts/warhammer_com/images/adeptus_titanicus/battle_titan_volcano_cannon/clean/99560108205_BattleTitanVolcanoCannon01.jpg,gw_shop,,,,adeptus_titanicus,battle_titan_volcano_cannon,scraped,,,gallery,2026-04-16T22:29:40Z,
scripts/warhammer_com/images/adeptus_titanicus/mars_pattern_fist/clean/99560108148_MarsPatternFist01.jpg,gw_shop,,,,adeptus_titanicus,mars_pattern_fist,scraped,,,gallery,2026-04-16T22:29:40Z,
scripts/warhammer_com/images/adeptus_titanicus/mars_pattern_fist/clean/99560108148_MarsPatternFist02.jpg,gw_shop,,,,adeptus_titanicus,mars_pattern_fist,scraped,,,gallery,2026-04-16T22:29:40Z,
scripts/warhammer_com/images/adeptus_titanicus/mars_pattern_fist/clean/99560108148_MarsPatternFist05.jpg,gw_shop,,,,adeptus_titanicus,mars_pattern_fist,scraped,,,gallery,2026-04-16T22:29:40Z,
scripts/warhammer_com/images/adeptus_titanicus/mars_pattern_warlord_titan_apocalypse_missile_launcher/clean/99560108143_MarsPatternWarlordTitanApocalypseMissileLauncher01.jpg,gw_shop,,,,adeptus_titanicus,mars_pattern_warlord_titan_apocalypse_missile_launcher,scraped,,,gallery,2026-04-16T22:29:40Z,
scripts/warhammer_com/images/adeptus_titanicus/mars_pattern_warlord_titan_body/clean/99560108140_MarsPatternWarlordTitanBody01.jpg,gw_shop,,,,adeptus_titanicus,mars_pattern_warlord_titan_body,scraped,,,gallery,2026-04-16T22:29:40Z,
scripts/warhammer_com/images/adeptus_titanicus/mars_pattern_warlord_titan_body/clean/99560108140_MarsPatternWarlordTitanBody05.jpg,gw_shop,,,,adeptus_titanicus,mars_pattern_warlord_titan_body,scraped,,,gallery,2026-04-16T22:29:40Z,
scripts/warhammer_com/images/adeptus_titanicus/mars_plasma_blastgun/clean/99590108069_MarsPlasmaBlastgun01.jpg,gw_shop,,,,adeptus_titanicus,mars_plasma_blastgun,scraped,,,gallery,2026-04-16T22:29:40Z,
scripts/warhammer_com/images/adeptus_titanicus/reaver_missile_launcher_carapace_mount/clean/99590108066_ReaverMissileLauncherCarapaceMount01.jpg,gw_shop,,,,adeptus_titanicus,reaver_missile_launcher_carapace_mount,scraped,,,gallery,2026-04-16T22:29:40Z,
scripts/warhammer_com/images/adeptus_titanicus/reaver_titan_body/clean/99590108065_ReaverTitanBody01.jpg,gw_shop,,,,adeptus_titanicus,reaver_titan_body,scraped,,,gallery,2026-04-16T22:29:40Z,
scripts/warhammer_com/images/adeptus_titanicus/reaver_titan_body/clean/99590108065_ReaverTitanBody02.jpg,gw_shop,,,,adeptus_titanicus,reaver_titan_body,scraped,,,gallery,2026-04-16T22:29:40Z,
scripts/warhammer_com/images/adeptus_titanicus/reaver_titan_body/clean/99590108065_ReaverTitanBody03.jpg,gw_shop,,,,adeptus_titanicus,reaver_titan_body,scraped,,,gallery,2026-04-16T22:29:40Z,
scripts/warhammer_com/images/adeptus_titanicus/reaver_titan_body/clean/99590108065_ReaverTitanBody07.jpg,gw_shop,,,,adeptus_titanicus,reaver_titan_body,scraped,,,gallery,2026-04-16T22:29:40Z,
scripts/warhammer_com/images/adeptus_titanicus/reaver_titan_power_fist/clean/99590108063_ReaverTitanPowerFist01.jpg,gw_shop,,,,adeptus_titanicus,reaver_titan_power_fist,scraped,,,gallery,2026-04-16T22:29:40Z,
scripts/warhammer_com/images/adeptus_titanicus/titan_belicosa_volcanno_cannon/clean/99560108137_TitanBelicosaVolcannoCannon01.jpg,gw_shop,,,,adeptus_titanicus,titan_belicosa_volcanno_cannon,scraped,,,gallery,2026-04-16T22:29:40Z,
scripts/warhammer_com/images/adeptus_titanicus/vulcan_mega_bolter_mars_alpha/clean/99590108068_VulcanMegaBolterMarsAlpha01.jpg,gw_shop,,,,adeptus_titanicus,vulcan_mega_bolter_mars_alpha,scraped,,,gallery,2026-04-16T22:29:40Z,
scripts/warhammer_com/images/adeptus_titanicus/warhound_titan_mars/clean/99590108067_WarhoundTitanMars01.jpg,gw_shop,,,,adeptus_titanicus,warhound_titan_mars,scraped,,,gallery,2026-04-16T22:29:40Z,
scripts/warhammer_com/images/adeptus_titanicus/warhound_titan_mars/clean/99590108067_WarhoundTitanMars06.jpg,gw_shop,,,,adeptus_titanicus,warhound_titan_mars,scraped,,,gallery,2026-04-16T22:29:40Z,
scripts/warhammer_com/images/adeptus_titanicus/warlord_titan_head/clean/99560108138_WarlordTitanHead01.jpg,gw_shop,,,,adeptus_titanicus,warlord_titan_head,scraped,,,gallery,2026-04-16T22:29:40Z,
scripts/warhammer_com/images/adeptus_titanicus/warlord_titan_head/clean/99560108138_WarlordTitanHead05.jpg,gw_shop,,,,adeptus_titanicus,warlord_titan_head,scraped,,,gallery,2026-04-16T22:29:40Z,
scripts/warhammer_com/images/adeptus_titanicus/warlord_titan_head/clean/99560108138_WarlordTitanHead07.jpg,gw_shop,,,,adeptus_titanicus,warlord_titan_head,scraped,,,gallery,2026-04-16T22:29:40Z,
scripts/warhammer_com/images/adeptus_titanicus/warlord_titan_head/clean/99560108138_WarlordTitanHead08.jpg,gw_shop,,,,adeptus_titanicus,warlord_titan_head,scraped,,,gallery,2026-04-16T22:29:40Z,
scripts/warhammer_com/images/adeptus_titanicus/warlord_titan_head/clean/99560108138_WarlordTitanHead09.jpg,gw_shop,,,,adeptus_titanicus,warlord_titan_head,scraped,,,gallery,2026-04-16T22:29:40Z,
scripts/warhammer_com/images/adeptus_titanicus/warlord_titan_laser_blasters/clean/99560108139_WarlordTitanLaserBlasters01.jpg,gw_shop,,,,adeptus_titanicus,warlord_titan_laser_blasters,scraped,,,gallery,2026-04-16T22:29:40Z,
scripts/warhammer_com/images/adeptus_titanicus/warlord_titan_mori_quake_cannon/clean/99563008218_WarlordTitanMoriQuakeCannonLead.jpg,gw_shop,,,,adeptus_titanicus,warlord_titan_mori_quake_cannon,scraped,,,gallery,2026-04-16T22:29:40Z,
scripts/warhammer_com/images/adeptus_titanicus/warlord_titan_mori_quake_cannon_feature/clean/99563008218_WarlordTitanMoriQuakeCannonFeature02.jpg,gw_shop,,,,adeptus_titanicus,warlord_titan_mori_quake_cannon_feature,scraped,,,gallery,2026-04-16T22:29:40Z,
scripts/warhammer_com/images/adeptus_titanicus/wtg_laser_blaster/clean/99560108216_WTGLaserBlaster02.jpg,gw_shop,,,,adeptus_titanicus,wtg_laser_blaster,scraped,,,gallery,2026-04-16T22:29:40Z,
scripts/warhammer_com/images/aeldari/ael_asurmen/clean/99120104089_AELAsurmen01.jpg,gw_shop,,,,aeldari,ael_asurmen,scraped,,,gallery,2026-04-16T22:29:40Z,
scripts/warhammer_com/images/aeldari/ael_asurmen/clean/99120104089_AELAsurmen02.jpg,gw_shop,,,,aeldari,ael_asurmen,scraped,,,gallery,2026-04-16T22:29:40Z,
scripts/warhammer_com/images/aeldari/ael_asurmen/clean/99120104089_AELAsurmen03.jpg,gw_shop,,,,aeldari,ael_asurmen,scraped,,,gallery,2026-04-16T22:29:40Z,
scripts/warhammer_com/images/aeldari/ael_autarch/clean/99120104077_AELAutarchLead.jpg,gw_shop,,,,aeldari,ael_autarch,scraped,,,gallery,2026-04-16T22:29:40Z,
scripts/warhammer_com/images/aeldari/ael_autarch_feature/clean/99120104077_AELAutarchFeature.jpg,gw_shop,,,,aeldari,ael_autarch_feature,scraped,,,gallery,2026-04-16T22:29:40Z,
scripts/warhammer_com/images/aeldari/ael_autarch_stock/clean/99120104077_AELAutarchStock.jpg,gw_shop,,,,aeldari,ael_autarch_stock,scraped,,,gallery,2026-04-16T22:29:40Z,
scripts/warhammer_com/images/aeldari/ael_avatarof_khaine/clean/99120104072_AELAvatarofKhaineLead.jpg,gw_shop,,,,aeldari,ael_avatarof_khaine,scraped,,,gallery,2026-04-16T22:29:40Z,
scripts/warhammer_com/images/aeldari/ael_avatarof_khaine_feature/clean/99120104072_AELAvatarofKhaineFeature.jpg,gw_shop,,,,aeldari,ael_avatarof_khaine_feature,scraped,,,gallery,2026-04-16T22:29:40Z,
scripts/warhammer_com/images/aeldari/ael_avatarof_khaine_scale/clean/99120104072_AELAvatarofKhaineScale.jpg,gw_shop,,,,aeldari,ael_avatarof_khaine_scale,scraped,,,gallery,2026-04-16T22:29:40Z,
scripts/warhammer_com/images/aeldari/ael_avatarof_khaine_stock/clean/99120104072_AELAvatarofKhaineStock.jpg,gw_shop,,,,aeldari,ael_avatarof_khaine_stock,scraped,,,gallery,2026-04-16T22:29:40Z,
scripts/warhammer_com/images/aeldari/ael_baharroth/clean/99120104099_AELBaharroth01.jpg,gw_shop,,,,aeldari,ael_baharroth,scraped,,,gallery,2026-04-16T22:29:40Z,
scripts/warhammer_com/images/aeldari/ael_baharroth/clean/99120104099_AELBaharroth02.jpg,gw_shop,,,,aeldari,ael_baharroth,scraped,,,gallery,2026-04-16T22:29:40Z,
scripts/warhammer_com/images/aeldari/ael_baharroth/clean/99120104099_AELBaharroth03.jpg,gw_shop,,,,aeldari,ael_baharroth,scraped,,,gallery,2026-04-16T22:29:40Z,
scripts/warhammer_com/images/aeldari/ael_combat_patrol/clean/99120104097_AELCombatPatrol01.jpg,gw_shop,,,,aeldari,ael_combat_patrol,scraped,,,gallery,2026-04-16T22:29:40Z,
scripts/warhammer_com/images/aeldari/ael_combat_patrol/clean/99120104097_AELCombatPatrol02.jpg,gw_shop,,,,aeldari,ael_combat_patrol,scraped,,,gallery,2026-04-16T22:29:40Z,
scripts/warhammer_com/images/aeldari/ael_combat_patrol/clean/99120104097_AELCombatPatrol03.jpg,gw_shop,,,,aeldari,ael_combat_patrol,scraped,,,gallery,2026-04-16T22:29:40Z,
scripts/warhammer_com/images/aeldari/ael_combat_patrol/clean/99120104097_AELCombatPatrol04.jpg,gw_shop,,,,aeldari,ael_combat_patrol,scraped,,,gallery,2026-04-16T22:29:40Z,
scripts/warhammer_com/images/aeldari/ael_combat_patrol/clean/99120104097_AELCombatPatrol05.jpg,gw_shop,,,,aeldari,ael_combat_patrol,scraped,,,gallery,2026-04-16T22:29:40Z,
scripts/warhammer_com/images/aeldari/ael_combat_patrol/clean/99120104097_AELCombatPatrol06.jpg,gw_shop,,,,aeldari,ael_combat_patrol,scraped,,,gallery,2026-04-16T22:29:40Z,
scripts/warhammer_com/images/aeldari/ael_dark_reapers/clean/99120104068_AELDarkReapersLead.jpg,gw_shop,,,,aeldari,ael_dark_reapers,scraped,,,gallery,2026-04-16T22:29:40Z,
scripts/warhammer_com/images/aeldari/ael_dark_reapers_feature/clean/99120104068_AELDarkReapersFeature.jpg,gw_shop,,,,aeldari,ael_dark_reapers_feature,scraped,,,gallery,2026-04-16T22:29:40Z,
scripts/warhammer_com/images/aeldari/ael_dark_reapers_stock/clean/99120104068_AELDarkReapersStock.jpg,gw_shop,,,,aeldari,ael_dark_reapers_stock,scraped,,,gallery,2026-04-16T22:29:40Z,
scripts/warhammer_com/images/aeldari/ael_death_jester_stock/clean/99070111004_AELDeathJesterStock.jpg,gw_shop,,,,aeldari,ael_death_jester_stock,scraped,,,gallery,2026-04-16T22:29:40Z,
scripts/warhammer_com/images/aeldari/ael_dire_avengers_stock/clean/99120104079_AELDireAvengersStock.jpg,gw_shop,,,,aeldari,ael_dire_avengers_stock,scraped,,,gallery,2026-04-16T22:29:40Z,
scripts/warhammer_com/images/aeldari/ael_eldrad_ulthran_stock/clean/99070104008_AELEldradUlthranStock.jpg,gw_shop,,,,aeldari,ael_eldrad_ulthran_stock,scraped,,,gallery,2026-04-16T22:29:40Z,
scripts/warhammer_com/images/aeldari/ael_fire_dragons/clean/99120104102_AELFireDragons01.jpg,gw_shop,,,,aeldari,ael_fire_dragons,scraped,,,gallery,2026-04-16T22:29:40Z,
scripts/warhammer_com/images/aeldari/ael_fire_dragons/clean/99120104102_AELFireDragons02.jpg,gw_shop,,,,aeldari,ael_fire_dragons,scraped,,,gallery,2026-04-16T22:29:40Z,
scripts/warhammer_com/images/aeldari/ael_fire_dragons/clean/99120104102_AELFireDragons03.jpg,gw_shop,,,,aeldari,ael_fire_dragons,scraped,,,gallery,2026-04-16T22:29:40Z,
scripts/warhammer_com/images/aeldari/ael_fire_dragons/clean/99120104102_AELFireDragons04.jpg,gw_shop,,,,aeldari,ael_fire_dragons,scraped,,,gallery,2026-04-16T22:29:40Z,
scripts/warhammer_com/images/aeldari/ael_fuegan/clean/99120104103_AELFuegan01.jpg,gw_shop,,,,aeldari,ael_fuegan,scraped,,,gallery,2026-04-16T22:29:40Z,
scripts/warhammer_com/images/aeldari/ael_fuegan/clean/99120104103_AELFuegan02.jpg,gw_shop,,,,aeldari,ael_fuegan,scraped,,,gallery,2026-04-16T22:29:40Z,
scripts/warhammer_com/images/aeldari/ael_fuegan/clean/99120104103_AELFuegan03.jpg,gw_shop,,,,aeldari,ael_fuegan,scraped,,,gallery,2026-04-16T22:29:40Z,
scripts/warhammer_com/images/aeldari/ael_guardians/clean/99120104067_AELGuardiansLead.jpg,gw_shop,,,,aeldari,ael_guardians,scraped,,,gallery,2026-04-16T22:29:40Z,
scripts/warhammer_com/images/aeldari/ael_guardians_feature/clean/99120104067_AELGuardiansFeature.jpg,gw_shop,,,,aeldari,ael_guardians_feature,scraped,,,gallery,2026-04-16T22:29:40Z,
scripts/warhammer_com/images/aeldari/ael_guardians_feature/clean/99120104067_AELGuardiansFeature02.jpg,gw_shop,,,,aeldari,ael_guardians_feature,scraped,,,gallery,2026-04-16T22:29:40Z,
scripts/warhammer_com/images/aeldari/ael_guardians_feature_alt/clean/99120104067_AELGuardiansFeatureAlt.jpg,gw_shop,,,,aeldari,ael_guardians_feature_alt,scraped,,,gallery,2026-04-16T22:29:40Z,
scripts/warhammer_com/images/aeldari/ael_guardians_lead_alt/clean/99120104067_AELGuardiansLeadAlt.jpg,gw_shop,,,,aeldari,ael_guardians_lead_alt,scraped,,,gallery,2026-04-16T22:29:40Z,
scripts/warhammer_com/images/aeldari/ael_guardians_stock/clean/99120104067_AELGuardiansStock.jpg,gw_shop,,,,aeldari,ael_guardians_stock,scraped,,,gallery,2026-04-16T22:29:40Z,
scripts/warhammer_com/images/aeldari/ael_harlequin_troupe/clean/99120111007_AELHarlequinTroupeLead.jpg,gw_shop,,,,aeldari,ael_harlequin_troupe,scraped,,,gallery,2026-04-16T22:29:40Z,
scripts/warhammer_com/images/aeldari/ael_harlequin_troupe_stock/clean/99120111007_AELHarlequinTroupeStock.jpg,gw_shop,,,,aeldari,ael_harlequin_troupe_stock,scraped,,,gallery,2026-04-16T22:29:40Z,
scripts/warhammer_com/images/aeldari/ael_howling_banshees_stock/clean/99120104086_AELHowlingBansheesStock.jpg,gw_shop,,,,aeldari,ael_howling_banshees_stock,scraped,,,gallery,2026-04-16T22:29:40Z,
scripts/warhammer_com/images/aeldari/ael_jain_zar_stock/clean/99120104087_AELJainZarStock.jpg,gw_shop,,,,aeldari,ael_jain_zar_stock,scraped,,,gallery,2026-04-16T22:29:40Z,
scripts/warhammer_com/images/aeldari/ael_lhykhis/clean/99120104101_AELLhykhis01.jpg,gw_shop,,,,aeldari,ael_lhykhis,scraped,,,gallery,2026-04-16T22:29:40Z,
scripts/warhammer_com/images/aeldari/ael_lhykhis/clean/99120104101_AELLhykhis02.jpg,gw_shop,,,,aeldari,ael_lhykhis,scraped,,,gallery,2026-04-16T22:29:40Z,
scripts/warhammer_com/images/aeldari/ael_lhykhis/clean/99120104101_AELLhykhis03.jpg,gw_shop,,,,aeldari,ael_lhykhis,scraped,,,gallery,2026-04-16T22:29:40Z,
scripts/warhammer_com/images/aeldari/ael_maugan_ra/clean/99120104069_AELMauganRaLead.jpg,gw_shop,,,,aeldari,ael_maugan_ra,scraped,,,gallery,2026-04-16T22:29:40Z,
scripts/warhammer_com/images/aeldari/ael_maugan_ra_feature/clean/99120104069_AELMauganRaFeature.jpg,gw_shop,,,,aeldari,ael_maugan_ra_feature,scraped,,,gallery,2026-04-16T22:29:40Z,
scripts/warhammer_com/images/aeldari/ael_maugan_ra_stock/clean/99120104069_AELMauganRaStock.jpg,gw_shop,,,,aeldari,ael_maugan_ra_stock,scraped,,,gallery,2026-04-16T22:29:40Z,
scripts/warhammer_com/images/aeldari/ael_rangers/clean/99120104073_AELRangersLead.jpg,gw_shop,,,,aeldari,ael_rangers,scraped,,,gallery,2026-04-16T22:29:40Z,
scripts/warhammer_com/images/aeldari/ael_rangers_feature/clean/99120104073_AELRangersFeature.jpg,gw_shop,,,,aeldari,ael_rangers_feature,scraped,,,gallery,2026-04-16T22:29:40Z,
scripts/warhammer_com/images/aeldari/ael_rangers_stock/clean/99120104073_AELRangersStock.jpg,gw_shop,,,,aeldari,ael_rangers_stock,scraped,,,gallery,2026-04-16T22:29:40Z,
scripts/warhammer_com/images/aeldari/ael_shadowseer/clean/99070111005_AELShadowseerLead.jpg,gw_shop,,,,aeldari,ael_shadowseer,scraped,,,gallery,2026-04-16T22:29:40Z,
scripts/warhammer_com/images/aeldari/ael_shining_spear/clean/99120104071_AELShiningSpearLead.jpg,gw_shop,,,,aeldari,ael_shining_spear,scraped,,,gallery,2026-04-16T22:29:40Z,
scripts/warhammer_com/images/aeldari/ael_shining_spear_feature/clean/99120104071_AELShiningSpearFeature.jpg,gw_shop,,,,aeldari,ael_shining_spear_feature,scraped,,,gallery,2026-04-16T22:29:40Z,
scripts/warhammer_com/images/aeldari/ael_shining_spear_stock/clean/99120104071_AELShiningSpearStock.jpg,gw_shop,,,,aeldari,ael_shining_spear_stock,scraped,,,gallery,2026-04-16T22:29:40Z,
scripts/warhammer_com/images/aeldari/ael_skyrunner_stock/clean/99070104012_AELSkyrunnerStock.jpg,gw_shop,,,,aeldari,ael_skyrunner_stock,scraped,,,gallery,2026-04-16T22:29:40Z,
scripts/warhammer_com/images/aeldari/ael_skyweavers_stock/clean/99120111005_AELSkyweaversStock.jpg,gw_shop,,,,aeldari,ael_skyweavers_stock,scraped,,,gallery,2026-04-16T22:29:40Z,
scripts/warhammer_com/images/aeldari/ael_spiritseer_stock/clean/99070104013_AELSpiritseerStock.jpg,gw_shop,,,,aeldari,ael_spiritseer_stock,scraped,,,gallery,2026-04-16T22:29:40Z,
scripts/warhammer_com/images/aeldari/ael_starweaver/clean/99120111006_AELStarweaverLead.jpg,gw_shop,,,,aeldari,ael_starweaver,scraped,,,gallery,2026-04-16T22:29:40Z,
scripts/warhammer_com/images/aeldari/ael_starweaver_stock/clean/99120111006_AELStarweaverStock.jpg,gw_shop,,,,aeldari,ael_starweaver_stock,scraped,,,gallery,2026-04-16T22:29:40Z,
scripts/warhammer_com/images/aeldari/ael_swooping_hawks/clean/99120104098_AELSwoopingHawks01.jpg,gw_shop,,,,aeldari,ael_swooping_hawks,scraped,,,gallery,2026-04-16T22:29:40Z,
scripts/warhammer_com/images/aeldari/ael_swooping_hawks/clean/99120104098_AELSwoopingHawks02.jpg,gw_shop,,,,aeldari,ael_swooping_hawks,scraped,,,gallery,2026-04-16T22:29:40Z,
scripts/warhammer_com/images/aeldari/ael_swooping_hawks/clean/99120104098_AELSwoopingHawks03.jpg,gw_shop,,,,aeldari,ael_swooping_hawks,scraped,,,gallery,2026-04-16T22:29:40Z,
scripts/warhammer_com/images/aeldari/ael_visarch/clean/99070104010_AELVisarchLead.jpg,gw_shop,,,,aeldari,ael_visarch,scraped,,,gallery,2026-04-16T22:29:40Z,
scripts/warhammer_com/images/aeldari/ael_visarch_feature/clean/99070104010_AELVisarchFeature.jpg,gw_shop,,,,aeldari,ael_visarch_feature,scraped,,,gallery,2026-04-16T22:29:40Z,
scripts/warhammer_com/images/aeldari/ael_war_walkers/clean/99120104107_AELWarWalkers01.jpg,gw_shop,,,,aeldari,ael_war_walkers,scraped,,,gallery,2026-04-16T22:29:40Z,
scripts/warhammer_com/images/aeldari/ael_war_walkers/clean/99120104107_AELWarWalkers02.jpg,gw_shop,,,,aeldari,ael_war_walkers,scraped,,,gallery,2026-04-16T22:29:40Z,
scripts/warhammer_com/images/aeldari/ael_war_walkers/clean/99120104107_AELWarWalkers03.jpg,gw_shop,,,,aeldari,ael_war_walkers,scraped,,,gallery,2026-04-16T22:29:40Z,
scripts/warhammer_com/images/aeldari/ael_war_walkers/clean/99120104107_AELWarWalkers04.jpg,gw_shop,,,,aeldari,ael_war_walkers,scraped,,,gallery,2026-04-16T22:29:40Z,
scripts/warhammer_com/images/aeldari/ael_warlocks/clean/99120104066_AELWarlocksLead.jpg,gw_shop,,,,aeldari,ael_warlocks,scraped,,,gallery,2026-04-16T22:29:40Z,
scripts/warhammer_com/images/aeldari/ael_warlocks_feature/clean/99120104066_AELWarlocksFeature.jpg,gw_shop,,,,aeldari,ael_warlocks_feature,scraped,,,gallery,2026-04-16T22:29:40Z,
scripts/warhammer_com/images/aeldari/ael_warlocks_stock/clean/99120104066_AELWarlocksStock.jpg,gw_shop,,,,aeldari,ael_warlocks_stock,scraped,,,gallery,2026-04-16T22:29:40Z,
scripts/warhammer_com/images/aeldari/ael_warp_spiders/clean/99120104100_AELWarpSpiders01.jpg,gw_shop,,,,aeldari,ael_warp_spiders,scraped,,,gallery,2026-04-16T22:29:40Z,
scripts/warhammer_com/images/aeldari/ael_warp_spiders/clean/99120104100_AELWarpSpiders02.jpg,gw_shop,,,,aeldari,ael_warp_spiders,scraped,,,gallery,2026-04-16T22:29:40Z,
scripts/warhammer_com/images/aeldari/ael_warp_spiders/clean/99120104100_AELWarpSpiders03.jpg,gw_shop,,,,aeldari,ael_warp_spiders,scraped,,,gallery,2026-04-16T22:29:40Z,
scripts/warhammer_com/images/aeldari/ael_warp_spiders/clean/99120104100_AELWarpSpiders04.jpg,gw_shop,,,,aeldari,ael_warp_spiders,scraped,,,gallery,2026-04-16T22:29:40Z,
scripts/warhammer_com/images/aeldari/ael_wave_serpent/clean/99120104106_AELWaveSerpent01.jpg,gw_shop,,,,aeldari,ael_wave_serpent,scraped,,,gallery,2026-04-16T22:29:40Z,
scripts/warhammer_com/images/aeldari/ael_wave_serpent/clean/99120104106_AELWaveSerpent03.jpg,gw_shop,,,,aeldari,ael_wave_serpent,scraped,,,gallery,2026-04-16T22:29:40Z,
scripts/warhammer_com/images/aeldari/ael_windriders_stock/clean/99120104082_AELWindridersStock.jpg,gw_shop,,,,aeldari,ael_windriders_stock,scraped,,,gallery,2026-04-16T22:29:40Z,
scripts/warhammer_com/images/aeldari/ael_wraithknight/clean/99120104084_AELWraithknightLead.jpg,gw_shop,,,,aeldari,ael_wraithknight,scraped,,,gallery,2026-04-16T22:29:40Z,
scripts/warhammer_com/images/aeldari/ael_wraithknight_stock/clean/99120104084_AELWraithknightStock.jpg,gw_shop,,,,aeldari,ael_wraithknight_stock,scraped,,,gallery,2026-04-16T22:29:40Z,
scripts/warhammer_com/images/aeldari/ael_wraithlord_stock/clean/99120104085_AELWraithlordStock.jpg,gw_shop,,,,aeldari,ael_wraithlord_stock,scraped,,,gallery,2026-04-16T22:29:40Z,
scripts/warhammer_com/images/aeldari/ael_yncarne/clean/99120104076_AELYncarneLead.jpg,gw_shop,,,,aeldari,ael_yncarne,scraped,,,gallery,2026-04-16T22:29:40Z,
scripts/warhammer_com/images/aeldari/ael_yncarne_feature/clean/99120104076_AELYncarneFeature.jpg,gw_shop,,,,aeldari,ael_yncarne_feature,scraped,,,gallery,2026-04-16T22:29:40Z,
scripts/warhammer_com/images/aeldari/ael_yncarne_stock/clean/99120104076_AELYncarneStock.jpg,gw_shop,,,,aeldari,ael_yncarne_stock,scraped,,,gallery,2026-04-16T22:29:40Z,
scripts/warhammer_com/images/aeldari/ael_yvraine/clean/99070104009_AELYvraineLead.jpg,gw_shop,,,,aeldari,ael_yvraine,scraped,,,gallery,2026-04-16T22:29:40Z,
scripts/warhammer_com/images/aeldari/ael_yvraine_feature/clean/99070104009_AELYvraineFeature.jpg,gw_shop,,,,aeldari,ael_yvraine_feature,scraped,,,gallery,2026-04-16T22:29:40Z,
scripts/warhammer_com/images/aeldari/aeldari_corsair_skyreavers/clean/99120104111_AeldariCorsairSkyreavers01.jpg,gw_shop,,,,aeldari,aeldari_corsair_skyreavers,scraped,,,gallery,2026-04-16T22:29:40Z,
scripts/warhammer_com/images/aeldari/aeldari_corsair_skyreavers/clean/99120104111_AeldariCorsairSkyreavers02.jpg,gw_shop,,,,aeldari,aeldari_corsair_skyreavers,scraped,,,gallery,2026-04-16T22:29:40Z,
scripts/warhammer_com/images/aeldari/aeldari_corsair_skyreavers/clean/99120104111_AeldariCorsairSkyreavers03.jpg,gw_shop,,,,aeldari,aeldari_corsair_skyreavers,scraped,,,gallery,2026-04-16T22:29:40Z,
scripts/warhammer_com/images/aeldari/aeldari_corsair_skyreavers/clean/99120104111_AeldariCorsairSkyreavers04.jpg,gw_shop,,,,aeldari,aeldari_corsair_skyreavers,scraped,,,gallery,2026-04-16T22:29:40Z,
scripts/warhammer_com/images/aeldari/aeldari_corsair_skyreavers/clean/99120104111_AeldariCorsairSkyreavers05.jpg,gw_shop,,,,aeldari,aeldari_corsair_skyreavers,scraped,,,gallery,2026-04-16T22:29:40Z,
scripts/warhammer_com/images/aeldari/aeldari_corsair_skyreavers/clean/99120104111_AeldariCorsairSkyreavers06.jpg,gw_shop,,,,aeldari,aeldari_corsair_skyreavers,scraped,,,gallery,2026-04-16T22:29:40Z,
scripts/warhammer_com/images/aeldari/aeldari_corsair_voidreavers/clean/99120104115_AeldariCorsairVoidreavers01.jpg,gw_shop,,,,aeldari,aeldari_corsair_voidreavers,scraped,,,gallery,2026-04-16T22:29:40Z,
scripts/warhammer_com/images/aeldari/aeldari_corsair_voidreavers/clean/99120104115_AeldariCorsairVoidreavers02.jpg,gw_shop,,,,aeldari,aeldari_corsair_voidreavers,scraped,,,gallery,2026-04-16T22:29:40Z,
scripts/warhammer_com/images/aeldari/aeldari_corsair_voidreavers/clean/99120104115_AeldariCorsairVoidreavers03.jpg,gw_shop,,,,aeldari,aeldari_corsair_voidreavers,scraped,,,gallery,2026-04-16T22:29:40Z,
scripts/warhammer_com/images/aeldari/aeldari_corsair_voidreavers/clean/99120104115_AeldariCorsairVoidreavers04.jpg,gw_shop,,,,aeldari,aeldari_corsair_voidreavers,scraped,,,gallery,2026-04-16T22:29:40Z,
scripts/warhammer_com/images/aeldari/aeldari_corsair_voidreavers/clean/99120104115_AeldariCorsairVoidreavers08.jpg,gw_shop,,,,aeldari,aeldari_corsair_voidreavers,scraped,,,gallery,2026-04-16T22:29:40Z,
scripts/warhammer_com/images/aeldari/aeldari_corsairs_combat_patrol/clean/99120104110_AeldariCorsairsCombatPatrol01.jpg,gw_shop,,,,aeldari,aeldari_corsairs_combat_patrol,scraped,,,gallery,2026-04-16T22:29:40Z,
scripts/warhammer_com/images/aeldari/aeldari_corsairs_combat_patrol/clean/99120104110_AeldariCorsairsCombatPatrol02.jpg,gw_shop,,,,aeldari,aeldari_corsairs_combat_patrol,scraped,,,gallery,2026-04-16T22:29:40Z,
scripts/warhammer_com/images/aeldari/aeldari_corsairs_combat_patrol/clean/99120104110_AeldariCorsairsCombatPatrol03.jpg,gw_shop,,,,aeldari,aeldari_corsairs_combat_patrol,scraped,,,gallery,2026-04-16T22:29:40Z,
scripts/warhammer_com/images/aeldari/aeldari_corsairs_combat_patrol/clean/99120104110_AeldariCorsairsCombatPatrol04.jpg,gw_shop,,,,aeldari,aeldari_corsairs_combat_patrol,scraped,,,gallery,2026-04-16T22:29:40Z,
scripts/warhammer_com/images/aeldari/aeldari_eldritch_raiders/clean/99120104088_AeldariEldritchRaiders1.jpg,gw_shop,,,,aeldari,aeldari_eldritch_raiders,scraped,,,gallery,2026-04-16T22:29:40Z,
scripts/warhammer_com/images/aeldari/aeldari_eldritch_raiders/clean/99120104088_AeldariEldritchRaiders11.jpg,gw_shop,,,,aeldari,aeldari_eldritch_raiders,scraped,,,gallery,2026-04-16T22:29:40Z,
scripts/warhammer_com/images/aeldari/aeldari_eldritch_raiders/clean/99120104088_AeldariEldritchRaiders14.jpg,gw_shop,,,,aeldari,aeldari_eldritch_raiders,scraped,,,gallery,2026-04-16T22:29:40Z,
scripts/warhammer_com/images/aeldari/aeldari_eldritch_raiders/clean/99120104088_AeldariEldritchRaiders15.jpg,gw_shop,,,,aeldari,aeldari_eldritch_raiders,scraped,,,gallery,2026-04-16T22:29:40Z,
scripts/warhammer_com/images/aeldari/aeldari_eldritch_raiders/clean/99120104088_AeldariEldritchRaiders2.jpg,gw_shop,,,,aeldari,aeldari_eldritch_raiders,scraped,,,gallery,2026-04-16T22:29:40Z,
scripts/warhammer_com/images/aeldari/aeldari_eldritch_raiders/clean/99120104088_AeldariEldritchRaiders3.jpg,gw_shop,,,,aeldari,aeldari_eldritch_raiders,scraped,,,gallery,2026-04-16T22:29:40Z,
scripts/warhammer_com/images/aeldari/aeldari_eldritch_raiders/clean/99120104088_AeldariEldritchRaiders7.jpg,gw_shop,,,,aeldari,aeldari_eldritch_raiders,scraped,,,gallery,2026-04-16T22:29:40Z,
scripts/warhammer_com/images/aeldari/aeldari_eldritch_raiders_group/clean/99120104088_AeldariEldritchRaidersGROUP1.jpg,gw_shop,,,,aeldari,aeldari_eldritch_raiders_group,scraped,,,gallery,2026-04-16T22:29:40Z,
scripts/warhammer_com/images/aeldari/aeldari_eldritch_raiders_group/clean/99120104088_AeldariEldritchRaidersGROUP2.jpg,gw_shop,,,,aeldari,aeldari_eldritch_raiders_group,scraped,,,gallery,2026-04-16T22:29:40Z,
scripts/warhammer_com/images/aeldari/aeldari_eldritch_raiders_group/clean/99120104088_AeldariEldritchRaidersGROUP3.jpg,gw_shop,,,,aeldari,aeldari_eldritch_raiders_group,scraped,,,gallery,2026-04-16T22:29:40Z,
scripts/warhammer_com/images/aeldari/aeldari_kharseth/clean/99120104114_AeldariKharseth01.jpg,gw_shop,,,,aeldari,aeldari_kharseth,scraped,,,gallery,2026-04-16T22:29:40Z,
scripts/warhammer_com/images/aeldari/aeldari_kharseth/clean/99120104114_AeldariKharseth02.jpg,gw_shop,,,,aeldari,aeldari_kharseth,scraped,,,gallery,2026-04-16T22:29:40Z,
scripts/warhammer_com/images/aeldari/aeldari_kharseth/clean/99120104114_AeldariKharseth03.jpg,gw_shop,,,,aeldari,aeldari_kharseth,scraped,,,gallery,2026-04-16T22:29:40Z,
scripts/warhammer_com/images/aeldari/aeldari_kharseth/clean/99120104114_AeldariKharseth05.jpg,gw_shop,,,,aeldari,aeldari_kharseth,scraped,,,gallery,2026-04-16T22:29:40Z,
scripts/warhammer_com/images/aeldari/aeldari_prince_yriel/clean/99120104113_AeldariPrinceYriel01.jpg,gw_shop,,,,aeldari,aeldari_prince_yriel,scraped,,,gallery,2026-04-16T22:29:40Z,
scripts/warhammer_com/images/aeldari/aeldari_prince_yriel/clean/99120104113_AeldariPrinceYriel02.jpg,gw_shop,,,,aeldari,aeldari_prince_yriel,scraped,,,gallery,2026-04-16T22:29:40Z,
scripts/warhammer_com/images/aeldari/aeldari_prince_yriel/clean/99120104113_AeldariPrinceYriel03.jpg,gw_shop,,,,aeldari,aeldari_prince_yriel,scraped,,,gallery,2026-04-16T22:29:40Z,
scripts/warhammer_com/images/aeldari/aeldari_prince_yriel/clean/99120104113_AeldariPrinceYriel05.jpg,gw_shop,,,,aeldari,aeldari_prince_yriel,scraped,,,gallery,2026-04-16T22:29:40Z,
scripts/warhammer_com/images/aeldari/aeldari_vyper/clean/99120104112_AeldariVyper01.jpg,gw_shop,,,,aeldari,aeldari_vyper,scraped,,,gallery,2026-04-16T22:29:40Z,
scripts/warhammer_com/images/aeldari/aeldari_vyper/clean/99120104112_AeldariVyper02.jpg,gw_shop,,,,aeldari,aeldari_vyper,scraped,,,gallery,2026-04-16T22:29:40Z,
scripts/warhammer_com/images/aeldari/aeldari_vyper/clean/99120104112_AeldariVyper03.jpg,gw_shop,,,,aeldari,aeldari_vyper,scraped,,,gallery,2026-04-16T22:29:40Z,
scripts/warhammer_com/images/aeldari/aeldari_vyper/clean/99120104112_AeldariVyper04.jpg,gw_shop,,,,aeldari,aeldari_vyper,scraped,,,gallery,2026-04-16T22:29:40Z,
scripts/warhammer_com/images/aeldari/aeldari_vyper/clean/99120104112_AeldariVyper05.jpg,gw_shop,,,,aeldari,aeldari_vyper,scraped,,,gallery,2026-04-16T22:29:40Z,
scripts/warhammer_com/images/aeldari/aeldari_vyper/clean/99120104112_AeldariVyper06.jpg,gw_shop,,,,aeldari,aeldari_vyper,scraped,,,gallery,2026-04-16T22:29:40Z,
scripts/warhammer_com/images/aeldari/crimson_hunter/clean/99120104032_CrimsonHunter02.jpg,gw_shop,,,,aeldari,crimson_hunter,scraped,,,gallery,2026-04-16T22:29:40Z,
scripts/warhammer_com/images/aeldari/crimson_hunter/clean/99120104032_CrimsonHunter03.jpg,gw_shop,,,,aeldari,crimson_hunter,scraped,,,gallery,2026-04-16T22:29:40Z,
scripts/warhammer_com/images/aeldari/cw_jain_zar/clean/99120104063_CWJainZar01.jpg,gw_shop,,,,aeldari,cw_jain_zar,scraped,,,gallery,2026-04-16T22:29:40Z,
scripts/warhammer_com/images/aeldari/de_raider_new/clean/99120112012_DERaiderNEW01.jpg,gw_shop,,,,aeldari,de_raider_new,scraped,,,gallery,2026-04-16T22:29:40Z,
scripts/warhammer_com/images/aeldari/de_raider_new/clean/99120112012_DERaiderNEW02.jpg,gw_shop,,,,aeldari,de_raider_new,scraped,,,gallery,2026-04-16T22:29:40Z,
scripts/warhammer_com/images/aeldari/de_raider_new/clean/99120112012_DERaiderNEW03.jpg,gw_shop,,,,aeldari,de_raider_new,scraped,,,gallery,2026-04-16T22:29:40Z,
scripts/warhammer_com/images/aeldari/de_succubus/clean/99070112003_DESuccubus01.jpg,gw_shop,,,,aeldari,de_succubus,scraped,,,gallery,2026-04-16T22:29:40Z,
scripts/warhammer_com/images/aeldari/de_succubus/clean/99070112003_DESuccubus02.jpg,gw_shop,,,,aeldari,de_succubus,scraped,,,gallery,2026-04-16T22:29:40Z,
scripts/warhammer_com/images/aeldari/de_succubus/clean/99070112003_DESuccubus03.jpg,gw_shop,,,,aeldari,de_succubus,scraped,,,gallery,2026-04-16T22:29:40Z,
scripts/warhammer_com/images/aeldari/dire_avengers/clean/99120104033_DireAvengers01.jpg,gw_shop,,,,aeldari,dire_avengers,scraped,,,gallery,2026-04-16T22:29:40Z,
scripts/warhammer_com/images/aeldari/dire_avengers/clean/99120104033_DireAvengers02.jpg,gw_shop,,,,aeldari,dire_avengers,scraped,,,gallery,2026-04-16T22:29:40Z,
scripts/warhammer_com/images/aeldari/dire_avengers/clean/99120104033_DireAvengers03.jpg,gw_shop,,,,aeldari,dire_avengers,scraped,,,gallery,2026-04-16T22:29:40Z,
scripts/warhammer_com/images/aeldari/dru_incubi/clean/99120112041_DRUIncubi01.jpg,gw_shop,,,,aeldari,dru_incubi,scraped,,,gallery,2026-04-16T22:29:40Z,
scripts/warhammer_com/images/aeldari/drukhari_archon/clean/99120112060_DrukhariArchon1.jpg,gw_shop,,,,aeldari,drukhari_archon,scraped,,,gallery,2026-04-16T22:29:40Z,
scripts/warhammer_com/images/aeldari/drukhari_archon/clean/99120112060_DrukhariArchon2.jpg,gw_shop,,,,aeldari,drukhari_archon,scraped,,,gallery,2026-04-16T22:29:40Z,
scripts/warhammer_com/images/aeldari/drukhari_archon/clean/99120112060_DrukhariArchon3.jpg,gw_shop,,,,aeldari,drukhari_archon,scraped,,,gallery,2026-04-16T22:29:40Z,
scripts/warhammer_com/images/aeldari/drukhari_archon/clean/99120112060_DrukhariArchon5.jpg,gw_shop,,,,aeldari,drukhari_archon,scraped,,,gallery,2026-04-16T22:29:40Z,
scripts/warhammer_com/images/aeldari/drukhari_archon/clean/99120112060_DrukhariArchon6.jpg,gw_shop,,,,aeldari,drukhari_archon,scraped,,,gallery,2026-04-16T22:29:40Z,
scripts/warhammer_com/images/aeldari/drukhari_archon/clean/99120112060_DrukhariArchon8.jpg,gw_shop,,,,aeldari,drukhari_archon,scraped,,,gallery,2026-04-16T22:29:40Z,
scripts/warhammer_com/images/aeldari/eldar_farseer/clean/99070104001_EldarFarseer01.jpg,gw_shop,,,,aeldari,eldar_farseer,scraped,,,gallery,2026-04-16T22:29:40Z,
scripts/warhammer_com/images/aeldari/eldar_fire_prism_x_box/clean/99120104029_EldarFirePrismXBox.jpg,gw_shop,,,,aeldari,eldar_fire_prism_x_box,scraped,,,gallery,2026-04-16T22:29:40Z,
scripts/warhammer_com/images/aeldari/eldar_support_weapon/clean/99120104028_EldarSupportWeapon02.jpg,gw_shop,,,,aeldari,eldar_support_weapon,scraped,,,gallery,2026-04-16T22:29:40Z,
scripts/warhammer_com/images/aeldari/eldar_support_weapon/clean/99120104028_EldarSupportWeapon03.jpg,gw_shop,,,,aeldari,eldar_support_weapon,scraped,,,gallery,2026-04-16T22:29:40Z,
scripts/warhammer_com/images/aeldari/eldar_support_weapon_x_box/clean/99120104028_EldarSupportWeaponXBox.jpg,gw_shop,,,,aeldari,eldar_support_weapon_x_box,scraped,,,gallery,2026-04-16T22:29:40Z,
scripts/warhammer_com/images/aeldari/eldar_wraithblades/clean/99120104031_EldarWraithblades01.jpg,gw_shop,,,,aeldari,eldar_wraithblades,scraped,,,gallery,2026-04-16T22:29:40Z,
scripts/warhammer_com/images/aeldari/eldar_wraithblades/clean/99120104031_EldarWraithblades02.jpg,gw_shop,,,,aeldari,eldar_wraithblades,scraped,,,gallery,2026-04-16T22:29:40Z,
scripts/warhammer_com/images/aeldari/eldar_wraithguard/clean/99120104031_EldarWraithguard01.jpg,gw_shop,,,,aeldari,eldar_wraithguard,scraped,,,gallery,2026-04-16T22:29:40Z,
scripts/warhammer_com/images/aeldari/eldar_wraithguard/clean/99120104031_EldarWraithguard02.jpg,gw_shop,,,,aeldari,eldar_wraithguard,scraped,,,gallery,2026-04-16T22:29:40Z,
scripts/warhammer_com/images/aeldari/eldar_wraithguard/clean/99120104031_EldarWraithguard03.jpg,gw_shop,,,,aeldari,eldar_wraithguard,scraped,,,gallery,2026-04-16T22:29:40Z,
scripts/warhammer_com/images/aeldari/eldar_wraithknight/clean/99120104030_EldarWraithknight02.jpg,gw_shop,,,,aeldari,eldar_wraithknight,scraped,,,gallery,2026-04-16T22:29:40Z,
scripts/warhammer_com/images/aeldari/eldar_wraithknight/clean/99120104030_EldarWraithknight03.jpg,gw_shop,,,,aeldari,eldar_wraithknight,scraped,,,gallery,2026-04-16T22:29:40Z,
scripts/warhammer_com/images/aeldari/eldar_wraithknight/clean/99120104030_EldarWraithknight04.jpg,gw_shop,,,,aeldari,eldar_wraithknight,scraped,,,gallery,2026-04-16T22:29:40Z,
scripts/warhammer_com/images/aeldari/eldarautarch/clean/99070104003_ELDARAUTARCH01.jpg,gw_shop,,,,aeldari,eldarautarch,scraped,,,gallery,2026-04-16T22:29:40Z,
scripts/warhammer_com/images/aeldari/eldarautarch/clean/99070104003_ELDARAUTARCH02.jpg,gw_shop,,,,aeldari,eldarautarch,scraped,,,gallery,2026-04-16T22:29:40Z,
scripts/warhammer_com/images/aeldari/eldarautarch/clean/99070104003_ELDARAUTARCH03.jpg,gw_shop,,,,aeldari,eldarautarch,scraped,,,gallery,2026-04-16T22:29:40Z,
scripts/warhammer_com/images/aeldari/eldarautarch/clean/99070104003_ELDARAUTARCH04.jpg,gw_shop,,,,aeldari,eldarautarch,scraped,,,gallery,2026-04-16T22:29:40Z,
scripts/warhammer_com/images/aeldari/eldarautarch/clean/99070104003_ELDARAUTARCH06.jpg,gw_shop,,,,aeldari,eldarautarch,scraped,,,gallery,2026-04-16T22:29:40Z,
scripts/warhammer_com/images/aeldari/eldarfarseerskyrunner/clean/99070104002_ELDARFARSEERSKYRUNNER01.jpg,gw_shop,,,,aeldari,eldarfarseerskyrunner,scraped,,,gallery,2026-04-16T22:29:40Z,
scripts/warhammer_com/images/aeldari/eldarfarseerskyrunner/clean/99070104002_ELDARFARSEERSKYRUNNER02.jpg,gw_shop,,,,aeldari,eldarfarseerskyrunner,scraped,,,gallery,2026-04-16T22:29:40Z,
scripts/warhammer_com/images/aeldari/eldarfarseerskyrunner/clean/99070104002_ELDARFARSEERSKYRUNNER04.jpg,gw_shop,,,,aeldari,eldarfarseerskyrunner,scraped,,,gallery,2026-04-16T22:29:40Z,
scripts/warhammer_com/images/aeldari/eldarwarlockskyrunner/clean/99070104002_ELDARWARLOCKSKYRUNNER01.jpg,gw_shop,,,,aeldari,eldarwarlockskyrunner,scraped,,,gallery,2026-04-16T22:29:40Z,
scripts/warhammer_com/images/aeldari/eldarwarlockskyrunner/clean/99070104002_ELDARWARLOCKSKYRUNNER02.jpg,gw_shop,,,,aeldari,eldarwarlockskyrunner,scraped,,,gallery,2026-04-16T22:29:40Z,
scripts/warhammer_com/images/aeldari/eldarwarlockskyrunner/clean/99070104002_ELDARWARLOCKSKYRUNNER03.jpg,gw_shop,,,,aeldari,eldarwarlockskyrunner,scraped,,,gallery,2026-04-16T22:29:40Z,
scripts/warhammer_com/images/aeldari/eldarwarlockskyrunner/clean/99070104002_ELDARWARLOCKSKYRUNNER06.jpg,gw_shop,,,,aeldari,eldarwarlockskyrunner,scraped,,,gallery,2026-04-16T22:29:40Z,
scripts/warhammer_com/images/aeldari/eldarwindriders/clean/99120104038_ELDARWINDRIDERS01.jpg,gw_shop,,,,aeldari,eldarwindriders,scraped,,,gallery,2026-04-16T22:29:40Z,
scripts/warhammer_com/images/aeldari/eldarwindriders/clean/99120104038_ELDARWINDRIDERS02.jpg,gw_shop,,,,aeldari,eldarwindriders,scraped,,,gallery,2026-04-16T22:29:40Z,
scripts/warhammer_com/images/aeldari/eldarwindriders/clean/99120104038_ELDARWINDRIDERS03.jpg,gw_shop,,,,aeldari,eldarwindriders,scraped,,,gallery,2026-04-16T22:29:40Z,
scripts/warhammer_com/images/aeldari/eldarwindriders/clean/99120104038_ELDARWINDRIDERS05.jpg,gw_shop,,,,aeldari,eldarwindriders,scraped,,,gallery,2026-04-16T22:29:40Z,
scripts/warhammer_com/images/aeldari/eldrad/clean/99070104006_Eldrad01.jpg,gw_shop,,,,aeldari,eldrad,scraped,,,gallery,2026-04-16T22:29:40Z,
scripts/warhammer_com/images/aeldari/harlequin_starweaver/clean/99120111003_HarlequinStarweaver01.jpg,gw_shop,,,,aeldari,harlequin_starweaver,scraped,,,gallery,2026-04-16T22:29:40Z,
scripts/warhammer_com/images/aeldari/harlequin_starweaver/clean/99120111003_HarlequinStarweaver03.jpg,gw_shop,,,,aeldari,harlequin_starweaver,scraped,,,gallery,2026-04-16T22:29:40Z,
scripts/warhammer_com/images/aeldari/harlequin_voidweaver/clean/99120111003_HarlequinVoidweaver01.jpg,gw_shop,,,,aeldari,harlequin_voidweaver,scraped,,,gallery,2026-04-16T22:29:40Z,
scripts/warhammer_com/images/aeldari/harlequin_voidweaver/clean/99120111003_HarlequinVoidweaver02.jpg,gw_shop,,,,aeldari,harlequin_voidweaver,scraped,,,gallery,2026-04-16T22:29:40Z,
scripts/warhammer_com/images/aeldari/harlequin_voidweaver/clean/99120111003_HarlequinVoidweaver03.jpg,gw_shop,,,,aeldari,harlequin_voidweaver,scraped,,,gallery,2026-04-16T22:29:40Z,
scripts/warhammer_com/images/aeldari/hemlock_wraithfighter/clean/99120104032_HemlockWraithfighter02.jpg,gw_shop,,,,aeldari,hemlock_wraithfighter,scraped,,,gallery,2026-04-16T22:29:40Z,
scripts/warhammer_com/images/aeldari/hemlock_wraithfighter/clean/99120104032_HemlockWraithfighter03.jpg,gw_shop,,,,aeldari,hemlock_wraithfighter,scraped,,,gallery,2026-04-16T22:29:40Z,
scripts/warhammer_com/images/aeldari/howling_banshees/clean/99120104064_HowlingBanshees01.jpg,gw_shop,,,,aeldari,howling_banshees,scraped,,,gallery,2026-04-16T22:29:40Z,
scripts/warhammer_com/images/aeldari/kabalite_warriors_new/clean/99120112007_KabaliteWarriorsNEW01.jpg,gw_shop,,,,aeldari,kabalite_warriors_new,scraped,,,gallery,2026-04-16T22:29:40Z,
scripts/warhammer_com/images/aeldari/kabalite_warriors_new/clean/99120112007_KabaliteWarriorsNEW02.jpg,gw_shop,,,,aeldari,kabalite_warriors_new,scraped,,,gallery,2026-04-16T22:29:40Z,
scripts/warhammer_com/images/aeldari/kabalite_warriors_new/clean/99120112007_KabaliteWarriorsNEW03.jpg,gw_shop,,,,aeldari,kabalite_warriors_new,scraped,,,gallery,2026-04-16T22:29:40Z,
scripts/warhammer_com/images/aeldari/kt_blades_khaine/clean/99120104105_KTBladesKhaine2.jpg,gw_shop,,,,aeldari,kt_blades_khaine,scraped,,,gallery,2026-04-16T22:29:40Z,
scripts/warhammer_com/images/aeldari/kt_blades_khaine/clean/99120104105_KTBladesKhaine3.jpg,gw_shop,,,,aeldari,kt_blades_khaine,scraped,,,gallery,2026-04-16T22:29:40Z,
scripts/warhammer_com/images/aeldari/kt_blades_khaine/clean/99120104105_KTBladesKhaine5.jpg,gw_shop,,,,aeldari,kt_blades_khaine,scraped,,,gallery,2026-04-16T22:29:40Z,
scripts/warhammer_com/images/aeldari/kt_blades_khaine/clean/99120104105_KTBladesKhaine6.jpg,gw_shop,,,,aeldari,kt_blades_khaine,scraped,,,gallery,2026-04-16T22:29:40Z,
scripts/warhammer_com/images/aeldari/ktael_bladesof_khaine_squad_update_transfer/clean/99120104105_KTAELBladesofKhaineSquadUpdateTRANSFER.jpg,gw_shop,,,,aeldari,ktael_bladesof_khaine_squad_update_transfer,scraped,,,gallery,2026-04-16T22:29:40Z,
scripts/warhammer_com/images/aeldari/reavers_new/clean/99120112010_ReaversNEW01.jpg,gw_shop,,,,aeldari,reavers_new,scraped,,,gallery,2026-04-16T22:29:40Z,
scripts/warhammer_com/images/aeldari/reavers_new/clean/99120112010_ReaversNEW02.jpg,gw_shop,,,,aeldari,reavers_new,scraped,,,gallery,2026-04-16T22:29:40Z,
scripts/warhammer_com/images/aeldari/reavers_new/clean/99120112010_ReaversNEW03.jpg,gw_shop,,,,aeldari,reavers_new,scraped,,,gallery,2026-04-16T22:29:40Z,
scripts/warhammer_com/images/aeldari/reavers_new/clean/99120112010_ReaversNEW04.jpg,gw_shop,,,,aeldari,reavers_new,scraped,,,gallery,2026-04-16T22:29:40Z,
scripts/warhammer_com/images/aeldari/shroud_runners/clean/99120104074_ShroudRunnersLead.jpg,gw_shop,,,,aeldari,shroud_runners,scraped,,,gallery,2026-04-16T22:29:40Z,
scripts/warhammer_com/images/aeldari/shroud_runners_feature/clean/99120104074_ShroudRunnersFeature.jpg,gw_shop,,,,aeldari,shroud_runners_feature,scraped,,,gallery,2026-04-16T22:29:40Z,
scripts/warhammer_com/images/aeldari/shroud_runners_stock/clean/99120104074_ShroudRunnersStock.jpg,gw_shop,,,,aeldari,shroud_runners_stock,scraped,,,gallery,2026-04-16T22:29:40Z,
scripts/warhammer_com/images/aeldari/solitaire/clean/99070111003_Solitaire01.jpg,gw_shop,,,,aeldari,solitaire,scraped,,,gallery,2026-04-16T22:29:40Z,
scripts/warhammer_com/images/aeldari/solitaire/clean/99070111003_Solitaire02.jpg,gw_shop,,,,aeldari,solitaire,scraped,,,gallery,2026-04-16T22:29:40Z,
scripts/warhammer_com/images/aeldari/solitaire/clean/99070111003_Solitaire03.jpg,gw_shop,,,,aeldari,solitaire,scraped,,,gallery,2026-04-16T22:29:40Z,
scripts/warhammer_com/images/aeldari/solitaire_box/clean/99070111003_SolitaireBox01.jpg,gw_shop,,,,aeldari,solitaire_box,scraped,,,gallery,2026-04-16T22:29:40Z,
scripts/warhammer_com/images/aeldari/spiritseer/clean/99070104007_Spiritseer01.jpg,gw_shop,,,,aeldari,spiritseer,scraped,,,gallery,2026-04-16T22:29:40Z,
scripts/warhammer_com/images/aeldari/waithguard_stock/clean/99120104083_WaithguardStock.jpg,gw_shop,,,,aeldari,waithguard_stock,scraped,,,gallery,2026-04-16T22:29:40Z,
scripts/warhammer_com/images/aeldari/warhammer_plus_promo_infinitys_lament/clean/99120104109_WarhammerPlusPromoInfinitysLament1.jpg,gw_shop,,,,aeldari,warhammer_plus_promo_infinitys_lament,scraped,,,gallery,2026-04-16T22:29:40Z,
scripts/warhammer_com/images/aeldari/warhammer_plus_promo_infinitys_lament/clean/99120104109_WarhammerPlusPromoInfinitysLament2.jpg,gw_shop,,,,aeldari,warhammer_plus_promo_infinitys_lament,scraped,,,gallery,2026-04-16T22:29:40Z,
scripts/warhammer_com/images/aeldari/warhammer_plus_promo_infinitys_lament/clean/99120104109_WarhammerPlusPromoInfinitysLament3.jpg,gw_shop,,,,aeldari,warhammer_plus_promo_infinitys_lament,scraped,,,gallery,2026-04-16T22:29:40Z,
scripts/warhammer_com/images/aeldari/warhammer_plus_promo_infinitys_lament/clean/99120104109_WarhammerPlusPromoInfinitysLament5.jpg,gw_shop,,,,aeldari,warhammer_plus_promo_infinitys_lament,scraped,,,gallery,2026-04-16T22:29:40Z,
scripts/warhammer_com/images/aeldari/wyches_new/clean/99120112008_WychesNEW01.jpg,gw_shop,,,,aeldari,wyches_new,scraped,,,gallery,2026-04-16T22:29:40Z,
scripts/warhammer_com/images/aeldari/wyches_new/clean/99120112008_WychesNEW02.jpg,gw_shop,,,,aeldari,wyches_new,scraped,,,gallery,2026-04-16T22:29:40Z,
scripts/warhammer_com/images/aeldari/wyches_new/clean/99120112008_WychesNEW03.jpg,gw_shop,,,,aeldari,wyches_new,scraped,,,gallery,2026-04-16T22:29:40Z,
scripts/warhammer_com/images/astra_militarum/am_aegis_defenceline/clean/99120105108_AMAegisDefenceline02.jpg,gw_shop,,,,astra_militarum,am_aegis_defenceline,scraped,,,gallery,2026-04-16T22:29:40Z,
scripts/warhammer_com/images/astra_militarum/am_aegis_defenceline/clean/99120105108_AMAegisDefenceline03.jpg,gw_shop,,,,astra_militarum,am_aegis_defenceline,scraped,,,gallery,2026-04-16T22:29:40Z,
scripts/warhammer_com/images/astra_militarum/am_aegis_defenceline_stock/clean/99120105108_AMAegisDefencelineStock.jpg,gw_shop,,,,astra_militarum,am_aegis_defenceline_stock,scraped,,,gallery,2026-04-16T22:29:40Z,
scripts/warhammer_com/images/astra_militarum/am_baneblade_baneblade/clean/99120105107_AMBanebladeBaneblade02.jpg,gw_shop,,,,astra_militarum,am_baneblade_baneblade,scraped,,,gallery,2026-04-16T22:29:40Z,
scripts/warhammer_com/images/astra_militarum/am_baneblade_baneblade/clean/99120105107_AMBanebladeBaneblade03.jpg,gw_shop,,,,astra_militarum,am_baneblade_baneblade,scraped,,,gallery,2026-04-16T22:29:40Z,
scripts/warhammer_com/images/astra_militarum/am_baneblade_baneblade/clean/99120105107_AMBanebladeBaneblade04.jpg,gw_shop,,,,astra_militarum,am_baneblade_baneblade,scraped,,,gallery,2026-04-16T22:29:40Z,
scripts/warhammer_com/images/astra_militarum/am_baneblade_baneblade_stock/clean/99120105107_AMBanebladeBanebladeStock.jpg,gw_shop,,,,astra_militarum,am_baneblade_baneblade_stock,scraped,,,gallery,2026-04-16T22:29:40Z,
scripts/warhammer_com/images/astra_militarum/am_baneblade_lead_baneblade/clean/99120105107_AMBanebladeLeadBaneblade.jpg,gw_shop,,,,astra_militarum,am_baneblade_lead_baneblade,scraped,,,gallery,2026-04-16T22:29:40Z,
scripts/warhammer_com/images/astra_militarum/am_baneblade_lead_banehammer/clean/99120105107_AMBanebladeLeadBanehammer.jpg,gw_shop,,,,astra_militarum,am_baneblade_lead_banehammer,scraped,,,gallery,2026-04-16T22:29:40Z,
scripts/warhammer_com/images/astra_militarum/am_baneblade_lead_banesword/clean/99120105107_AMBanebladeLeadBanesword.jpg,gw_shop,,,,astra_militarum,am_baneblade_lead_banesword,scraped,,,gallery,2026-04-16T22:29:40Z,
scripts/warhammer_com/images/astra_militarum/am_baneblade_lead_hellhammer/clean/99120105107_AMBanebladeLeadHellhammer.jpg,gw_shop,,,,astra_militarum,am_baneblade_lead_hellhammer,scraped,,,gallery,2026-04-16T22:29:40Z,
scripts/warhammer_com/images/astra_militarum/am_baneblade_lead_shadowsword/clean/99120105107_AMBanebladeLeadShadowsword.jpg,gw_shop,,,,astra_militarum,am_baneblade_lead_shadowsword,scraped,,,gallery,2026-04-16T22:29:40Z,
scripts/warhammer_com/images/astra_militarum/am_baneblade_lead_stormlord/clean/99120105107_AMBanebladeLeadStormlord.jpg,gw_shop,,,,astra_militarum,am_baneblade_lead_stormlord,scraped,,,gallery,2026-04-16T22:29:40Z,
scripts/warhammer_com/images/astra_militarum/am_baneblade_lead_stormsword/clean/99120105107_AMBanebladeLeadStormsword.jpg,gw_shop,,,,astra_militarum,am_baneblade_lead_stormsword,scraped,,,gallery,2026-04-16T22:29:40Z,
scripts/warhammer_com/images/astra_militarum/am_baneblade_transfer/clean/99120105107_AMBanebladeTransfer.jpg,gw_shop,,,,astra_militarum,am_baneblade_transfer,scraped,,,gallery,2026-04-16T22:29:40Z,
scripts/warhammer_com/images/astra_militarum/am_bullgryn_nork_deddog/clean/99120105077_AMBullgrynNorkDeddog01.jpg,gw_shop,,,,astra_militarum,am_bullgryn_nork_deddog,scraped,,,gallery,2026-04-16T22:29:40Z,
scripts/warhammer_com/images/astra_militarum/am_bullgryns/clean/99120105117_AMBullgryns1.jpg,gw_shop,,,,astra_militarum,am_bullgryns,scraped,,,gallery,2026-04-16T22:29:40Z,
scripts/warhammer_com/images/astra_militarum/am_bullgryns/clean/99120105117_AMBullgryns2.jpg,gw_shop,,,,astra_militarum,am_bullgryns,scraped,,,gallery,2026-04-16T22:29:40Z,
scripts/warhammer_com/images/astra_militarum/am_bullgryns/clean/99120105117_AMBullgryns3.jpg,gw_shop,,,,astra_militarum,am_bullgryns,scraped,,,gallery,2026-04-16T22:29:40Z,
scripts/warhammer_com/images/astra_militarum/am_bullgryns/clean/99120105117_AMBullgryns4.jpg,gw_shop,,,,astra_militarum,am_bullgryns,scraped,,,gallery,2026-04-16T22:29:40Z,
scripts/warhammer_com/images/astra_militarum/am_bullgryns/clean/99120105117_AMBullgryns5.jpg,gw_shop,,,,astra_militarum,am_bullgryns,scraped,,,gallery,2026-04-16T22:29:40Z,
scripts/warhammer_com/images/astra_militarum/am_bullgryns/clean/99120105117_AMBullgryns6.jpg,gw_shop,,,,astra_militarum,am_bullgryns,scraped,,,gallery,2026-04-16T22:29:40Z,
scripts/warhammer_com/images/astra_militarum/am_bullgryns_feature/clean/99120105117_AMBullgrynsFeature.jpg,gw_shop,,,,astra_militarum,am_bullgryns_feature,scraped,,,gallery,2026-04-16T22:29:40Z,
scripts/warhammer_com/images/astra_militarum/am_bullgryns_scale/clean/99120105117_AMBullgrynsScale.jpg,gw_shop,,,,astra_militarum,am_bullgryns_scale,scraped,,,gallery,2026-04-16T22:29:40Z,
scripts/warhammer_com/images/astra_militarum/am_bullgryns_stock/clean/99120105117_AMBullgrynsStock.jpg,gw_shop,,,,astra_militarum,am_bullgryns_stock,scraped,,,gallery,2026-04-16T22:29:40Z,
scripts/warhammer_com/images/astra_militarum/am_cadian_command_squad/clean/99120105102_AMCadianCommandSquad02.jpg,gw_shop,,,,astra_militarum,am_cadian_command_squad,scraped,,,gallery,2026-04-16T22:29:40Z,
scripts/warhammer_com/images/astra_militarum/am_cadian_command_squad_stock/clean/99120105102_AMCadianCommandSquadStock.jpg,gw_shop,,,,astra_militarum,am_cadian_command_squad_stock,scraped,,,gallery,2026-04-16T22:29:40Z,
scripts/warhammer_com/images/astra_militarum/am_cadian_heavy_weapons_squad/clean/99120105097_AMCadianHeavyWeaponsSquad01.jpg,gw_shop,,,,astra_militarum,am_cadian_heavy_weapons_squad,scraped,,,gallery,2026-04-16T22:29:40Z,
scripts/warhammer_com/images/astra_militarum/am_cadian_heavy_weapons_squad/clean/99120105097_AMCadianHeavyWeaponsSquad02.jpg,gw_shop,,,,astra_militarum,am_cadian_heavy_weapons_squad,scraped,,,gallery,2026-04-16T22:29:40Z,
scripts/warhammer_com/images/astra_militarum/am_cadian_heavy_weapons_squad/clean/99120105097_AMCadianHeavyWeaponsSquad03.jpg,gw_shop,,,,astra_militarum,am_cadian_heavy_weapons_squad,scraped,,,gallery,2026-04-16T22:29:40Z,
scripts/warhammer_com/images/astra_militarum/am_cadian_heavy_weapons_squad_stock/clean/99120105097_AMCadianHeavyWeaponsSquadStock.jpg,gw_shop,,,,astra_militarum,am_cadian_heavy_weapons_squad_stock,scraped,,,gallery,2026-04-16T22:29:40Z,
scripts/warhammer_com/images/astra_militarum/am_cadian_shock_troops/clean/99120105101_AMCadianShockTroops02.jpg,gw_shop,,,,astra_militarum,am_cadian_shock_troops,scraped,,,gallery,2026-04-16T22:29:40Z,
scripts/warhammer_com/images/astra_militarum/am_cadian_shock_troops_stock/clean/99120105101_AMCadianShockTroopsStock.jpg,gw_shop,,,,astra_militarum,am_cadian_shock_troops_stock,scraped,,,gallery,2026-04-16T22:29:40Z,
scripts/warhammer_com/images/astra_militarum/am_chimera/clean/99120105114_AMChimera1.jpg,gw_shop,,,,astra_militarum,am_chimera,scraped,,,gallery,2026-04-16T22:29:40Z,
scripts/warhammer_com/images/astra_militarum/am_chimera/clean/99120105114_AMChimera2.jpg,gw_shop,,,,astra_militarum,am_chimera,scraped,,,gallery,2026-04-16T22:29:40Z,
scripts/warhammer_com/images/astra_militarum/am_chimera/clean/99120105114_AMChimera3.jpg,gw_shop,,,,astra_militarum,am_chimera,scraped,,,gallery,2026-04-16T22:29:40Z,
scripts/warhammer_com/images/astra_militarum/am_chimera_stock/clean/99120105114_AMChimeraStock.jpg,gw_shop,,,,astra_militarum,am_chimera_stock,scraped,,,gallery,2026-04-16T22:29:40Z,
scripts/warhammer_com/images/astra_militarum/am_commissar/clean/99120105099_AMCommissar1.jpg,gw_shop,,,,astra_militarum,am_commissar,scraped,,,gallery,2026-04-16T22:29:40Z,
scripts/warhammer_com/images/astra_militarum/am_commissar/clean/99120105099_AMCommissar2.jpg,gw_shop,,,,astra_militarum,am_commissar,scraped,,,gallery,2026-04-16T22:29:40Z,
scripts/warhammer_com/images/astra_militarum/am_commissar_stock/clean/99120105099_AMCommissarStock.jpg,gw_shop,,,,astra_militarum,am_commissar_stock,scraped,,,gallery,2026-04-16T22:29:40Z,
scripts/warhammer_com/images/astra_militarum/am_field_ordnance_battery/clean/99120105104_AMFieldOrdnanceBattery01.jpg,gw_shop,,,,astra_militarum,am_field_ordnance_battery,scraped,,,gallery,2026-04-16T22:29:40Z,
scripts/warhammer_com/images/astra_militarum/am_field_ordnance_battery/clean/99120105104_AMFieldOrdnanceBattery02.jpg,gw_shop,,,,astra_militarum,am_field_ordnance_battery,scraped,,,gallery,2026-04-16T22:29:40Z,
scripts/warhammer_com/images/astra_militarum/am_field_ordnance_battery/clean/99120105104_AMFieldOrdnanceBattery03.jpg,gw_shop,,,,astra_militarum,am_field_ordnance_battery,scraped,,,gallery,2026-04-16T22:29:40Z,
scripts/warhammer_com/images/astra_militarum/am_field_ordnance_battery_stock/clean/99120105104_AMFieldOrdnanceBatteryStock.jpg,gw_shop,,,,astra_militarum,am_field_ordnance_battery_stock,scraped,,,gallery,2026-04-16T22:29:40Z,
scripts/warhammer_com/images/astra_militarum/am_hydra/clean/99120105115_AMHydra1.jpg,gw_shop,,,,astra_militarum,am_hydra,scraped,,,gallery,2026-04-16T22:29:40Z,
scripts/warhammer_com/images/astra_militarum/am_hydra/clean/99120105115_AMHydra2.jpg,gw_shop,,,,astra_militarum,am_hydra,scraped,,,gallery,2026-04-16T22:29:40Z,
scripts/warhammer_com/images/astra_militarum/am_hydra/clean/99120105115_AMHydra3.jpg,gw_shop,,,,astra_militarum,am_hydra,scraped,,,gallery,2026-04-16T22:29:40Z,
scripts/warhammer_com/images/astra_militarum/am_hydra/clean/99120105115_AMHydra4.jpg,gw_shop,,,,astra_militarum,am_hydra,scraped,,,gallery,2026-04-16T22:29:40Z,
scripts/warhammer_com/images/astra_militarum/am_hydra/clean/99120105115_AMHydra5.jpg,gw_shop,,,,astra_militarum,am_hydra,scraped,,,gallery,2026-04-16T22:29:40Z,
scripts/warhammer_com/images/astra_militarum/am_hydra/clean/99120105115_AMHydra6.jpg,gw_shop,,,,astra_militarum,am_hydra,scraped,,,gallery,2026-04-16T22:29:40Z,
scripts/warhammer_com/images/astra_militarum/am_hydra_stock/clean/99120105115_AMHydraStock.jpg,gw_shop,,,,astra_militarum,am_hydra_stock,scraped,,,gallery,2026-04-16T22:29:40Z,
scripts/warhammer_com/images/astra_militarum/am_leman_russ_battle_tank/clean/99120105111_AMLemanRussBattleTank01.jpg,gw_shop,,,,astra_militarum,am_leman_russ_battle_tank,scraped,,,gallery,2026-04-16T22:29:40Z,
scripts/warhammer_com/images/astra_militarum/am_leman_russ_battle_tank/clean/99120105111_AMLemanRussBattleTank02.jpg,gw_shop,,,,astra_militarum,am_leman_russ_battle_tank,scraped,,,gallery,2026-04-16T22:29:40Z,
scripts/warhammer_com/images/astra_militarum/am_leman_russ_battle_tank/clean/99120105111_AMLemanRussBattleTank03.jpg,gw_shop,,,,astra_militarum,am_leman_russ_battle_tank,scraped,,,gallery,2026-04-16T22:29:40Z,
scripts/warhammer_com/images/astra_militarum/am_leman_russ_battle_tank/clean/99120105111_AMLemanRussBattleTank04.jpg,gw_shop,,,,astra_militarum,am_leman_russ_battle_tank,scraped,,,gallery,2026-04-16T22:29:40Z,
scripts/warhammer_com/images/astra_militarum/am_leman_russ_battle_tank/clean/99120105111_AMLemanRussBattleTank07.jpg,gw_shop,,,,astra_militarum,am_leman_russ_battle_tank,scraped,,,gallery,2026-04-16T22:29:40Z,
scripts/warhammer_com/images/astra_militarum/am_leman_russ_battle_tank_stock/clean/99120105111_AMLemanRussBattleTankStock.jpg,gw_shop,,,,astra_militarum,am_leman_russ_battle_tank_stock,scraped,,,gallery,2026-04-16T22:29:40Z,
scripts/warhammer_com/images/astra_militarum/am_lord_castellan_ursula_creed/clean/99120105096_AMLordCastellanUrsulaCreed01.jpg,gw_shop,,,,astra_militarum,am_lord_castellan_ursula_creed,scraped,,,gallery,2026-04-16T22:29:40Z,
scripts/warhammer_com/images/astra_militarum/am_lord_castellan_ursula_creed/clean/99120105096_AMLordCastellanUrsulaCreed02.jpg,gw_shop,,,,astra_militarum,am_lord_castellan_ursula_creed,scraped,,,gallery,2026-04-16T22:29:40Z,
scripts/warhammer_com/images/astra_militarum/am_lord_castellan_ursula_creed_stock/clean/99120105096_AMLordCastellanUrsulaCreedStock.jpg,gw_shop,,,,astra_militarum,am_lord_castellan_ursula_creed_stock,scraped,,,gallery,2026-04-16T22:29:40Z,
scripts/warhammer_com/images/astra_militarum/am_lord_solar_leontus/clean/99120105095_AMLordSolarLeontus01.jpg,gw_shop,,,,astra_militarum,am_lord_solar_leontus,scraped,,,gallery,2026-04-16T22:29:40Z,
scripts/warhammer_com/images/astra_militarum/am_lord_solar_leontus/clean/99120105095_AMLordSolarLeontus02.jpg,gw_shop,,,,astra_militarum,am_lord_solar_leontus,scraped,,,gallery,2026-04-16T22:29:40Z,
scripts/warhammer_com/images/astra_militarum/am_lord_solar_leontus_stock/clean/99120105095_AMLordSolarLeontusStock.jpg,gw_shop,,,,astra_militarum,am_lord_solar_leontus_stock,scraped,,,gallery,2026-04-16T22:29:40Z,
scripts/warhammer_com/images/astra_militarum/am_nork_scale/clean/99120105117_AMNorkScale.jpg,gw_shop,,,,astra_militarum,am_nork_scale,scraped,,,gallery,2026-04-16T22:29:40Z,
scripts/warhammer_com/images/astra_militarum/am_ogryns_scale/clean/99120105117_AMOgrynsScale.jpg,gw_shop,,,,astra_militarum,am_ogryns_scale,scraped,,,gallery,2026-04-16T22:29:40Z,
scripts/warhammer_com/images/astra_militarum/am_primaris_psyker/clean/99070105003_AMPrimarisPsyker01.jpg,gw_shop,,,,astra_militarum,am_primaris_psyker,scraped,,,gallery,2026-04-16T22:29:40Z,
scripts/warhammer_com/images/astra_militarum/am_primaris_psyker/clean/99070105003_AMPrimarisPsyker02.jpg,gw_shop,,,,astra_militarum,am_primaris_psyker,scraped,,,gallery,2026-04-16T22:29:40Z,
scripts/warhammer_com/images/astra_militarum/am_rogal_dorn_battle_tank/clean/99120105098_AMRogalDornBattleTank01.jpg,gw_shop,,,,astra_militarum,am_rogal_dorn_battle_tank,scraped,,,gallery,2026-04-16T22:29:40Z,
scripts/warhammer_com/images/astra_militarum/am_rogal_dorn_battle_tank/clean/99120105098_AMRogalDornBattleTank02.jpg,gw_shop,,,,astra_militarum,am_rogal_dorn_battle_tank,scraped,,,gallery,2026-04-16T22:29:40Z,
scripts/warhammer_com/images/astra_militarum/am_rogal_dorn_battle_tank/clean/99120105098_AMRogalDornBattleTank03.jpg,gw_shop,,,,astra_militarum,am_rogal_dorn_battle_tank,scraped,,,gallery,2026-04-16T22:29:40Z,
scripts/warhammer_com/images/astra_militarum/am_rogal_dorn_battle_tank/clean/99120105098_AMRogalDornBattleTank04.jpg,gw_shop,,,,astra_militarum,am_rogal_dorn_battle_tank,scraped,,,gallery,2026-04-16T22:29:40Z,
scripts/warhammer_com/images/astra_militarum/am_rogal_dorn_battle_tank/clean/99120105098_AMRogalDornBattleTank05.jpg,gw_shop,,,,astra_militarum,am_rogal_dorn_battle_tank,scraped,,,gallery,2026-04-16T22:29:40Z,
scripts/warhammer_com/images/astra_militarum/am_rogal_dorn_battle_tank/clean/99120105098_AMRogalDornBattleTank07.jpg,gw_shop,,,,astra_militarum,am_rogal_dorn_battle_tank,scraped,,,gallery,2026-04-16T22:29:40Z,
scripts/warhammer_com/images/astra_militarum/am_rogal_dorn_battle_tank_stock/clean/99120105098_AMRogalDornBattleTankStock.jpg,gw_shop,,,,astra_militarum,am_rogal_dorn_battle_tank_stock,scraped,,,gallery,2026-04-16T22:29:40Z,
scripts/warhammer_com/images/astra_militarum/am_sentinel/clean/99120105103_AMSentinel01.jpg,gw_shop,,,,astra_militarum,am_sentinel,scraped,,,gallery,2026-04-16T22:29:40Z,
scripts/warhammer_com/images/astra_militarum/am_sentinel/clean/99120105103_AMSentinel02.jpg,gw_shop,,,,astra_militarum,am_sentinel,scraped,,,gallery,2026-04-16T22:29:40Z,
scripts/warhammer_com/images/astra_militarum/am_sentinel/clean/99120105103_AMSentinel03.jpg,gw_shop,,,,astra_militarum,am_sentinel,scraped,,,gallery,2026-04-16T22:29:40Z,
scripts/warhammer_com/images/astra_militarum/am_sentinel/clean/99120105103_AMSentinel03alt.jpg,gw_shop,,,,astra_militarum,am_sentinel,scraped,,,gallery,2026-04-16T22:29:40Z,
scripts/warhammer_com/images/astra_militarum/am_sentinel_stock/clean/99120105103_AMSentinelStock.jpg,gw_shop,,,,astra_militarum,am_sentinel_stock,scraped,,,gallery,2026-04-16T22:29:40Z,
scripts/warhammer_com/images/astra_militarum/am_sentinel_transfer/clean/99120105103_AMSentinelTransfer.jpg,gw_shop,,,,astra_militarum,am_sentinel_transfer,scraped,,,gallery,2026-04-16T22:29:40Z,
scripts/warhammer_com/images/astra_militarum/am_tempestus_scions/clean/99120105116_AMTempestusScions2.jpg,gw_shop,,,,astra_militarum,am_tempestus_scions,scraped,,,gallery,2026-04-16T22:29:40Z,
scripts/warhammer_com/images/astra_militarum/am_tempestus_scions/clean/99120105116_AMTempestusScions5.jpg,gw_shop,,,,astra_militarum,am_tempestus_scions,scraped,,,gallery,2026-04-16T22:29:40Z,
scripts/warhammer_com/images/astra_militarum/am_valkyre/clean/99120105113_AMValkyre2.jpg,gw_shop,,,,astra_militarum,am_valkyre,scraped,,,gallery,2026-04-16T22:29:40Z,
scripts/warhammer_com/images/astra_militarum/am_valkyre/clean/99120105113_AMValkyre3.jpg,gw_shop,,,,astra_militarum,am_valkyre,scraped,,,gallery,2026-04-16T22:29:40Z,
scripts/warhammer_com/images/astra_militarum/am_valkyre/clean/99120105113_AMValkyreALT.jpg,gw_shop,,,,astra_militarum,am_valkyre,scraped,,,gallery,2026-04-16T22:29:40Z,
scripts/warhammer_com/images/astra_militarum/am_valkyre_stock/clean/99120105113_AMValkyreStock.jpg,gw_shop,,,,astra_militarum,am_valkyre_stock,scraped,,,gallery,2026-04-16T22:29:40Z,
scripts/warhammer_com/images/astra_militarum/astra_militarum_catachan_jungle_fighters_update/clean/99120105040_AstraMilitarumCatachanJungleFightersUPDATE1.jpg,gw_shop,,,,astra_militarum,astra_militarum_catachan_jungle_fighters_update,scraped,,,gallery,2026-04-16T22:29:40Z,
scripts/warhammer_com/images/astra_militarum/astra_militarum_catachan_jungle_fighters_update/clean/99120105040_AstraMilitarumCatachanJungleFightersUPDATE2.jpg,gw_shop,,,,astra_militarum,astra_militarum_catachan_jungle_fighters_update,scraped,,,gallery,2026-04-16T22:29:40Z,
scripts/warhammer_com/images/astra_militarum/astra_militarum_catachan_jungle_fighters_update/clean/99120105040_AstraMilitarumCatachanJungleFightersUPDATE3.jpg,gw_shop,,,,astra_militarum,astra_militarum_catachan_jungle_fighters_update,scraped,,,gallery,2026-04-16T22:29:40Z,
scripts/warhammer_com/images/astra_militarum/astra_militarum_combat_patrol/clean/99120105124_AstraMilitarumCombatPatrol1.jpg,gw_shop,,,,astra_militarum,astra_militarum_combat_patrol,scraped,,,gallery,2026-04-16T22:29:40Z,
scripts/warhammer_com/images/astra_militarum/astra_militarum_combat_patrol/clean/99120105124_AstraMilitarumCombatPatrol2.jpg,gw_shop,,,,astra_militarum,astra_militarum_combat_patrol,scraped,,,gallery,2026-04-16T22:29:40Z,
scripts/warhammer_com/images/astra_militarum/astra_militarum_combat_patrol/clean/99120105124_AstraMilitarumCombatPatrol4.jpg,gw_shop,,,,astra_militarum,astra_militarum_combat_patrol,scraped,,,gallery,2026-04-16T22:29:40Z,
scripts/warhammer_com/images/astra_militarum/astra_militarum_combat_patrol/clean/99120105124_AstraMilitarumCombatPatrol5.jpg,gw_shop,,,,astra_militarum,astra_militarum_combat_patrol,scraped,,,gallery,2026-04-16T22:29:40Z,
scripts/warhammer_com/images/astra_militarum/astra_militarum_combat_patrol/clean/99120105124_AstraMilitarumCombatPatrol6.jpg,gw_shop,,,,astra_militarum,astra_militarum_combat_patrol,scraped,,,gallery,2026-04-16T22:29:40Z,
scripts/warhammer_com/images/astra_militarum/astra_militarum_combat_patrol/clean/99120105124_AstraMilitarumCombatPatrol7.jpg,gw_shop,,,,astra_militarum,astra_militarum_combat_patrol,scraped,,,gallery,2026-04-16T22:29:40Z,
scripts/warhammer_com/images/astra_militarum/astra_militarum_death_korps_krieg_infantry_squad/clean/99120105135_AstraMilitarumDeathKorpsKriegInfantrySquad1.jpg,gw_shop,,,,astra_militarum,astra_militarum_death_korps_krieg_infantry_squad,scraped,,,gallery,2026-04-16T22:29:40Z,
scripts/warhammer_com/images/astra_militarum/astra_militarum_death_korps_krieg_infantry_squad/clean/99120105135_AstraMilitarumDeathKorpsKriegInfantrySquad2.jpg,gw_shop,,,,astra_militarum,astra_militarum_death_korps_krieg_infantry_squad,scraped,,,gallery,2026-04-16T22:29:40Z,
scripts/warhammer_com/images/astra_militarum/astra_militarum_death_korps_krieg_infantry_squad/clean/99120105135_AstraMilitarumDeathKorpsKriegInfantrySquad3.jpg,gw_shop,,,,astra_militarum,astra_militarum_death_korps_krieg_infantry_squad,scraped,,,gallery,2026-04-16T22:29:40Z,
scripts/warhammer_com/images/astra_militarum/astra_militarum_death_korps_krieg_infantry_squad/clean/99120105135_AstraMilitarumDeathKorpsKriegInfantrySquad4.jpg,gw_shop,,,,astra_militarum,astra_militarum_death_korps_krieg_infantry_squad,scraped,,,gallery,2026-04-16T22:29:40Z,
scripts/warhammer_com/images/astra_militarum/astra_militarum_death_korps_krieg_infantry_squad/clean/99120105135_AstraMilitarumDeathKorpsKriegInfantrySquad5.jpg,gw_shop,,,,astra_militarum,astra_militarum_death_korps_krieg_infantry_squad,scraped,,,gallery,2026-04-16T22:29:40Z,
scripts/warhammer_com/images/astra_militarum/astra_militarum_death_korps_krieg_infantry_squad/clean/99120105135_AstraMilitarumDeathKorpsKriegInfantrySquad6.jpg,gw_shop,,,,astra_militarum,astra_militarum_death_korps_krieg_infantry_squad,scraped,,,gallery,2026-04-16T22:29:40Z,
scripts/warhammer_com/images/astra_militarum/astra_militarum_krieg_artillery_team/clean/99120105126_AstraMilitarumKriegArtilleryTeam2.jpg,gw_shop,,,,astra_militarum,astra_militarum_krieg_artillery_team,scraped,,,gallery,2026-04-16T22:29:40Z,
scripts/warhammer_com/images/astra_militarum/astra_militarum_krieg_artillery_team/clean/99120105126_AstraMilitarumKriegArtilleryTeam3.jpg,gw_shop,,,,astra_militarum,astra_militarum_krieg_artillery_team,scraped,,,gallery,2026-04-16T22:29:40Z,
scripts/warhammer_com/images/astra_militarum/astra_militarum_krieg_artillery_team/clean/99120105126_AstraMilitarumKriegArtilleryTeam6.jpg,gw_shop,,,,astra_militarum,astra_militarum_krieg_artillery_team,scraped,,,gallery,2026-04-16T22:29:40Z,
scripts/warhammer_com/images/astra_militarum/astra_militarum_krieg_combat_engineers_squad/clean/99120105129_AstraMilitarumKriegCombatEngineersSquad2.jpg,gw_shop,,,,astra_militarum,astra_militarum_krieg_combat_engineers_squad,scraped,,,gallery,2026-04-16T22:29:40Z,
scripts/warhammer_com/images/astra_militarum/astra_militarum_krieg_combat_engineers_squad/clean/99120105129_AstraMilitarumKriegCombatEngineersSquad3.jpg,gw_shop,,,,astra_militarum,astra_militarum_krieg_combat_engineers_squad,scraped,,,gallery,2026-04-16T22:29:40Z,
scripts/warhammer_com/images/astra_militarum/astra_militarum_krieg_combat_engineers_squad/clean/99120105129_AstraMilitarumKriegCombatEngineersSquad4.jpg,gw_shop,,,,astra_militarum,astra_militarum_krieg_combat_engineers_squad,scraped,,,gallery,2026-04-16T22:29:40Z,
scripts/warhammer_com/images/astra_militarum/astra_militarum_krieg_combat_engineers_squad/clean/99120105129_AstraMilitarumKriegCombatEngineersSquad6.jpg,gw_shop,,,,astra_militarum,astra_militarum_krieg_combat_engineers_squad,scraped,,,gallery,2026-04-16T22:29:40Z,
scripts/warhammer_com/images/astra_militarum/astra_militarum_krieg_command_squad/clean/99120105127_AstraMilitarumKriegCommandSquad1.jpg,gw_shop,,,,astra_militarum,astra_militarum_krieg_command_squad,scraped,,,gallery,2026-04-16T22:29:40Z,
scripts/warhammer_com/images/astra_militarum/astra_militarum_krieg_command_squad/clean/99120105127_AstraMilitarumKriegCommandSquad2.jpg,gw_shop,,,,astra_militarum,astra_militarum_krieg_command_squad,scraped,,,gallery,2026-04-16T22:29:40Z,
scripts/warhammer_com/images/astra_militarum/astra_militarum_krieg_command_squad/clean/99120105127_AstraMilitarumKriegCommandSquad3.jpg,gw_shop,,,,astra_militarum,astra_militarum_krieg_command_squad,scraped,,,gallery,2026-04-16T22:29:40Z,
scripts/warhammer_com/images/astra_militarum/astra_militarum_krieg_command_squad/clean/99120105127_AstraMilitarumKriegCommandSquad4.jpg,gw_shop,,,,astra_militarum,astra_militarum_krieg_command_squad,scraped,,,gallery,2026-04-16T22:29:40Z,
scripts/warhammer_com/images/astra_militarum/astra_militarum_krieg_command_squad/clean/99120105127_AstraMilitarumKriegCommandSquad5.jpg,gw_shop,,,,astra_militarum,astra_militarum_krieg_command_squad,scraped,,,gallery,2026-04-16T22:29:40Z,
scripts/warhammer_com/images/astra_militarum/astra_militarum_krieg_death_riders_squad/clean/99120105128_AstraMilitarumKriegDeathRidersSquad2.jpg,gw_shop,,,,astra_militarum,astra_militarum_krieg_death_riders_squad,scraped,,,gallery,2026-04-16T22:29:40Z,
scripts/warhammer_com/images/astra_militarum/astra_militarum_krieg_death_riders_squad/clean/99120105128_AstraMilitarumKriegDeathRidersSquad3.jpg,gw_shop,,,,astra_militarum,astra_militarum_krieg_death_riders_squad,scraped,,,gallery,2026-04-16T22:29:40Z,
scripts/warhammer_com/images/astra_militarum/astra_militarum_krieg_death_riders_squad/clean/99120105128_AstraMilitarumKriegDeathRidersSquad4.jpg,gw_shop,,,,astra_militarum,astra_militarum_krieg_death_riders_squad,scraped,,,gallery,2026-04-16T22:29:40Z,
scripts/warhammer_com/images/astra_militarum/astra_militarum_krieg_heavy_weapons_squad/clean/99120105130_AstraMilitarumKriegHeavyWeaponsSquad1.jpg,gw_shop,,,,astra_militarum,astra_militarum_krieg_heavy_weapons_squad,scraped,,,gallery,2026-04-16T22:29:40Z,
scripts/warhammer_com/images/astra_militarum/astra_militarum_krieg_heavy_weapons_squad/clean/99120105130_AstraMilitarumKriegHeavyWeaponsSquad2.jpg,gw_shop,,,,astra_militarum,astra_militarum_krieg_heavy_weapons_squad,scraped,,,gallery,2026-04-16T22:29:40Z,
scripts/warhammer_com/images/astra_militarum/astra_militarum_krieg_heavy_weapons_squad/clean/99120105130_AstraMilitarumKriegHeavyWeaponsSquad3.jpg,gw_shop,,,,astra_militarum,astra_militarum_krieg_heavy_weapons_squad,scraped,,,gallery,2026-04-16T22:29:40Z,
scripts/warhammer_com/images/astra_militarum/astra_militarum_krieg_heavy_weapons_squad/clean/99120105130_AstraMilitarumKriegHeavyWeaponsSquad5.jpg,gw_shop,,,,astra_militarum,astra_militarum_krieg_heavy_weapons_squad,scraped,,,gallery,2026-04-16T22:29:40Z,
scripts/warhammer_com/images/astra_militarum/astra_militarum_krieg_lord_marshal_dreir/clean/99120105125_AstraMilitarumKriegLordMarshalDreir1.jpg,gw_shop,,,,astra_militarum,astra_militarum_krieg_lord_marshal_dreir,scraped,,,gallery,2026-04-16T22:29:40Z,
scripts/warhammer_com/images/astra_militarum/astra_militarum_krieg_lord_marshal_dreir/clean/99120105125_AstraMilitarumKriegLordMarshalDreir3.jpg,gw_shop,,,,astra_militarum,astra_militarum_krieg_lord_marshal_dreir,scraped,,,gallery,2026-04-16T22:29:40Z,
scripts/warhammer_com/images/astra_militarum/attilan_rough_riders_stock/clean/99120105092_AttilanRoughRidersStock.jpg,gw_shop,,,,astra_militarum,attilan_rough_riders_stock,scraped,,,gallery,2026-04-16T22:29:40Z,
scripts/warhammer_com/images/astra_militarum/avenger_strike_bomber/clean/99590108089_AvengerStrikeBomber01.jpg,gw_shop,,,,astra_militarum,avenger_strike_bomber,scraped,,,gallery,2026-04-16T22:29:40Z,
scripts/warhammer_com/images/astra_militarum/avenger_strike_bomber/clean/99590108089_AvengerStrikeBomber02.jpg,gw_shop,,,,astra_militarum,avenger_strike_bomber,scraped,,,gallery,2026-04-16T22:29:40Z,
scripts/warhammer_com/images/astra_militarum/avenger_strike_bomber/clean/99590108089_AvengerStrikeBomber03.jpg,gw_shop,,,,astra_militarum,avenger_strike_bomber,scraped,,,gallery,2026-04-16T22:29:40Z,
scripts/warhammer_com/images/astra_militarum/avenger_strike_bomber/clean/99590108089_AvengerStrikeBomber04.jpg,gw_shop,,,,astra_militarum,avenger_strike_bomber,scraped,,,gallery,2026-04-16T22:29:40Z,
scripts/warhammer_com/images/astra_militarum/basilisk_new/clean/99120105047_BasiliskNEW01.jpg,gw_shop,,,,astra_militarum,basilisk_new,scraped,,,gallery,2026-04-16T22:29:40Z,
scripts/warhammer_com/images/astra_militarum/basilisk_new_box/clean/99120105047_BasiliskNewBox.jpg,gw_shop,,,,astra_militarum,basilisk_new_box,scraped,,,gallery,2026-04-16T22:29:40Z,
scripts/warhammer_com/images/astra_militarum/cadian_castellan/clean/99120105100_CadianCastellan1.jpg,gw_shop,,,,astra_militarum,cadian_castellan,scraped,,,gallery,2026-04-16T22:29:40Z,
scripts/warhammer_com/images/astra_militarum/cadian_castellan/clean/99120105100_CadianCastellan2.jpg,gw_shop,,,,astra_militarum,cadian_castellan,scraped,,,gallery,2026-04-16T22:29:40Z,
scripts/warhammer_com/images/astra_militarum/cadian_castellan_stock/clean/99120105100_CadianCastellanStock.jpg,gw_shop,,,,astra_militarum,cadian_castellan_stock,scraped,,,gallery,2026-04-16T22:29:40Z,
scripts/warhammer_com/images/astra_militarum/cadian_shock_troops/clean/60020105008_CadianShockTroopsLead.jpg,gw_shop,,,,astra_militarum,cadian_shock_troops,scraped,,,gallery,2026-04-16T22:29:40Z,
scripts/warhammer_com/images/astra_militarum/cadian_upgrades/clean/99120105106_CadianUpgrades1.jpg,gw_shop,,,,astra_militarum,cadian_upgrades,scraped,,,gallery,2026-04-16T22:29:40Z,
scripts/warhammer_com/images/astra_militarum/cadian_upgrades/clean/99120105106_CadianUpgrades2.jpg,gw_shop,,,,astra_militarum,cadian_upgrades,scraped,,,gallery,2026-04-16T22:29:40Z,
scripts/warhammer_com/images/astra_militarum/cadian_upgrades/clean/99120105106_CadianUpgrades4.jpg,gw_shop,,,,astra_militarum,cadian_upgrades,scraped,,,gallery,2026-04-16T22:29:40Z,
scripts/warhammer_com/images/astra_militarum/cadian_upgrades_stock/clean/99120105106_CadianUpgradesStock.jpg,gw_shop,,,,astra_militarum,cadian_upgrades_stock,scraped,,,gallery,2026-04-16T22:29:40Z,
scripts/warhammer_com/images/astra_militarum/catachan_command_squad_new/clean/99120105037_CatachanCommandSquadNEW01.jpg,gw_shop,,,,astra_militarum,catachan_command_squad_new,scraped,,,gallery,2026-04-16T22:29:40Z,
scripts/warhammer_com/images/astra_militarum/catachan_command_squad_new/clean/99120105037_CatachanCommandSquadNEW02.jpg,gw_shop,,,,astra_militarum,catachan_command_squad_new,scraped,,,gallery,2026-04-16T22:29:40Z,
scripts/warhammer_com/images/astra_militarum/catachan_command_squad_new/clean/99120105037_CatachanCommandSquadNEW03.jpg,gw_shop,,,,astra_militarum,catachan_command_squad_new,scraped,,,gallery,2026-04-16T22:29:40Z,
scripts/warhammer_com/images/astra_militarum/catachan_command_squad_new/clean/99120105037_CatachanCommandSquadNEW04.jpg,gw_shop,,,,astra_militarum,catachan_command_squad_new,scraped,,,gallery,2026-04-16T22:29:40Z,
scripts/warhammer_com/images/astra_militarum/catachan_heavy_weapon_squad/clean/99120105014_CatachanHeavyWeaponSquad01.jpg,gw_shop,,,,astra_militarum,catachan_heavy_weapon_squad,scraped,,,gallery,2026-04-16T22:29:40Z,
scripts/warhammer_com/images/astra_militarum/catachan_heavy_weapon_squad/clean/99120105014_CatachanHeavyWeaponSquad02.jpg,gw_shop,,,,astra_militarum,catachan_heavy_weapon_squad,scraped,,,gallery,2026-04-16T22:29:40Z,
scripts/warhammer_com/images/astra_militarum/catachan_heavy_weapon_squad/clean/99120105014_CatachanHeavyWeaponSquad03.jpg,gw_shop,,,,astra_militarum,catachan_heavy_weapon_squad,scraped,,,gallery,2026-04-16T22:29:40Z,
scripts/warhammer_com/images/astra_militarum/catachan_heavy_weapon_squad/clean/99120105014_CatachanHeavyWeaponSquad04.jpg,gw_shop,,,,astra_militarum,catachan_heavy_weapon_squad,scraped,,,gallery,2026-04-16T22:29:40Z,
scripts/warhammer_com/images/astra_militarum/catachan_heavy_weapon_squad/clean/99120105014_CatachanHeavyWeaponSquad05.jpg,gw_shop,,,,astra_militarum,catachan_heavy_weapon_squad,scraped,,,gallery,2026-04-16T22:29:40Z,
scripts/warhammer_com/images/astra_militarum/catachan_heavy_weapon_squad/clean/99120105014_CatachanHeavyWeaponSquad08.jpg,gw_shop,,,,astra_militarum,catachan_heavy_weapon_squad,scraped,,,gallery,2026-04-16T22:29:40Z,
scripts/warhammer_com/images/astra_militarum/catachan_heavy_weapons_new/clean/99120105014_CatachanHeavyWeaponsNEW01.jpg,gw_shop,,,,astra_militarum,catachan_heavy_weapons_new,scraped,,,gallery,2026-04-16T22:29:40Z,
scripts/warhammer_com/images/astra_militarum/catachan_heavy_weapons_new/clean/99120105014_CatachanHeavyWeaponsNEW02.jpg,gw_shop,,,,astra_militarum,catachan_heavy_weapons_new,scraped,,,gallery,2026-04-16T22:29:40Z,
scripts/warhammer_com/images/astra_militarum/catachan_heavy_weapons_new/clean/99120105014_CatachanHeavyWeaponsNEW03.jpg,gw_shop,,,,astra_militarum,catachan_heavy_weapons_new,scraped,,,gallery,2026-04-16T22:29:40Z,
scripts/warhammer_com/images/astra_militarum/catachan_heavy_weapons_new/clean/99120105014_CatachanHeavyWeaponsNEW04.jpg,gw_shop,,,,astra_militarum,catachan_heavy_weapons_new,scraped,,,gallery,2026-04-16T22:29:40Z,
scripts/warhammer_com/images/astra_militarum/deathstrike_new/clean/99120105049_DeathstrikeNEW02.jpg,gw_shop,,,,astra_militarum,deathstrike_new,scraped,,,gallery,2026-04-16T22:29:40Z,
scripts/warhammer_com/images/astra_militarum/eng_am_core_game/clean/60010105001_EngAMCoreGame02.jpg,gw_shop,,,,astra_militarum,eng_am_core_game,scraped,,,gallery,2026-04-16T22:29:40Z,
scripts/warhammer_com/images/astra_militarum/engkt_brutal_cunning/clean/99120105132_ENGKTBrutalCunning5.jpg,gw_shop,,,,astra_militarum,engkt_brutal_cunning,scraped,,,gallery,2026-04-16T22:29:40Z,
scripts/warhammer_com/images/astra_militarum/engkt_brutal_cunning/clean/99120105132_ENGKTBrutalCunning6.jpg,gw_shop,,,,astra_militarum,engkt_brutal_cunning,scraped,,,gallery,2026-04-16T22:29:40Z,
scripts/warhammer_com/images/astra_militarum/gaunts_ghosts/clean/99120105087_GauntsGhostsLead.jpg,gw_shop,,,,astra_militarum,gaunts_ghosts,scraped,,,gallery,2026-04-16T22:29:40Z,
scripts/warhammer_com/images/astra_militarum/gaunts_ghosts_feature/clean/99120105087_GauntsGhostsFeature.jpg,gw_shop,,,,astra_militarum,gaunts_ghosts_feature,scraped,,,gallery,2026-04-16T22:29:40Z,
scripts/warhammer_com/images/astra_militarum/gaunts_ghosts_stock/clean/99120105087_GauntsGhostsStock.jpg,gw_shop,,,,astra_militarum,gaunts_ghosts_stock,scraped,,,gallery,2026-04-16T22:29:40Z,
scripts/warhammer_com/images/astra_militarum/hellhound_new/clean/99120105044_HellhoundNEW01.jpg,gw_shop,,,,astra_militarum,hellhound_new,scraped,,,gallery,2026-04-16T22:29:40Z,
scripts/warhammer_com/images/astra_militarum/hellhound_new/clean/99120105044_HellhoundNEW02.jpg,gw_shop,,,,astra_militarum,hellhound_new,scraped,,,gallery,2026-04-16T22:29:40Z,
scripts/warhammer_com/images/astra_militarum/hellhound_new/clean/99120105044_HellhoundNEW03.jpg,gw_shop,,,,astra_militarum,hellhound_new,scraped,,,gallery,2026-04-16T22:29:40Z,
scripts/warhammer_com/images/astra_militarum/ig_manticore_deathstrike_x_box/clean/99120105049_IGManticoreDeathstrikeXBox.jpg,gw_shop,,,,astra_militarum,ig_manticore_deathstrike_x_box,scraped,,,gallery,2026-04-16T22:29:40Z,
scripts/warhammer_com/images/astra_militarum/kt_kasrkin/clean/99120105133_KTKasrkin02.jpg,gw_shop,,,,astra_militarum,kt_kasrkin,scraped,,,gallery,2026-04-16T22:29:40Z,
scripts/warhammer_com/images/astra_militarum/kt_kasrkin/clean/99120105133_KTKasrkin04.jpg,gw_shop,,,,astra_militarum,kt_kasrkin,scraped,,,gallery,2026-04-16T22:29:40Z,
scripts/warhammer_com/images/astra_militarum/kt_ratlings_squad_box/clean/99120105132_KTRatlingsSquadBOX.jpg,gw_shop,,,,astra_militarum,kt_ratlings_squad_box,scraped,,,gallery,2026-04-16T22:29:40Z,
scripts/warhammer_com/images/astra_militarum/kt_ratlings_squad_punch/clean/99120105132_KTRatlingsSquadPUNCH.jpg,gw_shop,,,,astra_militarum,kt_ratlings_squad_punch,scraped,,,gallery,2026-04-16T22:29:40Z,
scripts/warhammer_com/images/astra_militarum/kt_tempestus_aquilons/clean/99120105123_KTTempestusAquilons4.jpg,gw_shop,,,,astra_militarum,kt_tempestus_aquilons,scraped,,,gallery,2026-04-16T22:29:40Z,
scripts/warhammer_com/images/astra_militarum/kt_tempestus_aquilons/clean/99120105123_KTTempestusAquilons5.jpg,gw_shop,,,,astra_militarum,kt_tempestus_aquilons,scraped,,,gallery,2026-04-16T22:29:40Z,
scripts/warhammer_com/images/astra_militarum/kt_tempestus_aquilons/clean/99120105123_KTTempestusAquilons6.jpg,gw_shop,,,,astra_militarum,kt_tempestus_aquilons,scraped,,,gallery,2026-04-16T22:29:40Z,
scripts/warhammer_com/images/astra_militarum/manticore_new/clean/99120105049_ManticoreNEW01.jpg,gw_shop,,,,astra_militarum,manticore_new,scraped,,,gallery,2026-04-16T22:29:40Z,
scripts/warhammer_com/images/astra_militarum/marauderbomber/clean/99590108015_MARAUDERBOMBER1.jpg,gw_shop,,,,astra_militarum,marauderbomber,scraped,,,gallery,2026-04-16T22:29:40Z,
scripts/warhammer_com/images/astra_militarum/marauderbomber/clean/99590108015_MARAUDERBOMBER3.jpg,gw_shop,,,,astra_militarum,marauderbomber,scraped,,,gallery,2026-04-16T22:29:40Z,
scripts/warhammer_com/images/astra_militarum/marauderbomber/clean/99590108015_MARAUDERBOMBER4.jpg,gw_shop,,,,astra_militarum,marauderbomber,scraped,,,gallery,2026-04-16T22:29:40Z,
scripts/warhammer_com/images/astra_militarum/sly_marbo/clean/99810105030_SlyMarbo01.jpg,gw_shop,,,,astra_militarum,sly_marbo,scraped,,,gallery,2026-04-16T22:29:40Z,
scripts/warhammer_com/images/astra_militarum/taurox/clean/99120105054_Taurox01.jpg,gw_shop,,,,astra_militarum,taurox,scraped,,,gallery,2026-04-16T22:29:40Z,
scripts/warhammer_com/images/astra_militarum/taurox/clean/99120105054_Taurox02.jpg,gw_shop,,,,astra_militarum,taurox,scraped,,,gallery,2026-04-16T22:29:40Z,
scripts/warhammer_com/images/astra_militarum/taurox/clean/99120105054_Taurox03.jpg,gw_shop,,,,astra_militarum,taurox,scraped,,,gallery,2026-04-16T22:29:40Z,
scripts/warhammer_com/images/astra_militarum/taurox/clean/99120105054_Taurox04.jpg,gw_shop,,,,astra_militarum,taurox,scraped,,,gallery,2026-04-16T22:29:40Z,
scripts/warhammer_com/images/astra_militarum/taurox_prime/clean/99120105054_TauroxPrime01.jpg,gw_shop,,,,astra_militarum,taurox_prime,scraped,,,gallery,2026-04-16T22:29:40Z,
scripts/warhammer_com/images/astra_militarum/taurox_prime/clean/99120105054_TauroxPrime02.jpg,gw_shop,,,,astra_militarum,taurox_prime,scraped,,,gallery,2026-04-16T22:29:40Z,
scripts/warhammer_com/images/astra_militarum/taurox_prime/clean/99120105054_TauroxPrime03.jpg,gw_shop,,,,astra_militarum,taurox_prime,scraped,,,gallery,2026-04-16T22:29:40Z,
scripts/warhammer_com/images/astra_militarum/taurox_prime/clean/99120105054_TauroxPrime04.jpg,gw_shop,,,,astra_militarum,taurox_prime,scraped,,,gallery,2026-04-16T22:29:40Z,
scripts/warhammer_com/images/astra_militarum/tempestus_scions/clean/99120105055_TempestusScions01.jpg,gw_shop,,,,astra_militarum,tempestus_scions,scraped,,,gallery,2026-04-16T22:29:40Z,
scripts/warhammer_com/images/astra_militarum/tempestus_scions_command/clean/99120105055_TempestusScionsCommand01.jpg,gw_shop,,,,astra_militarum,tempestus_scions_command,scraped,,,gallery,2026-04-16T22:29:40Z,
scripts/warhammer_com/images/astra_militarum/thunderbolt_fighter/clean/99590108017_ThunderboltFighter04.jpg,gw_shop,,,,astra_militarum,thunderbolt_fighter,scraped,,,gallery,2026-04-16T22:29:40Z,
scripts/warhammer_com/images/astra_militarum/unbroken/clean/99120105120_Unbroken4.jpg,gw_shop,,,,astra_militarum,unbroken,scraped,,,gallery,2026-04-16T22:29:40Z,
scripts/warhammer_com/images/black_templars/black_templars_combat_patrol/clean/99120101428_BlackTemplarsCombatPatrol1.jpg,gw_shop,,,,black_templars,black_templars_combat_patrol,scraped,,,gallery,2026-04-16T22:29:40Z,
scripts/warhammer_com/images/black_templars/black_templars_combat_patrol/clean/99120101428_BlackTemplarsCombatPatrol10.jpg,gw_shop,,,,black_templars,black_templars_combat_patrol,scraped,,,gallery,2026-04-16T22:29:40Z,
scripts/warhammer_com/images/black_templars/black_templars_combat_patrol/clean/99120101428_BlackTemplarsCombatPatrol11.jpg,gw_shop,,,,black_templars,black_templars_combat_patrol,scraped,,,gallery,2026-04-16T22:29:40Z,
scripts/warhammer_com/images/black_templars/black_templars_combat_patrol/clean/99120101428_BlackTemplarsCombatPatrol2.jpg,gw_shop,,,,black_templars,black_templars_combat_patrol,scraped,,,gallery,2026-04-16T22:29:40Z,
scripts/warhammer_com/images/black_templars/black_templars_combat_patrol/clean/99120101428_BlackTemplarsCombatPatrol25.jpg,gw_shop,,,,black_templars,black_templars_combat_patrol,scraped,,,gallery,2026-04-16T22:29:40Z,
scripts/warhammer_com/images/black_templars/black_templars_combat_patrol/clean/99120101428_BlackTemplarsCombatPatrol4.jpg,gw_shop,,,,black_templars,black_templars_combat_patrol,scraped,,,gallery,2026-04-16T22:29:40Z,
scripts/warhammer_com/images/black_templars/black_templars_combat_patrol/clean/99120101428_BlackTemplarsCombatPatrol5.jpg,gw_shop,,,,black_templars,black_templars_combat_patrol,scraped,,,gallery,2026-04-16T22:29:40Z,
scripts/warhammer_com/images/black_templars/black_templars_combat_patrol/clean/99120101428_BlackTemplarsCombatPatrol6.jpg,gw_shop,,,,black_templars,black_templars_combat_patrol,scraped,,,gallery,2026-04-16T22:29:40Z,
scripts/warhammer_com/images/black_templars/black_templars_combat_patrol/clean/99120101428_BlackTemplarsCombatPatrol7.jpg,gw_shop,,,,black_templars,black_templars_combat_patrol,scraped,,,gallery,2026-04-16T22:29:40Z,
scripts/warhammer_com/images/black_templars/black_templars_combat_patrol/clean/99120101428_BlackTemplarsCombatPatrol8.jpg,gw_shop,,,,black_templars,black_templars_combat_patrol,scraped,,,gallery,2026-04-16T22:29:40Z,
scripts/warhammer_com/images/black_templars/black_templars_combat_patrol/clean/99120101428_BlackTemplarsCombatPatrol9.jpg,gw_shop,,,,black_templars,black_templars_combat_patrol,scraped,,,gallery,2026-04-16T22:29:40Z,
scripts/warhammer_com/images/black_templars/black_templars_combat_patrol_update/clean/99120101428_BlackTemplarsCombatPatrolUPDATE1.jpg,gw_shop,,,,black_templars,black_templars_combat_patrol_update,scraped,,,gallery,2026-04-16T22:29:40Z,
scripts/warhammer_com/images/black_templars/black_templars_combat_patrol_update/clean/99120101428_BlackTemplarsCombatPatrolUPDATE2.jpg,gw_shop,,,,black_templars,black_templars_combat_patrol_update,scraped,,,gallery,2026-04-16T22:29:40Z,
scripts/warhammer_com/images/black_templars/black_templars_crusade_ancient/clean/99120101442_BlackTemplarsCrusadeAncient1Update.jpg,gw_shop,,,,black_templars,black_templars_crusade_ancient,scraped,,,gallery,2026-04-16T22:29:40Z,
scripts/warhammer_com/images/black_templars/black_templars_crusade_ancient/clean/99120101442_BlackTemplarsCrusadeAncient2Update.jpg,gw_shop,,,,black_templars,black_templars_crusade_ancient,scraped,,,gallery,2026-04-16T22:29:40Z,
scripts/warhammer_com/images/black_templars/black_templars_crusade_ancient/clean/99120101442_BlackTemplarsCrusadeAncient4Update.jpg,gw_shop,,,,black_templars,black_templars_crusade_ancient,scraped,,,gallery,2026-04-16T22:29:40Z,
scripts/warhammer_com/images/black_templars/black_templars_crusade_ancient/clean/99120101442_BlackTemplarsCrusadeAncient5Update.jpg,gw_shop,,,,black_templars,black_templars_crusade_ancient,scraped,,,gallery,2026-04-16T22:29:40Z,
scripts/warhammer_com/images/black_templars/black_templars_crusade_ancient/clean/99120101442_BlackTemplarsCrusadeAncient6Update.jpg,gw_shop,,,,black_templars,black_templars_crusade_ancient,scraped,,,gallery,2026-04-16T22:29:40Z,
scripts/warhammer_com/images/black_templars/black_templars_crusade_ancient/clean/99120101442_BlackTemplarsCrusadeAncient8Update.jpg,gw_shop,,,,black_templars,black_templars_crusade_ancient,scraped,,,gallery,2026-04-16T22:29:40Z,
scripts/warhammer_com/images/black_templars/black_templars_execrator/clean/99120101443_BlackTemplarsExecrator1Update.jpg,gw_shop,,,,black_templars,black_templars_execrator,scraped,,,gallery,2026-04-16T22:29:40Z,
scripts/warhammer_com/images/black_templars/black_templars_execrator/clean/99120101443_BlackTemplarsExecrator2Update.jpg,gw_shop,,,,black_templars,black_templars_execrator,scraped,,,gallery,2026-04-16T22:29:40Z,
scripts/warhammer_com/images/black_templars/black_templars_execrator/clean/99120101443_BlackTemplarsExecrator4Update.jpg,gw_shop,,,,black_templars,black_templars_execrator,scraped,,,gallery,2026-04-16T22:29:40Z,
scripts/warhammer_com/images/black_templars/black_templars_execrator/clean/99120101443_BlackTemplarsExecrator5Update.jpg,gw_shop,,,,black_templars,black_templars_execrator,scraped,,,gallery,2026-04-16T22:29:40Z,
scripts/warhammer_com/images/black_templars/black_templars_execrator/clean/99120101443_BlackTemplarsExecrator7Update.jpg,gw_shop,,,,black_templars,black_templars_execrator,scraped,,,gallery,2026-04-16T22:29:40Z,
scripts/warhammer_com/images/black_templars/bt_chaplain_grimaldusand_retinue/clean/99120101364_BTChaplainGrimaldusandRetinueLead.jpg,gw_shop,,,,black_templars,bt_chaplain_grimaldusand_retinue,scraped,,,gallery,2026-04-16T22:29:40Z,
scripts/warhammer_com/images/black_templars/bt_chaplain_grimaldusand_retinue_feature/clean/99120101364_BTChaplainGrimaldusandRetinueFeature.jpg,gw_shop,,,,black_templars,bt_chaplain_grimaldusand_retinue_feature,scraped,,,gallery,2026-04-16T22:29:40Z,
scripts/warhammer_com/images/black_templars/bt_chaplain_grimaldusand_retinue_stock/clean/99120101364_BTChaplainGrimaldusandRetinueStock.jpg,gw_shop,,,,black_templars,bt_chaplain_grimaldusand_retinue_stock,scraped,,,gallery,2026-04-16T22:29:40Z,
scripts/warhammer_com/images/black_templars/bt_high_marshal_helbrecht/clean/99120101363_BTHighMarshalHelbrechtLead.jpg,gw_shop,,,,black_templars,bt_high_marshal_helbrecht,scraped,,,gallery,2026-04-16T22:29:40Z,
scripts/warhammer_com/images/black_templars/bt_high_marshal_helbrecht_feature/clean/99120101363_BTHighMarshalHelbrechtFeature.jpg,gw_shop,,,,black_templars,bt_high_marshal_helbrecht_feature,scraped,,,gallery,2026-04-16T22:29:40Z,
scripts/warhammer_com/images/black_templars/bt_high_marshal_helbrecht_stock/clean/99120101363_BTHighMarshalHelbrechtStock.jpg,gw_shop,,,,black_templars,bt_high_marshal_helbrecht_stock,scraped,,,gallery,2026-04-16T22:29:40Z,
scripts/warhammer_com/images/black_templars/bt_marshal/clean/99120101368_BTMarshalLead.jpg,gw_shop,,,,black_templars,bt_marshal,scraped,,,gallery,2026-04-16T22:29:40Z,
scripts/warhammer_com/images/black_templars/bt_marshal_stock/clean/99120101368_BTMarshalStock.jpg,gw_shop,,,,black_templars,bt_marshal_stock,scraped,,,gallery,2026-04-16T22:29:40Z,
scripts/warhammer_com/images/black_templars/bt_sword_brethren/clean/99120101357_BTSwordBrethrenLead.jpg,gw_shop,,,,black_templars,bt_sword_brethren,scraped,,,gallery,2026-04-16T22:29:40Z,
scripts/warhammer_com/images/black_templars/bt_sword_brethren_feature/clean/99120101357_BTSwordBrethrenFeature.jpg,gw_shop,,,,black_templars,bt_sword_brethren_feature,scraped,,,gallery,2026-04-16T22:29:40Z,
scripts/warhammer_com/images/black_templars/bt_sword_brethren_stock/clean/99120101357_BTSwordBrethrenStock.jpg,gw_shop,,,,black_templars,bt_sword_brethren_stock,scraped,,,gallery,2026-04-16T22:29:40Z,
scripts/warhammer_com/images/black_templars/bt_upgradesand_transfers/clean/99120101369_BTUpgradesandTransfersLead.jpg,gw_shop,,,,black_templars,bt_upgradesand_transfers,scraped,,,gallery,2026-04-16T22:29:40Z,
scripts/warhammer_com/images/black_templars/bt_upgradesand_transfers_single/clean/99120101369_BTUpgradesandTransfersSingle.jpg,gw_shop,,,,black_templars,bt_upgradesand_transfers_single,scraped,,,gallery,2026-04-16T22:29:40Z,
scripts/warhammer_com/images/black_templars/bt_upgradesand_transfers_stock/clean/99120101369_BTUpgradesandTransfersStock.jpg,gw_shop,,,,black_templars,bt_upgradesand_transfers_stock,scraped,,,gallery,2026-04-16T22:29:40Z,
scripts/warhammer_com/images/black_templars/castellan/clean/99120101367_CastellanLead.jpg,gw_shop,,,,black_templars,castellan,scraped,,,gallery,2026-04-16T22:29:40Z,
scripts/warhammer_com/images/black_templars/castellan_feature/clean/99120101367_CastellanFeature.jpg,gw_shop,,,,black_templars,castellan_feature,scraped,,,gallery,2026-04-16T22:29:40Z,
scripts/warhammer_com/images/black_templars/castellan_stock/clean/99120101367_CastellanStock.jpg,gw_shop,,,,black_templars,castellan_stock,scraped,,,gallery,2026-04-16T22:29:40Z,
scripts/warhammer_com/images/black_templars/crusader_squad/clean/99120101351_CrusaderSquadLead.jpg,gw_shop,,,,black_templars,crusader_squad,scraped,,,gallery,2026-04-16T22:29:40Z,
scripts/warhammer_com/images/black_templars/crusader_squad_feature/clean/99120101351_CrusaderSquadFeature.jpg,gw_shop,,,,black_templars,crusader_squad_feature,scraped,,,gallery,2026-04-16T22:29:40Z,
scripts/warhammer_com/images/black_templars/crusader_squad_stock/clean/99120101351_CrusaderSquadStock.jpg,gw_shop,,,,black_templars,crusader_squad_stock,scraped,,,gallery,2026-04-16T22:29:40Z,
scripts/warhammer_com/images/black_templars/emperors_champion_feature/clean/99120101366_EmperorsChampionFeature.jpg,gw_shop,,,,black_templars,emperors_champion_feature,scraped,,,gallery,2026-04-16T22:29:40Z,
scripts/warhammer_com/images/black_templars/emperors_champion_stock/clean/99120101366_EmperorsChampionStock.jpg,gw_shop,,,,black_templars,emperors_champion_stock,scraped,,,gallery,2026-04-16T22:29:40Z,
scripts/warhammer_com/images/black_templars/eng_black_templars_army_set_feature/clean/60010101003_EngBlackTemplarsArmySetFeature02.jpg,gw_shop,,,,black_templars,eng_black_templars_army_set_feature,scraped,,,gallery,2026-04-16T22:29:40Z,
scripts/warhammer_com/images/blood_angels/ba_astorath_the_grim/clean/99120101419_BAAstorathTheGrim01.jpg,gw_shop,,,,blood_angels,ba_astorath_the_grim,scraped,,,gallery,2026-04-16T22:29:40Z,
scripts/warhammer_com/images/blood_angels/ba_astorath_the_grim/clean/99120101419_BAAstorathTheGrim02.jpg,gw_shop,,,,blood_angels,ba_astorath_the_grim,scraped,,,gallery,2026-04-16T22:29:40Z,
scripts/warhammer_com/images/blood_angels/ba_astorath_the_grim/clean/99120101419_BAAstorathTheGrim03.jpg,gw_shop,,,,blood_angels,ba_astorath_the_grim,scraped,,,gallery,2026-04-16T22:29:40Z,
scripts/warhammer_com/images/blood_angels/ba_baal_predator_box/clean/99120101086_BABaalPredatorBox.jpg,gw_shop,,,,blood_angels,ba_baal_predator_box,scraped,,,gallery,2026-04-16T22:29:40Z,
scripts/warhammer_com/images/blood_angels/ba_captain/clean/99120101416_BACaptain01.jpg,gw_shop,,,,blood_angels,ba_captain,scraped,,,gallery,2026-04-16T22:29:40Z,
scripts/warhammer_com/images/blood_angels/ba_captain/clean/99120101416_BACaptain02.jpg,gw_shop,,,,blood_angels,ba_captain,scraped,,,gallery,2026-04-16T22:29:40Z,
scripts/warhammer_com/images/blood_angels/ba_captain/clean/99120101416_BACaptain03.jpg,gw_shop,,,,blood_angels,ba_captain,scraped,,,gallery,2026-04-16T22:29:40Z,
scripts/warhammer_com/images/blood_angels/ba_commander_dante/clean/99120101395_BACommanderDante01.jpg,gw_shop,,,,blood_angels,ba_commander_dante,scraped,,,gallery,2026-04-16T22:29:40Z,
scripts/warhammer_com/images/blood_angels/ba_commander_dante/clean/99120101395_BACommanderDante02.jpg,gw_shop,,,,blood_angels,ba_commander_dante,scraped,,,gallery,2026-04-16T22:29:40Z,
scripts/warhammer_com/images/blood_angels/ba_commander_dante/clean/99120101395_BACommanderDante04.jpg,gw_shop,,,,blood_angels,ba_commander_dante,scraped,,,gallery,2026-04-16T22:29:40Z,
scripts/warhammer_com/images/blood_angels/ba_lemartes/clean/99120101418_BALemartes01.jpg,gw_shop,,,,blood_angels,ba_lemartes,scraped,,,gallery,2026-04-16T22:29:40Z,
scripts/warhammer_com/images/blood_angels/ba_lemartes/clean/99120101418_BALemartes02.jpg,gw_shop,,,,blood_angels,ba_lemartes,scraped,,,gallery,2026-04-16T22:29:40Z,
scripts/warhammer_com/images/blood_angels/ba_lemartes/clean/99120101418_BALemartes03.jpg,gw_shop,,,,blood_angels,ba_lemartes,scraped,,,gallery,2026-04-16T22:29:40Z,
scripts/warhammer_com/images/blood_angels/ba_mephiston_lordof_death/clean/99120101266_BAMephistonLordofDeath01.jpg,gw_shop,,,,blood_angels,ba_mephiston_lordof_death,scraped,,,gallery,2026-04-16T22:29:40Z,
scripts/warhammer_com/images/blood_angels/ba_mephiston_lordof_death/clean/99120101266_BAMephistonLordofDeath02.jpg,gw_shop,,,,blood_angels,ba_mephiston_lordof_death,scraped,,,gallery,2026-04-16T22:29:40Z,
scripts/warhammer_com/images/blood_angels/ba_mephiston_lordof_death/clean/99120101266_BAMephistonLordofDeath03.jpg,gw_shop,,,,blood_angels,ba_mephiston_lordof_death,scraped,,,gallery,2026-04-16T22:29:40Z,
scripts/warhammer_com/images/blood_angels/ba_sanguinary_guard/clean/99120101413_BASanguinaryGuard01.jpg,gw_shop,,,,blood_angels,ba_sanguinary_guard,scraped,,,gallery,2026-04-16T22:29:40Z,
scripts/warhammer_com/images/blood_angels/ba_sanguinary_guard/clean/99120101413_BASanguinaryGuard02.jpg,gw_shop,,,,blood_angels,ba_sanguinary_guard,scraped,,,gallery,2026-04-16T22:29:40Z,
scripts/warhammer_com/images/blood_angels/ba_sanguinary_guard/clean/99120101413_BASanguinaryGuard03.jpg,gw_shop,,,,blood_angels,ba_sanguinary_guard,scraped,,,gallery,2026-04-16T22:29:40Z,
scripts/warhammer_com/images/blood_angels/ba_sanguinary_guard/clean/99120101413_BASanguinaryGuard04.jpg,gw_shop,,,,blood_angels,ba_sanguinary_guard,scraped,,,gallery,2026-04-16T22:29:40Z,
scripts/warhammer_com/images/blood_angels/ba_sanguinary_priest/clean/99120101415_BASanguinaryPriest01.jpg,gw_shop,,,,blood_angels,ba_sanguinary_priest,scraped,,,gallery,2026-04-16T22:29:40Z,
scripts/warhammer_com/images/blood_angels/ba_sanguinary_priest/clean/99120101415_BASanguinaryPriest02.jpg,gw_shop,,,,blood_angels,ba_sanguinary_priest,scraped,,,gallery,2026-04-16T22:29:40Z,
scripts/warhammer_com/images/blood_angels/ba_sanguinary_priest/clean/99120101415_BASanguinaryPriest03.jpg,gw_shop,,,,blood_angels,ba_sanguinary_priest,scraped,,,gallery,2026-04-16T22:29:40Z,
scripts/warhammer_com/images/blood_angels/ba_terminator_lib/clean/99070101007_BATerminatorLib01.jpg,gw_shop,,,,blood_angels,ba_terminator_lib,scraped,,,gallery,2026-04-16T22:29:40Z,
scripts/warhammer_com/images/blood_angels/ba_terminator_lib/clean/99070101007_BATerminatorLib02.jpg,gw_shop,,,,blood_angels,ba_terminator_lib,scraped,,,gallery,2026-04-16T22:29:40Z,
scripts/warhammer_com/images/blood_angels/ba_the_sanguinor/clean/99120101414_BATheSanguinor01.jpg,gw_shop,,,,blood_angels,ba_the_sanguinor,scraped,,,gallery,2026-04-16T22:29:40Z,
scripts/warhammer_com/images/blood_angels/ba_the_sanguinor/clean/99120101414_BATheSanguinor02.jpg,gw_shop,,,,blood_angels,ba_the_sanguinor,scraped,,,gallery,2026-04-16T22:29:40Z,
scripts/warhammer_com/images/blood_angels/ba_the_sanguinor/clean/99120101414_BATheSanguinor03.jpg,gw_shop,,,,blood_angels,ba_the_sanguinor,scraped,,,gallery,2026-04-16T22:29:40Z,
scripts/warhammer_com/images/blood_angels/ba_upgrades_and_transfers/clean/99120101417_BAUpgradesAndTransfers01.jpg,gw_shop,,,,blood_angels,ba_upgrades_and_transfers,scraped,,,gallery,2026-04-16T22:29:40Z,
scripts/warhammer_com/images/blood_angels/ba_upgrades_and_transfers/clean/99120101417_BAUpgradesAndTransfers02.jpg,gw_shop,,,,blood_angels,ba_upgrades_and_transfers,scraped,,,gallery,2026-04-16T22:29:40Z,
scripts/warhammer_com/images/blood_angels/ba_upgrades_and_transfers/clean/99120101417_BAUpgradesAndTransfers03.jpg,gw_shop,,,,blood_angels,ba_upgrades_and_transfers,scraped,,,gallery,2026-04-16T22:29:40Z,
scripts/warhammer_com/images/blood_angels/ba_upgrades_and_transfers/clean/99120101417_BAUpgradesAndTransfers04.jpg,gw_shop,,,,blood_angels,ba_upgrades_and_transfers,scraped,,,gallery,2026-04-16T22:29:40Z,
scripts/warhammer_com/images/blood_angels/baal_predator_details/clean/99120101086_BaalPredatorDetails.jpg,gw_shop,,,,blood_angels,baal_predator_details,scraped,,,gallery,2026-04-16T22:29:40Z,
scripts/warhammer_com/images/blood_angels/bacp_transfer/clean/99120101412_BACPTransfer.jpg,gw_shop,,,,blood_angels,bacp_transfer,scraped,,,gallery,2026-04-16T22:29:40Z,
scripts/warhammer_com/images/blood_angels/sm_mephiston_stock/clean/99120101358_SMMephistonStock.jpg,gw_shop,,,,blood_angels,sm_mephiston_stock,scraped,,,gallery,2026-04-16T22:29:40Z,
scripts/warhammer_com/images/blood_angels/smbacp/clean/99120101412_SMBACP1.jpg,gw_shop,,,,blood_angels,smbacp,scraped,,,gallery,2026-04-16T22:29:40Z,
scripts/warhammer_com/images/blood_angels/smbacp/clean/99120101412_SMBACP2.jpg,gw_shop,,,,blood_angels,smbacp,scraped,,,gallery,2026-04-16T22:29:40Z,
scripts/warhammer_com/images/blood_angels/smbacp/clean/99120101412_SMBACP3.jpg,gw_shop,,,,blood_angels,smbacp,scraped,,,gallery,2026-04-16T22:29:40Z,
scripts/warhammer_com/images/blood_angels/smbacp/clean/99120101412_SMBACP4.jpg,gw_shop,,,,blood_angels,smbacp,scraped,,,gallery,2026-04-16T22:29:40Z,
scripts/warhammer_com/images/blood_angels/smbacp/clean/99120101412_SMBACP5.jpg,gw_shop,,,,blood_angels,smbacp,scraped,,,gallery,2026-04-16T22:29:40Z,
scripts/warhammer_com/images/blood_angels/smbacp/clean/99120101412_SMBACP6.jpg,gw_shop,,,,blood_angels,smbacp,scraped,,,gallery,2026-04-16T22:29:40Z,
scripts/warhammer_com/images/chaos_daemons/beastof_nurgle/clean/99129915044_BeastofNurgle01.jpg,gw_shop,,,,chaos_daemons,beastof_nurgle,scraped,,,gallery,2026-04-16T22:29:40Z,
scripts/warhammer_com/images/chaos_daemons/beastof_nurgle/clean/99129915044_BeastofNurgle02.jpg,gw_shop,,,,chaos_daemons,beastof_nurgle,scraped,,,gallery,2026-04-16T22:29:40Z,
scripts/warhammer_com/images/chaos_daemons/beastof_nurgle_feature/clean/99129915062_BeastofNurgleFeature2.jpg,gw_shop,,,,chaos_daemons,beastof_nurgle_feature,scraped,,,gallery,2026-04-16T22:29:40Z,
scripts/warhammer_com/images/chaos_daemons/beastof_nurgle_stock/clean/99129915062_BeastofNurgleStock.jpg,gw_shop,,,,chaos_daemons,beastof_nurgle_stock,scraped,,,gallery,2026-04-16T22:29:40Z,
scripts/warhammer_com/images/chaos_daemons/belakor_dark_lord_stock/clean/99129915070_BelakorDarkLordStock.jpg,gw_shop,,,,chaos_daemons,belakor_dark_lord_stock,scraped,,,gallery,2026-04-16T22:29:40Z,
scripts/warhammer_com/images/chaos_daemons/blight_war_eng/clean/60010299012_BlightWarENG03.jpg,gw_shop,,,,chaos_daemons,blight_war_eng,scraped,,,gallery,2026-04-16T22:29:40Z,
scripts/warhammer_com/images/chaos_daemons/bloodhunt/clean/60010299039_Bloodhunt4.jpg,gw_shop,,,,chaos_daemons,bloodhunt,scraped,,,gallery,2026-04-16T22:29:40Z,
scripts/warhammer_com/images/chaos_daemons/bloodhunt/clean/60010299039_Bloodhunt8.jpg,gw_shop,,,,chaos_daemons,bloodhunt,scraped,,,gallery,2026-04-16T22:29:40Z,
scripts/warhammer_com/images/chaos_daemons/bloodmasterof_khorne_box/clean/99079915005_BloodmasterofKhorneBox.jpg,gw_shop,,,,chaos_daemons,bloodmasterof_khorne_box,scraped,,,gallery,2026-04-16T22:29:40Z,
scripts/warhammer_com/images/chaos_daemons/bloodmasterof_khorne_box/clean/99079915005_BloodmasterofKhorneBox01.jpg,gw_shop,,,,chaos_daemons,bloodmasterof_khorne_box,scraped,,,gallery,2026-04-16T22:29:40Z,
scripts/warhammer_com/images/chaos_daemons/blue_horrors/clean/99129915029_BlueHorrors01.jpg,gw_shop,,,,chaos_daemons,blue_horrors,scraped,,,gallery,2026-04-16T22:29:40Z,
scripts/warhammer_com/images/chaos_daemons/blue_horrors/clean/99129915029_BlueHorrors03.jpg,gw_shop,,,,chaos_daemons,blue_horrors,scraped,,,gallery,2026-04-16T22:29:40Z,
scripts/warhammer_com/images/chaos_daemons/bo_kh_fleshhounds/clean/99129915050_BoKHFleshhounds01.jpg,gw_shop,,,,chaos_daemons,bo_kh_fleshhounds,scraped,,,gallery,2026-04-16T22:29:40Z,
scripts/warhammer_com/images/chaos_daemons/bo_kh_fleshhounds_box/clean/99129915050_BoKHFleshhoundsBox.jpg,gw_shop,,,,chaos_daemons,bo_kh_fleshhounds_box,scraped,,,gallery,2026-04-16T22:29:40Z,
scripts/warhammer_com/images/chaos_daemons/bo_kh_skull_altar/clean/99120201083_BoKHSkullAltar01.jpg,gw_shop,,,,chaos_daemons,bo_kh_skull_altar,scraped,,,gallery,2026-04-16T22:29:40Z,
scripts/warhammer_com/images/chaos_daemons/bo_kh_skull_altar/clean/99120201083_BoKHSkullAltar04.jpg,gw_shop,,,,chaos_daemons,bo_kh_skull_altar,scraped,,,gallery,2026-04-16T22:29:40Z,
scripts/warhammer_com/images/chaos_daemons/bo_kh_skull_altar/clean/99120201083_BoKHSkullAltar05.jpg,gw_shop,,,,chaos_daemons,bo_kh_skull_altar,scraped,,,gallery,2026-04-16T22:29:40Z,
scripts/warhammer_com/images/chaos_daemons/bok_fangsofthe_blood_god_spearhead/clean/99120201200_BOKFangsoftheBloodGodSpearhead02.jpg,gw_shop,,,,chaos_daemons,bok_fangsofthe_blood_god_spearhead,scraped,,,gallery,2026-04-16T22:29:40Z,
scripts/warhammer_com/images/chaos_daemons/brimstone_horrors/clean/99129915029_BrimstoneHorrors03.jpg,gw_shop,,,,chaos_daemons,brimstone_horrors,scraped,,,gallery,2026-04-16T22:29:40Z,
scripts/warhammer_com/images/chaos_daemons/burning_chariot/clean/99129915030_BurningChariot01.jpg,gw_shop,,,,chaos_daemons,burning_chariot,scraped,,,gallery,2026-04-16T22:29:40Z,
scripts/warhammer_com/images/chaos_daemons/burning_chariot/clean/99129915030_BurningChariot03.jpg,gw_shop,,,,chaos_daemons,burning_chariot,scraped,,,gallery,2026-04-16T22:29:40Z,
scripts/warhammer_com/images/chaos_daemons/burning_chariot/clean/99129915030_BurningChariot04.jpg,gw_shop,,,,chaos_daemons,burning_chariot,scraped,,,gallery,2026-04-16T22:29:40Z,
scripts/warhammer_com/images/chaos_daemons/changecaster_chariot_update/clean/99129915030_ChangecasterChariotUpdateALT.jpg,gw_shop,,,,chaos_daemons,changecaster_chariot_update,scraped,,,gallery,2026-04-16T22:29:40Z,
scripts/warhammer_com/images/chaos_daemons/changecaster_chariot_update_feature/clean/99129915030_ChangecasterChariotUpdateFeature1.jpg,gw_shop,,,,chaos_daemons,changecaster_chariot_update_feature,scraped,,,gallery,2026-04-16T22:29:40Z,
scripts/warhammer_com/images/chaos_daemons/chaos_daemons_belakorthe_dark_master_feature40k/clean/99129915058_ChaosDaemonsBelakortheDarkMasterFeature40k1.jpg,gw_shop,,,,chaos_daemons,chaos_daemons_belakorthe_dark_master_feature40k,scraped,,,gallery,2026-04-16T22:29:40Z,
scripts/warhammer_com/images/chaos_daemons/chaos_daemons_belakorthe_dark_master_feature_ao_s/clean/99129915058_ChaosDaemonsBelakortheDarkMasterFeatureAoS1.jpg,gw_shop,,,,chaos_daemons,chaos_daemons_belakorthe_dark_master_feature_ao_s,scraped,,,gallery,2026-04-16T22:29:40Z,
scripts/warhammer_com/images/chaos_daemons/daemonsof_khorne_blood_crushers/clean/99129915022_DaemonsofKhorneBloodCrushers01.jpg,gw_shop,,,,chaos_daemons,daemonsof_khorne_blood_crushers,scraped,,,gallery,2026-04-16T22:29:40Z,
scripts/warhammer_com/images/chaos_daemons/daemonsof_khorne_blood_crushers/clean/99129915022_DaemonsofKhorneBloodCrushers02.jpg,gw_shop,,,,chaos_daemons,daemonsof_khorne_blood_crushers,scraped,,,gallery,2026-04-16T22:29:40Z,
scripts/warhammer_com/images/chaos_daemons/daemonsof_khorne_blood_crushers/clean/99129915022_DaemonsofKhorneBloodCrushers03.jpg,gw_shop,,,,chaos_daemons,daemonsof_khorne_blood_crushers,scraped,,,gallery,2026-04-16T22:29:40Z,
scripts/warhammer_com/images/chaos_daemons/daemonsof_khorne_blood_crushers/clean/99129915022_DaemonsofKhorneBloodCrushers04.jpg,gw_shop,,,,chaos_daemons,daemonsof_khorne_blood_crushers,scraped,,,gallery,2026-04-16T22:29:40Z,
scripts/warhammer_com/images/chaos_daemons/daemonsof_khorne_blood_crushers/clean/99129915022_DaemonsofKhorneBloodCrushers08.jpg,gw_shop,,,,chaos_daemons,daemonsof_khorne_blood_crushers,scraped,,,gallery,2026-04-16T22:29:40Z,
scripts/warhammer_com/images/chaos_daemons/daemonsof_khorne_blood_letters/clean/99129915023_DaemonsofKhorneBloodLetters01.jpg,gw_shop,,,,chaos_daemons,daemonsof_khorne_blood_letters,scraped,,,gallery,2026-04-16T22:29:40Z,
scripts/warhammer_com/images/chaos_daemons/daemonsof_khorne_blood_letters/clean/99129915023_DaemonsofKhorneBloodLetters02.jpg,gw_shop,,,,chaos_daemons,daemonsof_khorne_blood_letters,scraped,,,gallery,2026-04-16T22:29:40Z,
scripts/warhammer_com/images/chaos_daemons/daemonsof_khorne_blood_letters/clean/99129915023_DaemonsofKhorneBloodLetters03.jpg,gw_shop,,,,chaos_daemons,daemonsof_khorne_blood_letters,scraped,,,gallery,2026-04-16T22:29:40Z,
scripts/warhammer_com/images/chaos_daemons/daemonsof_khorne_blood_letters/clean/99129915023_DaemonsofKhorneBloodLetters04.jpg,gw_shop,,,,chaos_daemons,daemonsof_khorne_blood_letters,scraped,,,gallery,2026-04-16T22:29:40Z,
scripts/warhammer_com/images/chaos_daemons/daemonsof_khorne_blood_letters/clean/99129915023_DaemonsofKhorneBloodLetters05.jpg,gw_shop,,,,chaos_daemons,daemonsof_khorne_blood_letters,scraped,,,gallery,2026-04-16T22:29:40Z,
scripts/warhammer_com/images/chaos_daemons/daemonsof_khorne_blood_letters/clean/99129915023_DaemonsofKhorneBloodLetters09.jpg,gw_shop,,,,chaos_daemons,daemonsof_khorne_blood_letters,scraped,,,gallery,2026-04-16T22:29:40Z,
scripts/warhammer_com/images/chaos_daemons/daemonsof_khorne_blood_thirster/clean/99129915024_DaemonsofKhorneBloodThirster01.jpg,gw_shop,,,,chaos_daemons,daemonsof_khorne_blood_thirster,scraped,,,gallery,2026-04-16T22:29:40Z,
scripts/warhammer_com/images/chaos_daemons/daemonsof_khorne_blood_thirster/clean/99129915024_DaemonsofKhorneBloodThirster02.jpg,gw_shop,,,,chaos_daemons,daemonsof_khorne_blood_thirster,scraped,,,gallery,2026-04-16T22:29:40Z,
scripts/warhammer_com/images/chaos_daemons/daemonsof_khorne_blood_thirster/clean/99129915024_DaemonsofKhorneBloodThirster03.jpg,gw_shop,,,,chaos_daemons,daemonsof_khorne_blood_thirster,scraped,,,gallery,2026-04-16T22:29:40Z,
scripts/warhammer_com/images/chaos_daemons/daemonsof_khorne_blood_thirster/clean/99129915024_DaemonsofKhorneBloodThirster06.jpg,gw_shop,,,,chaos_daemons,daemonsof_khorne_blood_thirster,scraped,,,gallery,2026-04-16T22:29:40Z,
scripts/warhammer_com/images/chaos_daemons/daemonsof_khorne_blood_throne/clean/99129915025_DaemonsofKhorneBloodThrone01.jpg,gw_shop,,,,chaos_daemons,daemonsof_khorne_blood_throne,scraped,,,gallery,2026-04-16T22:29:40Z,
scripts/warhammer_com/images/chaos_daemons/daemonsof_khorne_blood_throne/clean/99129915025_DaemonsofKhorneBloodThrone02.jpg,gw_shop,,,,chaos_daemons,daemonsof_khorne_blood_throne,scraped,,,gallery,2026-04-16T22:29:40Z,
scripts/warhammer_com/images/chaos_daemons/daemonsof_khorne_blood_throne/clean/99129915025_DaemonsofKhorneBloodThrone03.jpg,gw_shop,,,,chaos_daemons,daemonsof_khorne_blood_throne,scraped,,,gallery,2026-04-16T22:29:40Z,
scripts/warhammer_com/images/chaos_daemons/daemonsof_khorne_blood_throne/clean/99129915025_DaemonsofKhorneBloodThrone07.jpg,gw_shop,,,,chaos_daemons,daemonsof_khorne_blood_throne,scraped,,,gallery,2026-04-16T22:29:40Z,
scripts/warhammer_com/images/chaos_daemons/daemonsof_khorne_skull_cannon/clean/99129915025_DaemonsofKhorneSkullCannon01.jpg,gw_shop,,,,chaos_daemons,daemonsof_khorne_skull_cannon,scraped,,,gallery,2026-04-16T22:29:40Z,
scripts/warhammer_com/images/chaos_daemons/daemonsof_khorne_skull_cannon/clean/99129915025_DaemonsofKhorneSkullCannon02.jpg,gw_shop,,,,chaos_daemons,daemonsof_khorne_skull_cannon,scraped,,,gallery,2026-04-16T22:29:40Z,
scripts/warhammer_com/images/chaos_daemons/daemonsof_khorne_skull_cannon/clean/99129915025_DaemonsofKhorneSkullCannon03.jpg,gw_shop,,,,chaos_daemons,daemonsof_khorne_skull_cannon,scraped,,,gallery,2026-04-16T22:29:40Z,
scripts/warhammer_com/images/chaos_daemons/do_s_contorted_epitome/clean/99129915054_DoSContortedEpitome01.jpg,gw_shop,,,,chaos_daemons,do_s_contorted_epitome,scraped,,,gallery,2026-04-16T22:29:40Z,
scripts/warhammer_com/images/chaos_daemons/do_s_contorted_epitome_box/clean/99129915054_DoSContortedEpitomeBox.jpg,gw_shop,,,,chaos_daemons,do_s_contorted_epitome_box,scraped,,,gallery,2026-04-16T22:29:40Z,
scripts/warhammer_com/images/chaos_daemons/do_s_fiends/clean/99129915052_DoSFiends01.jpg,gw_shop,,,,chaos_daemons,do_s_fiends,scraped,,,gallery,2026-04-16T22:29:40Z,
scripts/warhammer_com/images/chaos_daemons/do_s_infernal_enrapturess/clean/99129915053_DoSInfernalEnrapturess01.jpg,gw_shop,,,,chaos_daemons,do_s_infernal_enrapturess,scraped,,,gallery,2026-04-16T22:29:40Z,
scripts/warhammer_com/images/chaos_daemons/do_s_keeperof_secrets/clean/99129915056_DoSKeeperofSecrets01.jpg,gw_shop,,,,chaos_daemons,do_s_keeperof_secrets,scraped,,,gallery,2026-04-16T22:29:40Z,
scripts/warhammer_com/images/chaos_daemons/do_s_keeperof_secrets_box/clean/99129915056_DoSKeeperofSecretsBox01.jpg,gw_shop,,,,chaos_daemons,do_s_keeperof_secrets_box,scraped,,,gallery,2026-04-16T22:29:40Z,
scripts/warhammer_com/images/chaos_daemons/do_s_masque/clean/99079915007_DoSMasque01.jpg,gw_shop,,,,chaos_daemons,do_s_masque,scraped,,,gallery,2026-04-16T22:29:40Z,
scripts/warhammer_com/images/chaos_daemons/do_s_syllesske_vengeful_alliance/clean/99129915055_DoSSyllesskeVengefulAlliance02.jpg,gw_shop,,,,chaos_daemons,do_s_syllesske_vengeful_alliance,scraped,,,gallery,2026-04-16T22:29:40Z,
scripts/warhammer_com/images/chaos_daemons/do_s_syllesske_vengeful_alliance/clean/99129915055_DoSSyllesskeVengefulAlliance03.jpg,gw_shop,,,,chaos_daemons,do_s_syllesske_vengeful_alliance,scraped,,,gallery,2026-04-16T22:29:40Z,
scripts/warhammer_com/images/chaos_daemons/exhalted_flameron_foot/clean/99129915030_ExhaltedFlameronFoot01.jpg,gw_shop,,,,chaos_daemons,exhalted_flameron_foot,scraped,,,gallery,2026-04-16T22:29:40Z,
scripts/warhammer_com/images/chaos_daemons/exhalted_flameron_foot/clean/99129915030_ExhaltedFlameronFoot03.jpg,gw_shop,,,,chaos_daemons,exhalted_flameron_foot,scraped,,,gallery,2026-04-16T22:29:40Z,
scripts/warhammer_com/images/chaos_daemons/feculent_gnarlmaw/clean/99129915047_FeculentGnarlmaw01.jpg,gw_shop,,,,chaos_daemons,feculent_gnarlmaw,scraped,,,gallery,2026-04-16T22:29:40Z,
scripts/warhammer_com/images/chaos_daemons/feculent_gnarlmaw/clean/99129915064_FeculentGnarlmawLead.jpg,gw_shop,,,,chaos_daemons,feculent_gnarlmaw,scraped,,,gallery,2026-04-16T22:29:40Z,
scripts/warhammer_com/images/chaos_daemons/feculent_gnarlmaw_stock/clean/99129915064_FeculentGnarlmawStock.jpg,gw_shop,,,,chaos_daemons,feculent_gnarlmaw_stock,scraped,,,gallery,2026-04-16T22:29:40Z,
scripts/warhammer_com/images/chaos_daemons/great_unclean_one_stock/clean/99129915063_GreatUncleanOneStock.jpg,gw_shop,,,,chaos_daemons,great_unclean_one_stock,scraped,,,gallery,2026-04-16T22:29:40Z,
scripts/warhammer_com/images/chaos_daemons/hellflayer_update_scale/clean/99129915012_HellflayerUpdateScale.jpg,gw_shop,,,,chaos_daemons,hellflayer_update_scale,scraped,,,gallery,2026-04-16T22:29:40Z,
scripts/warhammer_com/images/chaos_daemons/heraldon_burning_chariot/clean/99129915030_HeraldonBurningChariot01.jpg,gw_shop,,,,chaos_daemons,heraldon_burning_chariot,scraped,,,gallery,2026-04-16T22:29:40Z,
scripts/warhammer_com/images/chaos_daemons/heraldon_burning_chariot/clean/99129915030_HeraldonBurningChariot03.jpg,gw_shop,,,,chaos_daemons,heraldon_burning_chariot,scraped,,,gallery,2026-04-16T22:29:40Z,
scripts/warhammer_com/images/chaos_daemons/heraldon_burning_chariot/clean/99129915030_HeraldonBurningChariot04.jpg,gw_shop,,,,chaos_daemons,heraldon_burning_chariot,scraped,,,gallery,2026-04-16T22:29:40Z,
scripts/warhammer_com/images/chaos_daemons/heraldon_burning_chariot/clean/99129915030_HeraldonBurningChariot07.jpg,gw_shop,,,,chaos_daemons,heraldon_burning_chariot,scraped,,,gallery,2026-04-16T22:29:40Z,
scripts/warhammer_com/images/chaos_daemons/horticulus_slimux/clean/99129915046_HorticulusSlimux03.jpg,gw_shop,,,,chaos_daemons,horticulus_slimux,scraped,,,gallery,2026-04-16T22:29:40Z,
scripts/warhammer_com/images/chaos_daemons/horticulus_slimux/clean/99129915046_HorticulusSlimux06.jpg,gw_shop,,,,chaos_daemons,horticulus_slimux,scraped,,,gallery,2026-04-16T22:29:40Z,
scripts/warhammer_com/images/chaos_daemons/kairos_fateweaver/clean/99129915028_KairosFateweaver01.jpg,gw_shop,,,,chaos_daemons,kairos_fateweaver,scraped,,,gallery,2026-04-16T22:29:40Z,
scripts/warhammer_com/images/chaos_daemons/kairos_fateweaver/clean/99129915028_KairosFateweaver04.jpg,gw_shop,,,,chaos_daemons,kairos_fateweaver,scraped,,,gallery,2026-04-16T22:29:40Z,
scripts/warhammer_com/images/chaos_daemons/kairos_fateweaver/clean/99129915028_KairosFateweaver05.jpg,gw_shop,,,,chaos_daemons,kairos_fateweaver,scraped,,,gallery,2026-04-16T22:29:40Z,
scripts/warhammer_com/images/chaos_daemons/kairos_fateweaver/clean/99129915028_KairosFateweaver06.jpg,gw_shop,,,,chaos_daemons,kairos_fateweaver,scraped,,,gallery,2026-04-16T22:29:40Z,
scripts/warhammer_com/images/chaos_daemons/kairos_fateweaver/clean/99129915028_KairosFateweaver07.jpg,gw_shop,,,,chaos_daemons,kairos_fateweaver,scraped,,,gallery,2026-04-16T22:29:40Z,
scripts/warhammer_com/images/chaos_daemons/karanak_houndof_vengeance/clean/99079915006_KaranakHoundofVengeance01.jpg,gw_shop,,,,chaos_daemons,karanak_houndof_vengeance,scraped,,,gallery,2026-04-16T22:29:40Z,
scripts/warhammer_com/images/chaos_daemons/karanak_houndof_vengeance_box/clean/99079915006_KaranakHoundofVengeanceBox.jpg,gw_shop,,,,chaos_daemons,karanak_houndof_vengeance_box,scraped,,,gallery,2026-04-16T22:29:40Z,
scripts/warhammer_com/images/chaos_daemons/lordof_change/clean/99129915028_LordofChange01.jpg,gw_shop,,,,chaos_daemons,lordof_change,scraped,,,gallery,2026-04-16T22:29:40Z,
scripts/warhammer_com/images/chaos_daemons/lordof_change/clean/99129915028_LordofChange04.jpg,gw_shop,,,,chaos_daemons,lordof_change,scraped,,,gallery,2026-04-16T22:29:40Z,
scripts/warhammer_com/images/chaos_daemons/lordof_change/clean/99129915028_LordofChange05.jpg,gw_shop,,,,chaos_daemons,lordof_change,scraped,,,gallery,2026-04-16T22:29:40Z,
scripts/warhammer_com/images/chaos_daemons/lordof_change/clean/99129915028_LordofChange06.jpg,gw_shop,,,,chaos_daemons,lordof_change,scraped,,,gallery,2026-04-16T22:29:40Z,
scripts/warhammer_com/images/chaos_daemons/lordof_change/clean/99129915028_LordofChange07.jpg,gw_shop,,,,chaos_daemons,lordof_change,scraped,,,gallery,2026-04-16T22:29:40Z,
scripts/warhammer_com/images/chaos_daemons/nur_mo_n_great_unclean_one/clean/99129915063_NURMoNGreatUncleanOneLead.jpg,gw_shop,,,,chaos_daemons,nur_mo_n_great_unclean_one,scraped,,,gallery,2026-04-16T22:29:40Z,
scripts/warhammer_com/images/chaos_daemons/nur_mo_n_rotigus/clean/99129915063_NURMoNRotigusLead.jpg,gw_shop,,,,chaos_daemons,nur_mo_n_rotigus,scraped,,,gallery,2026-04-16T22:29:40Z,
scripts/warhammer_com/images/chaos_daemons/nurglings/clean/99129915037_Nurglings01.jpg,gw_shop,,,,chaos_daemons,nurglings,scraped,,,gallery,2026-04-16T22:29:40Z,
scripts/warhammer_com/images/chaos_daemons/nurglings/clean/99129915037_Nurglings02.jpg,gw_shop,,,,chaos_daemons,nurglings,scraped,,,gallery,2026-04-16T22:29:40Z,
scripts/warhammer_com/images/chaos_daemons/nurglings_stock/clean/99129915037_NurglingsStock.jpg,gw_shop,,,,chaos_daemons,nurglings_stock,scraped,,,gallery,2026-04-16T22:29:40Z,
scripts/warhammer_com/images/chaos_daemons/pink_horrors/clean/99129915032_PinkHorrors01.jpg,gw_shop,,,,chaos_daemons,pink_horrors,scraped,,,gallery,2026-04-16T22:29:40Z,
scripts/warhammer_com/images/chaos_daemons/pink_horrors/clean/99129915032_PinkHorrors02.jpg,gw_shop,,,,chaos_daemons,pink_horrors,scraped,,,gallery,2026-04-16T22:29:40Z,
scripts/warhammer_com/images/chaos_daemons/pink_horrors/clean/99129915032_PinkHorrors03.jpg,gw_shop,,,,chaos_daemons,pink_horrors,scraped,,,gallery,2026-04-16T22:29:40Z,
scripts/warhammer_com/images/chaos_daemons/pink_horrors/clean/99129915032_PinkHorrors04.jpg,gw_shop,,,,chaos_daemons,pink_horrors,scraped,,,gallery,2026-04-16T22:29:40Z,
scripts/warhammer_com/images/chaos_daemons/plague_drones/clean/99129915017_PlagueDrones01.jpg,gw_shop,,,,chaos_daemons,plague_drones,scraped,,,gallery,2026-04-16T22:29:40Z,
scripts/warhammer_com/images/chaos_daemons/plague_drones/clean/99129915017_PlagueDrones02.jpg,gw_shop,,,,chaos_daemons,plague_drones,scraped,,,gallery,2026-04-16T22:29:40Z,
scripts/warhammer_com/images/chaos_daemons/plague_drones/clean/99129915017_PlagueDrones03.jpg,gw_shop,,,,chaos_daemons,plague_drones,scraped,,,gallery,2026-04-16T22:29:40Z,
scripts/warhammer_com/images/chaos_daemons/plague_drones/clean/99129915017_PlagueDrones04.jpg,gw_shop,,,,chaos_daemons,plague_drones,scraped,,,gallery,2026-04-16T22:29:40Z,
scripts/warhammer_com/images/chaos_daemons/plaguebearers/clean/99129915008_Plaguebearers01.jpg,gw_shop,,,,chaos_daemons,plaguebearers,scraped,,,gallery,2026-04-16T22:29:40Z,
scripts/warhammer_com/images/chaos_daemons/plaguebearers/clean/99129915008_Plaguebearers02.jpg,gw_shop,,,,chaos_daemons,plaguebearers,scraped,,,gallery,2026-04-16T22:29:40Z,
scripts/warhammer_com/images/chaos_daemons/plaguebearers/clean/99129915008_Plaguebearers03.jpg,gw_shop,,,,chaos_daemons,plaguebearers,scraped,,,gallery,2026-04-16T22:29:40Z,
scripts/warhammer_com/images/chaos_daemons/plaguebearers_stock/clean/99129915061_PlaguebearersStock.jpg,gw_shop,,,,chaos_daemons,plaguebearers_stock,scraped,,,gallery,2026-04-16T22:29:40Z,
scripts/warhammer_com/images/chaos_daemons/poxbringer/clean/99079915002_Poxbringer01.jpg,gw_shop,,,,chaos_daemons,poxbringer,scraped,,,gallery,2026-04-16T22:29:40Z,
scripts/warhammer_com/images/chaos_daemons/poxbringer/clean/99079915002_Poxbringer05.jpg,gw_shop,,,,chaos_daemons,poxbringer,scraped,,,gallery,2026-04-16T22:29:40Z,
scripts/warhammer_com/images/chaos_daemons/s/clean/99120201130_S2DDaemonPrinceStock.jpg,gw_shop,,,,chaos_daemons,s,scraped,,,gallery,2026-04-16T22:29:40Z,
scripts/warhammer_com/images/chaos_daemons/s/clean/99120201130_S2DDaemonPrinceStockBack.jpg,gw_shop,,,,chaos_daemons,s,scraped,,,gallery,2026-04-16T22:29:40Z,
scripts/warhammer_com/images/chaos_daemons/s2_d_army_box/clean/60010201001_S2DArmyBox3.jpg,gw_shop,,,,chaos_daemons,s2_d_army_box,scraped,,,gallery,2026-04-16T22:29:40Z,
scripts/warhammer_com/images/chaos_daemons/s2_d_daemon_prince/clean/99120201130_S2DDaemonPrince03.jpg,gw_shop,,,,chaos_daemons,s2_d_daemon_prince,scraped,,,gallery,2026-04-16T22:29:40Z,
scripts/warhammer_com/images/chaos_daemons/s2_d_daemon_prince/clean/99120201130_S2DDaemonPrince04.jpg,gw_shop,,,,chaos_daemons,s2_d_daemon_prince,scraped,,,gallery,2026-04-16T22:29:40Z,
scripts/warhammer_com/images/chaos_daemons/skarbrand/clean/99129915071_Skarbrand1.jpg,gw_shop,,,,chaos_daemons,skarbrand,scraped,,,gallery,2026-04-16T22:29:40Z,
scripts/warhammer_com/images/chaos_daemons/skarbrand/clean/99129915071_Skarbrand2.jpg,gw_shop,,,,chaos_daemons,skarbrand,scraped,,,gallery,2026-04-16T22:29:40Z,
scripts/warhammer_com/images/chaos_daemons/skarbrand/clean/99129915071_Skarbrand3.jpg,gw_shop,,,,chaos_daemons,skarbrand,scraped,,,gallery,2026-04-16T22:29:40Z,
scripts/warhammer_com/images/chaos_daemons/skarbrand_stock/clean/99129915071_SkarbrandStock.jpg,gw_shop,,,,chaos_daemons,skarbrand_stock,scraped,,,gallery,2026-04-16T22:29:40Z,
scripts/warhammer_com/images/chaos_daemons/skarbrandthe_blood_thirster/clean/99129915021_SkarbrandtheBloodThirster02.jpg,gw_shop,,,,chaos_daemons,skarbrandthe_blood_thirster,scraped,,,gallery,2026-04-16T22:29:40Z,
scripts/warhammer_com/images/chaos_daemons/skarbrandthe_blood_thirster/clean/99129915021_SkarbrandtheBloodThirster03.jpg,gw_shop,,,,chaos_daemons,skarbrandthe_blood_thirster,scraped,,,gallery,2026-04-16T22:29:40Z,
scripts/warhammer_com/images/chaos_daemons/skulltaker/clean/99129915075_Skulltaker1.jpg,gw_shop,,,,chaos_daemons,skulltaker,scraped,,,gallery,2026-04-16T22:29:40Z,
scripts/warhammer_com/images/chaos_daemons/skulltaker/clean/99129915075_Skulltaker2.jpg,gw_shop,,,,chaos_daemons,skulltaker,scraped,,,gallery,2026-04-16T22:29:40Z,
scripts/warhammer_com/images/chaos_daemons/skulltaker/clean/99129915075_Skulltaker3.jpg,gw_shop,,,,chaos_daemons,skulltaker,scraped,,,gallery,2026-04-16T22:29:40Z,
scripts/warhammer_com/images/chaos_daemons/sloppity_bilepiper/clean/99079915004_SloppityBilepiper01.jpg,gw_shop,,,,chaos_daemons,sloppity_bilepiper,scraped,,,gallery,2026-04-16T22:29:40Z,
scripts/warhammer_com/images/chaos_daemons/sloppity_bilepiper/clean/99079915004_SloppityBilepiper05.jpg,gw_shop,,,,chaos_daemons,sloppity_bilepiper,scraped,,,gallery,2026-04-16T22:29:40Z,
scripts/warhammer_com/images/chaos_daemons/soulgrinder_new/clean/99129915013_SoulgrinderNEW01.jpg,gw_shop,,,,chaos_daemons,soulgrinder_new,scraped,,,gallery,2026-04-16T22:29:40Z,
scripts/warhammer_com/images/chaos_daemons/torment_bringer_chariot_slaanesh_update_scale/clean/99129915012_TormentBringerChariotSlaaneshUpdateScale.jpg,gw_shop,,,,chaos_daemons,torment_bringer_chariot_slaanesh_update_scale,scraped,,,gallery,2026-04-16T22:29:40Z,
scripts/warhammer_com/images/chaos_daemons/tzeentch_changeling/clean/99129915034_TzeentchChangeling01.jpg,gw_shop,,,,chaos_daemons,tzeentch_changeling,scraped,,,gallery,2026-04-16T22:29:40Z,
scripts/warhammer_com/images/chaos_daemons/tzeentch_changeling/clean/99129915034_TzeentchChangeling03.jpg,gw_shop,,,,chaos_daemons,tzeentch_changeling,scraped,,,gallery,2026-04-16T22:29:40Z,
scripts/warhammer_com/images/chaos_daemons/tzeentch_flamers/clean/99129915031_TzeentchFlamers01.jpg,gw_shop,,,,chaos_daemons,tzeentch_flamers,scraped,,,gallery,2026-04-16T22:29:40Z,
scripts/warhammer_com/images/chaos_daemons/tzeentch_flamers/clean/99129915031_TzeentchFlamers03.jpg,gw_shop,,,,chaos_daemons,tzeentch_flamers,scraped,,,gallery,2026-04-16T22:29:40Z,
scripts/warhammer_com/images/chaos_daemons/tzeentch_flamers/clean/99129915031_TzeentchFlamers04.jpg,gw_shop,,,,chaos_daemons,tzeentch_flamers,scraped,,,gallery,2026-04-16T22:29:40Z,
scripts/warhammer_com/images/chaos_daemons/tzeentch_flamers/clean/99129915031_TzeentchFlamers05.jpg,gw_shop,,,,chaos_daemons,tzeentch_flamers,scraped,,,gallery,2026-04-16T22:29:40Z,
scripts/warhammer_com/images/chaos_daemons/tzeentch_flamers/clean/99129915031_TzeentchFlamers06.jpg,gw_shop,,,,chaos_daemons,tzeentch_flamers,scraped,,,gallery,2026-04-16T22:29:40Z,
scripts/warhammer_com/images/chaos_daemons/tzeentch_screamers/clean/99129915033_TzeentchScreamers01.jpg,gw_shop,,,,chaos_daemons,tzeentch_screamers,scraped,,,gallery,2026-04-16T22:29:40Z,
scripts/warhammer_com/images/chaos_daemons/tzeentch_screamers/clean/99129915033_TzeentchScreamers03.jpg,gw_shop,,,,chaos_daemons,tzeentch_screamers,scraped,,,gallery,2026-04-16T22:29:40Z,
scripts/warhammer_com/images/chaos_daemons/tzeentch_screamers/clean/99129915033_TzeentchScreamers06.jpg,gw_shop,,,,chaos_daemons,tzeentch_screamers,scraped,,,gallery,2026-04-16T22:29:40Z,
scripts/warhammer_com/images/chaos_knights/ck_knight_abominant/clean/99120102191_CKKnightAbominant01.jpg,gw_shop,,,,chaos_knights,ck_knight_abominant,scraped,,,gallery,2026-04-16T22:29:40Z,
scripts/warhammer_com/images/chaos_knights/ck_knight_abominant/clean/99120102191_CKKnightAbominant02.jpg,gw_shop,,,,chaos_knights,ck_knight_abominant,scraped,,,gallery,2026-04-16T22:29:40Z,
scripts/warhammer_com/images/chaos_knights/ck_knight_desecrator/clean/99120102191_CKKnightDesecrator01.jpg,gw_shop,,,,chaos_knights,ck_knight_desecrator,scraped,,,gallery,2026-04-16T22:29:40Z,
scripts/warhammer_com/images/chaos_knights/ck_knight_rampager/clean/99120102191_CKKnightRampager01.jpg,gw_shop,,,,chaos_knights,ck_knight_rampager,scraped,,,gallery,2026-04-16T22:29:40Z,
scripts/warhammer_com/images/chaos_knights/ck_knight_rampager/clean/99120102191_CKKnightRampager02.jpg,gw_shop,,,,chaos_knights,ck_knight_rampager,scraped,,,gallery,2026-04-16T22:29:40Z,
scripts/warhammer_com/images/chaos_knights/ck_knight_ruinator/clean/99120102191_CKKnightRuinator01.jpg,gw_shop,,,,chaos_knights,ck_knight_ruinator,scraped,,,gallery,2026-04-16T22:29:40Z,
scripts/warhammer_com/images/chaos_knights/ck_knight_ruinator/clean/99120102191_CKKnightRuinator02.jpg,gw_shop,,,,chaos_knights,ck_knight_ruinator,scraped,,,gallery,2026-04-16T22:29:40Z,
scripts/warhammer_com/images/chaos_knights/ck_knight_ruinator/clean/99120102191_CKKnightRuinator03.jpg,gw_shop,,,,chaos_knights,ck_knight_ruinator,scraped,,,gallery,2026-04-16T22:29:40Z,
scripts/warhammer_com/images/chaos_knights/ck_knight_ruinator/clean/99120102191_CKKnightRuinator04.jpg,gw_shop,,,,chaos_knights,ck_knight_ruinator,scraped,,,gallery,2026-04-16T22:29:40Z,
scripts/warhammer_com/images/chaos_knights/ck_knight_ruinator_extra/clean/99120102191_CKKnightRuinatorEXTRA01.jpg,gw_shop,,,,chaos_knights,ck_knight_ruinator_extra,scraped,,,gallery,2026-04-16T22:29:40Z,
scripts/warhammer_com/images/chaos_knights/ck_war_dog_brigand/clean/99120102139_CKWarDogBrigandLead.jpg,gw_shop,,,,chaos_knights,ck_war_dog_brigand,scraped,,,gallery,2026-04-16T22:29:40Z,
scripts/warhammer_com/images/chaos_knights/ck_war_dog_brigand_feature/clean/99120102139_CKWarDogBrigandFeature.jpg,gw_shop,,,,chaos_knights,ck_war_dog_brigand_feature,scraped,,,gallery,2026-04-16T22:29:40Z,
scripts/warhammer_com/images/chaos_knights/ck_war_dog_brigand_scale/clean/99120102139_CKWarDogBrigandScale.jpg,gw_shop,,,,chaos_knights,ck_war_dog_brigand_scale,scraped,,,gallery,2026-04-16T22:29:40Z,
scripts/warhammer_com/images/chaos_knights/ck_war_dog_karnivore/clean/99120102139_CKWarDogKarnivoreLead.jpg,gw_shop,,,,chaos_knights,ck_war_dog_karnivore,scraped,,,gallery,2026-04-16T22:29:40Z,
scripts/warhammer_com/images/chaos_knights/ck_war_dog_karnivore_feature/clean/99120102139_CKWarDogKarnivoreFeature.jpg,gw_shop,,,,chaos_knights,ck_war_dog_karnivore_feature,scraped,,,gallery,2026-04-16T22:29:40Z,
scripts/warhammer_com/images/chaos_knights/ck_war_dog_karnivore_scale/clean/99120102139_CKWarDogKarnivoreScale.jpg,gw_shop,,,,chaos_knights,ck_war_dog_karnivore_scale,scraped,,,gallery,2026-04-16T22:29:40Z,
scripts/warhammer_com/images/chaos_knights/ck_war_dog_karnivore_stock/clean/99120102139_CKWarDogKarnivoreStock.jpg,gw_shop,,,,chaos_knights,ck_war_dog_karnivore_stock,scraped,,,gallery,2026-04-16T22:29:40Z,
scripts/warhammer_com/images/chaos_knights/ck_war_dog_stalker/clean/99120102139_CKWarDogStalkerLead.jpg,gw_shop,,,,chaos_knights,ck_war_dog_stalker,scraped,,,gallery,2026-04-16T22:29:40Z,
scripts/warhammer_com/images/chaos_knights/ck_war_dog_stalker_feature/clean/99120102139_CKWarDogStalkerFeature.jpg,gw_shop,,,,chaos_knights,ck_war_dog_stalker_feature,scraped,,,gallery,2026-04-16T22:29:40Z,
scripts/warhammer_com/images/chaos_knights/ck_war_dog_stalker_scale/clean/99120102139_CKWarDogStalkerScale.jpg,gw_shop,,,,chaos_knights,ck_war_dog_stalker_scale,scraped,,,gallery,2026-04-16T22:29:40Z,
scripts/warhammer_com/images/chaos_knights/ck_wardog_executioner/clean/99120108080_CKWardogExecutionerLead.jpg,gw_shop,,,,chaos_knights,ck_wardog_executioner,scraped,,,gallery,2026-04-16T22:29:40Z,
scripts/warhammer_com/images/chaos_knights/ck_wardog_executioner_feature/clean/99120108080_CKWardogExecutionerFeature.jpg,gw_shop,,,,chaos_knights,ck_wardog_executioner_feature,scraped,,,gallery,2026-04-16T22:29:40Z,
scripts/warhammer_com/images/chaos_knights/ck_wardog_executioner_stock/clean/99120108080_CKWardogExecutionerStock.jpg,gw_shop,,,,chaos_knights,ck_wardog_executioner_stock,scraped,,,gallery,2026-04-16T22:29:40Z,
scripts/warhammer_com/images/chaos_knights/ck_wardog_huntsman/clean/99120108080_CKWardogHuntsmanLead.jpg,gw_shop,,,,chaos_knights,ck_wardog_huntsman,scraped,,,gallery,2026-04-16T22:29:40Z,
scripts/warhammer_com/images/chaos_knights/ck_wardog_huntsman_feature/clean/99120108080_CKWardogHuntsmanFeature.jpg,gw_shop,,,,chaos_knights,ck_wardog_huntsman_feature,scraped,,,gallery,2026-04-16T22:29:40Z,
scripts/warhammer_com/images/chaos_knights/knight_tyrant_alt/clean/99120108016_KnightTyrantAlt.jpg,gw_shop,,,,chaos_knights,knight_tyrant_alt,scraped,,,gallery,2026-04-16T22:29:40Z,
scripts/warhammer_com/images/chaos_space_marines/abaddon_despoiler_update_stock/clean/99120102175_AbaddonDespoilerUpdateStock.jpg,gw_shop,,,,chaos_space_marines,abaddon_despoiler_update_stock,scraped,,,gallery,2026-04-16T22:29:40Z,
scripts/warhammer_com/images/chaos_space_marines/accursed_cultists/clean/99120102147_AccursedCultistsLead.jpg,gw_shop,,,,chaos_space_marines,accursed_cultists,scraped,,,gallery,2026-04-16T22:29:40Z,
scripts/warhammer_com/images/chaos_space_marines/accursed_cultists_feature/clean/99120102147_AccursedCultistsFeature1.jpg,gw_shop,,,,chaos_space_marines,accursed_cultists_feature,scraped,,,gallery,2026-04-16T22:29:40Z,
scripts/warhammer_com/images/chaos_space_marines/accursed_cultists_feature/clean/99120102147_AccursedCultistsFeature2.jpg,gw_shop,,,,chaos_space_marines,accursed_cultists_feature,scraped,,,gallery,2026-04-16T22:29:40Z,
scripts/warhammer_com/images/chaos_space_marines/accursed_cultists_stock/clean/99120102147_AccursedCultistsStock.jpg,gw_shop,,,,chaos_space_marines,accursed_cultists_stock,scraped,,,gallery,2026-04-16T22:29:40Z,
scripts/warhammer_com/images/chaos_space_marines/chaos_predator/clean/99120102012_ChaosPredator01.jpg,gw_shop,,,,chaos_space_marines,chaos_predator,scraped,,,gallery,2026-04-16T22:29:40Z,
scripts/warhammer_com/images/chaos_space_marines/chaos_predator/clean/99120102012_ChaosPredator02.jpg,gw_shop,,,,chaos_space_marines,chaos_predator,scraped,,,gallery,2026-04-16T22:29:40Z,
scripts/warhammer_com/images/chaos_space_marines/chaos_space_marines_huron_blackheart_mastersofthe_maelstrom/clean/99120102225_ChaosSpaceMarinesHuronBlackheartMastersoftheMaelstrom11.jpg,gw_shop,,,,chaos_space_marines,chaos_space_marines_huron_blackheart_mastersofthe_maelstrom,scraped,,,gallery,2026-04-16T22:29:40Z,
scripts/warhammer_com/images/chaos_space_marines/chaos_space_marines_huron_blackheart_mastersofthe_maelstrom/clean/99120102225_ChaosSpaceMarinesHuronBlackheartMastersoftheMaelstrom5.jpg,gw_shop,,,,chaos_space_marines,chaos_space_marines_huron_blackheart_mastersofthe_maelstrom,scraped,,,gallery,2026-04-16T22:29:40Z,
scripts/warhammer_com/images/chaos_space_marines/chaos_space_marines_huron_blackheart_mastersofthe_maelstrom/clean/99120102225_ChaosSpaceMarinesHuronBlackheartMastersoftheMaelstrom6.jpg,gw_shop,,,,chaos_space_marines,chaos_space_marines_huron_blackheart_mastersofthe_maelstrom,scraped,,,gallery,2026-04-16T22:29:40Z,
scripts/warhammer_com/images/chaos_space_marines/chaos_space_marines_huron_blackheart_mastersofthe_maelstrom/clean/99120102225_ChaosSpaceMarinesHuronBlackheartMastersoftheMaelstrom7.jpg,gw_shop,,,,chaos_space_marines,chaos_space_marines_huron_blackheart_mastersofthe_maelstrom,scraped,,,gallery,2026-04-16T22:29:40Z,
scripts/warhammer_com/images/chaos_space_marines/chaos_space_marines_huron_blackheart_mastersofthe_maelstrom/clean/99120102225_ChaosSpaceMarinesHuronBlackheartMastersoftheMaelstrom9.jpg,gw_shop,,,,chaos_space_marines,chaos_space_marines_huron_blackheart_mastersofthe_maelstrom,scraped,,,gallery,2026-04-16T22:29:40Z,
scripts/warhammer_com/images/chaos_space_marines/chaos_space_marines_iron_warriors_upgrades/clean/99120102231_ChaosSpaceMarinesIronWarriorsUpgrades01.jpg,gw_shop,,,,chaos_space_marines,chaos_space_marines_iron_warriors_upgrades,scraped,,,gallery,2026-04-16T22:29:40Z,
scripts/warhammer_com/images/chaos_space_marines/chaos_space_marines_iron_warriors_upgrades/clean/99120102231_ChaosSpaceMarinesIronWarriorsUpgrades03.jpg,gw_shop,,,,chaos_space_marines,chaos_space_marines_iron_warriors_upgrades,scraped,,,gallery,2026-04-16T22:29:40Z,
scripts/warhammer_com/images/chaos_space_marines/chaos_space_marines_red_corsairs_lordsofthe_maelstrom/clean/99120102110_ChaosSpaceMarinesRedCorsairsLordsoftheMaelstrom1.jpg,gw_shop,,,,chaos_space_marines,chaos_space_marines_red_corsairs_lordsofthe_maelstrom,scraped,,,gallery,2026-04-16T22:29:40Z,
scripts/warhammer_com/images/chaos_space_marines/chaos_space_marines_red_corsairs_lordsofthe_maelstrom/clean/99120102110_ChaosSpaceMarinesRedCorsairsLordsoftheMaelstrom10.jpg,gw_shop,,,,chaos_space_marines,chaos_space_marines_red_corsairs_lordsofthe_maelstrom,scraped,,,gallery,2026-04-16T22:29:40Z,
scripts/warhammer_com/images/chaos_space_marines/chaos_space_marines_red_corsairs_lordsofthe_maelstrom/clean/99120102110_ChaosSpaceMarinesRedCorsairsLordsoftheMaelstrom11.jpg,gw_shop,,,,chaos_space_marines,chaos_space_marines_red_corsairs_lordsofthe_maelstrom,scraped,,,gallery,2026-04-16T22:29:40Z,
scripts/warhammer_com/images/chaos_space_marines/chaos_space_marines_red_corsairs_lordsofthe_maelstrom/clean/99120102110_ChaosSpaceMarinesRedCorsairsLordsoftheMaelstrom12.jpg,gw_shop,,,,chaos_space_marines,chaos_space_marines_red_corsairs_lordsofthe_maelstrom,scraped,,,gallery,2026-04-16T22:29:40Z,
scripts/warhammer_com/images/chaos_space_marines/chaos_space_marines_red_corsairs_lordsofthe_maelstrom/clean/99120102110_ChaosSpaceMarinesRedCorsairsLordsoftheMaelstrom14.jpg,gw_shop,,,,chaos_space_marines,chaos_space_marines_red_corsairs_lordsofthe_maelstrom,scraped,,,gallery,2026-04-16T22:29:40Z,
scripts/warhammer_com/images/chaos_space_marines/chaos_space_marines_red_corsairs_lordsofthe_maelstrom/clean/99120102110_ChaosSpaceMarinesRedCorsairsLordsoftheMaelstrom15.jpg,gw_shop,,,,chaos_space_marines,chaos_space_marines_red_corsairs_lordsofthe_maelstrom,scraped,,,gallery,2026-04-16T22:29:40Z,
scripts/warhammer_com/images/chaos_space_marines/chaos_space_marines_red_corsairs_lordsofthe_maelstrom/clean/99120102110_ChaosSpaceMarinesRedCorsairsLordsoftheMaelstrom2.jpg,gw_shop,,,,chaos_space_marines,chaos_space_marines_red_corsairs_lordsofthe_maelstrom,scraped,,,gallery,2026-04-16T22:29:40Z,
scripts/warhammer_com/images/chaos_space_marines/chaos_space_marines_red_corsairs_lordsofthe_maelstrom/clean/99120102110_ChaosSpaceMarinesRedCorsairsLordsoftheMaelstrom9.jpg,gw_shop,,,,chaos_space_marines,chaos_space_marines_red_corsairs_lordsofthe_maelstrom,scraped,,,gallery,2026-04-16T22:29:40Z,
scripts/warhammer_com/images/chaos_space_marines/chaos_space_marines_red_corsairs_lordsofthe_maelstrom/clean/99120102221_ChaosSpaceMarinesRedCorsairsLordsoftheMaelstrom5.jpg,gw_shop,,,,chaos_space_marines,chaos_space_marines_red_corsairs_lordsofthe_maelstrom,scraped,,,gallery,2026-04-16T22:29:40Z,
scripts/warhammer_com/images/chaos_space_marines/chaos_space_marines_red_corsairs_lordsofthe_maelstrom/clean/99120102221_ChaosSpaceMarinesRedCorsairsLordsoftheMaelstrom6.jpg,gw_shop,,,,chaos_space_marines,chaos_space_marines_red_corsairs_lordsofthe_maelstrom,scraped,,,gallery,2026-04-16T22:29:40Z,
scripts/warhammer_com/images/chaos_space_marines/chaos_space_marines_red_corsairs_lordsofthe_maelstrom/clean/99120102221_ChaosSpaceMarinesRedCorsairsLordsoftheMaelstrom7.jpg,gw_shop,,,,chaos_space_marines,chaos_space_marines_red_corsairs_lordsofthe_maelstrom,scraped,,,gallery,2026-04-16T22:29:40Z,
scripts/warhammer_com/images/chaos_space_marines/chaos_space_marines_red_corsairs_lordsofthe_maelstrom_updategroup/clean/99120102110_ChaosSpaceMarinesRedCorsairsLordsoftheMaelstromUPDATEGROUP1.jpg,gw_shop,,,,chaos_space_marines,chaos_space_marines_red_corsairs_lordsofthe_maelstrom_updategroup,scraped,,,gallery,2026-04-16T22:29:40Z,
scripts/warhammer_com/images/chaos_space_marines/chaos_space_marines_red_corsairs_lordsofthe_maelstrom_updategroup/clean/99120102110_ChaosSpaceMarinesRedCorsairsLordsoftheMaelstromUPDATEGROUP2.jpg,gw_shop,,,,chaos_space_marines,chaos_space_marines_red_corsairs_lordsofthe_maelstrom_updategroup,scraped,,,gallery,2026-04-16T22:29:40Z,
scripts/warhammer_com/images/chaos_space_marines/chaos_spawn/clean/99120201050_ChaosSpawn01.jpg,gw_shop,,,,chaos_space_marines,chaos_spawn,scraped,,,gallery,2026-04-16T22:29:40Z,
scripts/warhammer_com/images/chaos_space_marines/chaos_spawn/clean/99120201050_ChaosSpawn02.jpg,gw_shop,,,,chaos_space_marines,chaos_spawn,scraped,,,gallery,2026-04-16T22:29:40Z,
scripts/warhammer_com/images/chaos_space_marines/chaos_spawn/clean/99120201050_ChaosSpawn03.jpg,gw_shop,,,,chaos_space_marines,chaos_spawn,scraped,,,gallery,2026-04-16T22:29:40Z,
scripts/warhammer_com/images/chaos_space_marines/chaos_spawn/clean/99120201050_ChaosSpawn04.jpg,gw_shop,,,,chaos_space_marines,chaos_spawn,scraped,,,gallery,2026-04-16T22:29:40Z,
scripts/warhammer_com/images/chaos_space_marines/chaos_spawn/clean/99120201050_ChaosSpawn05.jpg,gw_shop,,,,chaos_space_marines,chaos_spawn,scraped,,,gallery,2026-04-16T22:29:40Z,
scripts/warhammer_com/images/chaos_space_marines/chaos_spawn/clean/99120201050_ChaosSpawn06.jpg,gw_shop,,,,chaos_space_marines,chaos_spawn,scraped,,,gallery,2026-04-16T22:29:40Z,
scripts/warhammer_com/images/chaos_space_marines/chaos_spawn/clean/99120201153_ChaosSpawn2.jpg,gw_shop,,,,chaos_space_marines,chaos_spawn,scraped,,,gallery,2026-04-16T22:29:40Z,
scripts/warhammer_com/images/chaos_space_marines/chaos_spawn/clean/99120201153_ChaosSpawn4.jpg,gw_shop,,,,chaos_space_marines,chaos_spawn,scraped,,,gallery,2026-04-16T22:29:40Z,
scripts/warhammer_com/images/chaos_space_marines/chosen/clean/99120102141_ChosenLead.jpg,gw_shop,,,,chaos_space_marines,chosen,scraped,,,gallery,2026-04-16T22:29:40Z,
scripts/warhammer_com/images/chaos_space_marines/chosen_feature/clean/99120102141_ChosenFeature1.jpg,gw_shop,,,,chaos_space_marines,chosen_feature,scraped,,,gallery,2026-04-16T22:29:40Z,
scripts/warhammer_com/images/chaos_space_marines/chosen_feature/clean/99120102141_ChosenFeature2.jpg,gw_shop,,,,chaos_space_marines,chosen_feature,scraped,,,gallery,2026-04-16T22:29:40Z,
scripts/warhammer_com/images/chaos_space_marines/chosen_stock/clean/99120102141_ChosenStock.jpg,gw_shop,,,,chaos_space_marines,chosen_stock,scraped,,,gallery,2026-04-16T22:29:40Z,
scripts/warhammer_com/images/chaos_space_marines/citcsm_noctilith_crown/clean/99120102106_CITCSMNoctilithCrown01.jpg,gw_shop,,,,chaos_space_marines,citcsm_noctilith_crown,scraped,,,gallery,2026-04-16T22:29:40Z,
scripts/warhammer_com/images/chaos_space_marines/citcsm_noctilith_crown/clean/99120102106_CITCSMNoctilithCrown02.jpg,gw_shop,,,,chaos_space_marines,citcsm_noctilith_crown,scraped,,,gallery,2026-04-16T22:29:40Z,
scripts/warhammer_com/images/chaos_space_marines/citcsm_noctilith_crown_box/clean/99120102106_CITCSMNoctilithCrownBox.jpg,gw_shop,,,,chaos_space_marines,citcsm_noctilith_crown_box,scraped,,,gallery,2026-04-16T22:29:40Z,
scripts/warhammer_com/images/chaos_space_marines/csm_abbaddon/clean/99120102101_CSMAbbaddon01.jpg,gw_shop,,,,chaos_space_marines,csm_abbaddon,scraped,,,gallery,2026-04-16T22:29:40Z,
scripts/warhammer_com/images/chaos_space_marines/csm_abbaddon/clean/99120102101_CSMAbbaddon02.jpg,gw_shop,,,,chaos_space_marines,csm_abbaddon,scraped,,,gallery,2026-04-16T22:29:40Z,
scripts/warhammer_com/images/chaos_space_marines/csm_abbaddon/clean/99120102101_CSMAbbaddon03.jpg,gw_shop,,,,chaos_space_marines,csm_abbaddon,scraped,,,gallery,2026-04-16T22:29:40Z,
scripts/warhammer_com/images/chaos_space_marines/csm_abbaddon/clean/99120102101_CSMAbbaddon04.jpg,gw_shop,,,,chaos_space_marines,csm_abbaddon,scraped,,,gallery,2026-04-16T22:29:40Z,
scripts/warhammer_com/images/chaos_space_marines/csm_abbaddon/clean/99120102101_CSMAbbaddon05.jpg,gw_shop,,,,chaos_space_marines,csm_abbaddon,scraped,,,gallery,2026-04-16T22:29:40Z,
scripts/warhammer_com/images/chaos_space_marines/csm_bikers/clean/99120102091_CSMBikers01.jpg,gw_shop,,,,chaos_space_marines,csm_bikers,scraped,,,gallery,2026-04-16T22:29:40Z,
scripts/warhammer_com/images/chaos_space_marines/csm_bikers/clean/99120102091_CSMBikers03.jpg,gw_shop,,,,chaos_space_marines,csm_bikers,scraped,,,gallery,2026-04-16T22:29:40Z,
scripts/warhammer_com/images/chaos_space_marines/csm_chaos_bikers_stock/clean/99120102167_CSMChaosBikersStock.jpg,gw_shop,,,,chaos_space_marines,csm_chaos_bikers_stock,scraped,,,gallery,2026-04-16T22:29:40Z,
scripts/warhammer_com/images/chaos_space_marines/csm_chaos_lord_terminator_armour_stock/clean/99120102169_CSMChaosLordTerminatorArmourStock.jpg,gw_shop,,,,chaos_space_marines,csm_chaos_lord_terminator_armour_stock,scraped,,,gallery,2026-04-16T22:29:40Z,
scripts/warhammer_com/images/chaos_space_marines/csm_cultist_firebrand/clean/99070102028_CSMCultistFirebrand01.jpg,gw_shop,,,,chaos_space_marines,csm_cultist_firebrand,scraped,,,gallery,2026-04-16T22:29:40Z,
scripts/warhammer_com/images/chaos_space_marines/csm_cultist_firebrand/clean/99070102028_CSMCultistFirebrand02.jpg,gw_shop,,,,chaos_space_marines,csm_cultist_firebrand,scraped,,,gallery,2026-04-16T22:29:40Z,
scripts/warhammer_com/images/chaos_space_marines/csm_dark_apostle/clean/99120102099_CSMDarkApostle01.jpg,gw_shop,,,,chaos_space_marines,csm_dark_apostle,scraped,,,gallery,2026-04-16T22:29:40Z,
scripts/warhammer_com/images/chaos_space_marines/csm_dark_apostle/clean/99120102099_CSMDarkApostle02.jpg,gw_shop,,,,chaos_space_marines,csm_dark_apostle,scraped,,,gallery,2026-04-16T22:29:40Z,
scripts/warhammer_com/images/chaos_space_marines/csm_dark_commune/clean/99120102146_CSMDarkCommuneLead.jpg,gw_shop,,,,chaos_space_marines,csm_dark_commune,scraped,,,gallery,2026-04-16T22:29:40Z,
scripts/warhammer_com/images/chaos_space_marines/csm_dark_commune_feature/clean/99120102146_CSMDarkCommuneFeature.jpg,gw_shop,,,,chaos_space_marines,csm_dark_commune_feature,scraped,,,gallery,2026-04-16T22:29:40Z,
scripts/warhammer_com/images/chaos_space_marines/csm_dark_commune_stock/clean/99120102146_CSMDarkCommuneStock.jpg,gw_shop,,,,chaos_space_marines,csm_dark_commune_stock,scraped,,,gallery,2026-04-16T22:29:40Z,
scripts/warhammer_com/images/chaos_space_marines/csm_defiler/clean/99120102229_CSMDefiler1.jpg,gw_shop,,,,chaos_space_marines,csm_defiler,scraped,,,gallery,2026-04-16T22:29:40Z,
scripts/warhammer_com/images/chaos_space_marines/csm_defiler/clean/99120102229_CSMDefiler2.jpg,gw_shop,,,,chaos_space_marines,csm_defiler,scraped,,,gallery,2026-04-16T22:29:40Z,
scripts/warhammer_com/images/chaos_space_marines/csm_defiler/clean/99120102229_CSMDefiler4b.jpg,gw_shop,,,,chaos_space_marines,csm_defiler,scraped,,,gallery,2026-04-16T22:29:40Z,
scripts/warhammer_com/images/chaos_space_marines/csm_defiler/clean/99120102229_CSMDefiler6.jpg,gw_shop,,,,chaos_space_marines,csm_defiler,scraped,,,gallery,2026-04-16T22:29:40Z,
scripts/warhammer_com/images/chaos_space_marines/csm_defiler/clean/99120102229_CSMDefiler7.jpg,gw_shop,,,,chaos_space_marines,csm_defiler,scraped,,,gallery,2026-04-16T22:29:40Z,
scripts/warhammer_com/images/chaos_space_marines/csm_defiler/clean/99120102229_CSMDefiler8.jpg,gw_shop,,,,chaos_space_marines,csm_defiler,scraped,,,gallery,2026-04-16T22:29:40Z,
scripts/warhammer_com/images/chaos_space_marines/csm_defiler_box/clean/99120102229_CSMDefilerBox.jpg,gw_shop,,,,chaos_space_marines,csm_defiler_box,scraped,,,gallery,2026-04-16T22:29:40Z,
scripts/warhammer_com/images/chaos_space_marines/csm_dread_talons_extra/clean/99120102189_CSMDreadTalonsExtra02.jpg,gw_shop,,,,chaos_space_marines,csm_dread_talons_extra,scraped,,,gallery,2026-04-16T22:29:40Z,
scripts/warhammer_com/images/chaos_space_marines/csm_fabius_bile/clean/99120102113_CSMFabiusBileLead.jpg,gw_shop,,,,chaos_space_marines,csm_fabius_bile,scraped,,,gallery,2026-04-16T22:29:40Z,
scripts/warhammer_com/images/chaos_space_marines/csm_fabius_bile_feature/clean/99120102113_CSMFabiusBileFeature.jpg,gw_shop,,,,chaos_space_marines,csm_fabius_bile_feature,scraped,,,gallery,2026-04-16T22:29:40Z,
scripts/warhammer_com/images/chaos_space_marines/csm_forgefiend/clean/99120102089_CSMForgefiend01.jpg,gw_shop,,,,chaos_space_marines,csm_forgefiend,scraped,,,gallery,2026-04-16T22:29:40Z,
scripts/warhammer_com/images/chaos_space_marines/csm_forgefiend/clean/99120102089_CSMForgefiend02.jpg,gw_shop,,,,chaos_space_marines,csm_forgefiend,scraped,,,gallery,2026-04-16T22:29:40Z,
scripts/warhammer_com/images/chaos_space_marines/csm_forgefiend/clean/99120102089_CSMForgefiend04.jpg,gw_shop,,,,chaos_space_marines,csm_forgefiend,scraped,,,gallery,2026-04-16T22:29:40Z,
scripts/warhammer_com/images/chaos_space_marines/csm_havocs/clean/99120102096_CSMHavocs01.jpg,gw_shop,,,,chaos_space_marines,csm_havocs,scraped,,,gallery,2026-04-16T22:29:40Z,
scripts/warhammer_com/images/chaos_space_marines/csm_havocs/clean/99120102096_CSMHavocs03.jpg,gw_shop,,,,chaos_space_marines,csm_havocs,scraped,,,gallery,2026-04-16T22:29:40Z,
scripts/warhammer_com/images/chaos_space_marines/csm_havocs_scale/clean/99120102096_CSMHavocsScale.jpg,gw_shop,,,,chaos_space_marines,csm_havocs_scale,scraped,,,gallery,2026-04-16T22:29:40Z,
scripts/warhammer_com/images/chaos_space_marines/csm_helbrute/clean/99120102043_CSMHelbrute01.jpg,gw_shop,,,,chaos_space_marines,csm_helbrute,scraped,,,gallery,2026-04-16T22:29:40Z,
scripts/warhammer_com/images/chaos_space_marines/csm_helbrute/clean/99120102043_CSMHelbrute02.jpg,gw_shop,,,,chaos_space_marines,csm_helbrute,scraped,,,gallery,2026-04-16T22:29:40Z,
scripts/warhammer_com/images/chaos_space_marines/csm_helbrute/clean/99120102043_CSMHelbrute03.jpg,gw_shop,,,,chaos_space_marines,csm_helbrute,scraped,,,gallery,2026-04-16T22:29:40Z,
scripts/warhammer_com/images/chaos_space_marines/csm_helbrute/clean/99120102043_CSMHelbrute04.jpg,gw_shop,,,,chaos_space_marines,csm_helbrute,scraped,,,gallery,2026-04-16T22:29:40Z,
scripts/warhammer_com/images/chaos_space_marines/csm_helbrute/clean/99120102043_CSMHelbrute05.jpg,gw_shop,,,,chaos_space_marines,csm_helbrute,scraped,,,gallery,2026-04-16T22:29:40Z,
scripts/warhammer_com/images/chaos_space_marines/csm_helbrute/clean/99120102043_CSMHelbrute06.jpg,gw_shop,,,,chaos_space_marines,csm_helbrute,scraped,,,gallery,2026-04-16T22:29:40Z,
scripts/warhammer_com/images/chaos_space_marines/csm_helbrute_box/clean/99120102043_CSMHelbruteBox.jpg,gw_shop,,,,chaos_space_marines,csm_helbrute_box,scraped,,,gallery,2026-04-16T22:29:40Z,
scripts/warhammer_com/images/chaos_space_marines/csm_heldrake/clean/99120102090_CSMHeldrake01.jpg,gw_shop,,,,chaos_space_marines,csm_heldrake,scraped,,,gallery,2026-04-16T22:29:40Z,
scripts/warhammer_com/images/chaos_space_marines/csm_heldrake/clean/99120102090_CSMHeldrake02.jpg,gw_shop,,,,chaos_space_marines,csm_heldrake,scraped,,,gallery,2026-04-16T22:29:40Z,
scripts/warhammer_com/images/chaos_space_marines/csm_heldrake/clean/99120102090_CSMHeldrake05.jpg,gw_shop,,,,chaos_space_marines,csm_heldrake,scraped,,,gallery,2026-04-16T22:29:40Z,
scripts/warhammer_com/images/chaos_space_marines/csm_kravek_morne/clean/99120102251_CSMKravekMorne1.jpg,gw_shop,,,,chaos_space_marines,csm_kravek_morne,scraped,,,gallery,2026-04-16T22:29:40Z,
scripts/warhammer_com/images/chaos_space_marines/csm_kravek_morne/clean/99120102251_CSMKravekMorne4.jpg,gw_shop,,,,chaos_space_marines,csm_kravek_morne,scraped,,,gallery,2026-04-16T22:29:40Z,
scripts/warhammer_com/images/chaos_space_marines/csm_land_raider_repack/clean/99120102052_CSMLandRaiderRepack01.jpg,gw_shop,,,,chaos_space_marines,csm_land_raider_repack,scraped,,,gallery,2026-04-16T22:29:40Z,
scripts/warhammer_com/images/chaos_space_marines/csm_legionaries/clean/99120102218_CSMLegionaries1.jpg,gw_shop,,,,chaos_space_marines,csm_legionaries,scraped,,,gallery,2026-04-16T22:29:40Z,
scripts/warhammer_com/images/chaos_space_marines/csm_legionaries/clean/99120102218_CSMLegionaries11a.jpg,gw_shop,,,,chaos_space_marines,csm_legionaries,scraped,,,gallery,2026-04-16T22:29:40Z,
scripts/warhammer_com/images/chaos_space_marines/csm_legionaries/clean/99120102218_CSMLegionaries2.jpg,gw_shop,,,,chaos_space_marines,csm_legionaries,scraped,,,gallery,2026-04-16T22:29:40Z,
scripts/warhammer_com/images/chaos_space_marines/csm_legionaries/clean/99120102218_CSMLegionaries3.jpg,gw_shop,,,,chaos_space_marines,csm_legionaries,scraped,,,gallery,2026-04-16T22:29:40Z,
scripts/warhammer_com/images/chaos_space_marines/csm_legionaries/clean/99120102218_CSMLegionaries4.jpg,gw_shop,,,,chaos_space_marines,csm_legionaries,scraped,,,gallery,2026-04-16T22:29:40Z,
scripts/warhammer_com/images/chaos_space_marines/csm_legionaries/clean/99120102218_CSMLegionaries5.jpg,gw_shop,,,,chaos_space_marines,csm_legionaries,scraped,,,gallery,2026-04-16T22:29:40Z,
scripts/warhammer_com/images/chaos_space_marines/csm_lord_jump_pack/clean/99120102193_CSMLordJumpPack1.jpg,gw_shop,,,,chaos_space_marines,csm_lord_jump_pack,scraped,,,gallery,2026-04-16T22:29:40Z,
scripts/warhammer_com/images/chaos_space_marines/csm_lord_jump_pack/clean/99120102193_CSMLordJumpPack2.jpg,gw_shop,,,,chaos_space_marines,csm_lord_jump_pack,scraped,,,gallery,2026-04-16T22:29:40Z,
scripts/warhammer_com/images/chaos_space_marines/csm_lord_jump_pack/clean/99120102193_CSMLordJumpPack3.jpg,gw_shop,,,,chaos_space_marines,csm_lord_jump_pack,scraped,,,gallery,2026-04-16T22:29:40Z,
scripts/warhammer_com/images/chaos_space_marines/csm_lord_jump_pack/clean/99120102193_CSMLordJumpPack4.jpg,gw_shop,,,,chaos_space_marines,csm_lord_jump_pack,scraped,,,gallery,2026-04-16T22:29:40Z,
scripts/warhammer_com/images/chaos_space_marines/csm_lord_jump_pack/clean/99120102193_CSMLordJumpPack5.jpg,gw_shop,,,,chaos_space_marines,csm_lord_jump_pack,scraped,,,gallery,2026-04-16T22:29:40Z,
scripts/warhammer_com/images/chaos_space_marines/csm_lord_jump_pack/clean/99120102193_CSMLordJumpPack6.jpg,gw_shop,,,,chaos_space_marines,csm_lord_jump_pack,scraped,,,gallery,2026-04-16T22:29:40Z,
scripts/warhammer_com/images/chaos_space_marines/csm_lord_jump_pack/clean/99120102193_CSMLordJumpPack7.jpg,gw_shop,,,,chaos_space_marines,csm_lord_jump_pack,scraped,,,gallery,2026-04-16T22:29:40Z,
scripts/warhammer_com/images/chaos_space_marines/csm_lord_power_armour/clean/99120102192_CSMLordPowerArmour1.jpg,gw_shop,,,,chaos_space_marines,csm_lord_power_armour,scraped,,,gallery,2026-04-16T22:29:40Z,
scripts/warhammer_com/images/chaos_space_marines/csm_lord_power_armour/clean/99120102192_CSMLordPowerArmour2.jpg,gw_shop,,,,chaos_space_marines,csm_lord_power_armour,scraped,,,gallery,2026-04-16T22:29:40Z,
scripts/warhammer_com/images/chaos_space_marines/csm_lord_power_armour/clean/99120102192_CSMLordPowerArmour3.jpg,gw_shop,,,,chaos_space_marines,csm_lord_power_armour,scraped,,,gallery,2026-04-16T22:29:40Z,
scripts/warhammer_com/images/chaos_space_marines/csm_lord_power_armour/clean/99120102192_CSMLordPowerArmour4.jpg,gw_shop,,,,chaos_space_marines,csm_lord_power_armour,scraped,,,gallery,2026-04-16T22:29:40Z,
scripts/warhammer_com/images/chaos_space_marines/csm_lord_power_armour/clean/99120102192_CSMLordPowerArmour5.jpg,gw_shop,,,,chaos_space_marines,csm_lord_power_armour,scraped,,,gallery,2026-04-16T22:29:40Z,
scripts/warhammer_com/images/chaos_space_marines/csm_masterof_executions/clean/99070102013_CSMMasterofExecutions01.jpg,gw_shop,,,,chaos_space_marines,csm_masterof_executions,scraped,,,gallery,2026-04-16T22:29:40Z,
scripts/warhammer_com/images/chaos_space_marines/csm_mutilators/clean/99120102230_CSMMutilators1.jpg,gw_shop,,,,chaos_space_marines,csm_mutilators,scraped,,,gallery,2026-04-16T22:29:40Z,
scripts/warhammer_com/images/chaos_space_marines/csm_mutilators/clean/99120102230_CSMMutilators2.jpg,gw_shop,,,,chaos_space_marines,csm_mutilators,scraped,,,gallery,2026-04-16T22:29:40Z,
scripts/warhammer_com/images/chaos_space_marines/csm_mutilators/clean/99120102230_CSMMutilators5.jpg,gw_shop,,,,chaos_space_marines,csm_mutilators,scraped,,,gallery,2026-04-16T22:29:40Z,
scripts/warhammer_com/images/chaos_space_marines/csm_mutilators/clean/99120102230_CSMMutilators8.jpg,gw_shop,,,,chaos_space_marines,csm_mutilators,scraped,,,gallery,2026-04-16T22:29:40Z,
scripts/warhammer_com/images/chaos_space_marines/csm_possessed/clean/99120102140_CSMPossessedLead.jpg,gw_shop,,,,chaos_space_marines,csm_possessed,scraped,,,gallery,2026-04-16T22:29:40Z,
scripts/warhammer_com/images/chaos_space_marines/csm_possessed_feature/clean/99120102140_CSMPossessedFeature.jpg,gw_shop,,,,chaos_space_marines,csm_possessed_feature,scraped,,,gallery,2026-04-16T22:29:40Z,
scripts/warhammer_com/images/chaos_space_marines/csm_possessed_stock/clean/99120102140_CSMPossessedStock.jpg,gw_shop,,,,chaos_space_marines,csm_possessed_stock,scraped,,,gallery,2026-04-16T22:29:40Z,
scripts/warhammer_com/images/chaos_space_marines/csm_rhino/clean/99120102092_CSMRhino01.jpg,gw_shop,,,,chaos_space_marines,csm_rhino,scraped,,,gallery,2026-04-16T22:29:40Z,
scripts/warhammer_com/images/chaos_space_marines/csm_rhino/clean/99120102092_CSMRhino04.jpg,gw_shop,,,,chaos_space_marines,csm_rhino,scraped,,,gallery,2026-04-16T22:29:40Z,
scripts/warhammer_com/images/chaos_space_marines/csm_sorcerer/clean/99070102015_CSMSorcerer01.jpg,gw_shop,,,,chaos_space_marines,csm_sorcerer,scraped,,,gallery,2026-04-16T22:29:40Z,
scripts/warhammer_com/images/chaos_space_marines/csm_sorcerer/clean/99070102015_CSMSorcerer02.jpg,gw_shop,,,,chaos_space_marines,csm_sorcerer,scraped,,,gallery,2026-04-16T22:29:40Z,
scripts/warhammer_com/images/chaos_space_marines/csm_sorcerer_stock/clean/99070102026_CSMSorcererStock.jpg,gw_shop,,,,chaos_space_marines,csm_sorcerer_stock,scraped,,,gallery,2026-04-16T22:29:40Z,
scripts/warhammer_com/images/chaos_space_marines/csm_squad/clean/99120102098_CSMSquad01.jpg,gw_shop,,,,chaos_space_marines,csm_squad,scraped,,,gallery,2026-04-16T22:29:40Z,
scripts/warhammer_com/images/chaos_space_marines/csm_term_lord_sorc_details/clean/99120102093_CSMTermLordSorcDetails.jpg,gw_shop,,,,chaos_space_marines,csm_term_lord_sorc_details,scraped,,,gallery,2026-04-16T22:29:40Z,
scripts/warhammer_com/images/chaos_space_marines/csm_terminator_lord/clean/99120102093_CSMTerminatorLord01.jpg,gw_shop,,,,chaos_space_marines,csm_terminator_lord,scraped,,,gallery,2026-04-16T22:29:40Z,
scripts/warhammer_com/images/chaos_space_marines/csm_terminator_lord/clean/99120102093_CSMTerminatorLord02.jpg,gw_shop,,,,chaos_space_marines,csm_terminator_lord,scraped,,,gallery,2026-04-16T22:29:40Z,
scripts/warhammer_com/images/chaos_space_marines/csm_terminator_squad_stock/clean/99120102171_CSMTerminatorSquadStock.jpg,gw_shop,,,,chaos_space_marines,csm_terminator_squad_stock,scraped,,,gallery,2026-04-16T22:29:40Z,
scripts/warhammer_com/images/chaos_space_marines/csm_terminators/clean/99120102097_CSMTerminators01.jpg,gw_shop,,,,chaos_space_marines,csm_terminators,scraped,,,gallery,2026-04-16T22:29:40Z,
scripts/warhammer_com/images/chaos_space_marines/csm_traitor_enforcer/clean/99120102220_CSMTraitorEnforcer1.jpg,gw_shop,,,,chaos_space_marines,csm_traitor_enforcer,scraped,,,gallery,2026-04-16T22:29:40Z,
scripts/warhammer_com/images/chaos_space_marines/csm_traitor_enforcer/clean/99120102220_CSMTraitorEnforcer2.jpg,gw_shop,,,,chaos_space_marines,csm_traitor_enforcer,scraped,,,gallery,2026-04-16T22:29:40Z,
scripts/warhammer_com/images/chaos_space_marines/csm_traitor_enforcer/clean/99120102220_CSMTraitorEnforcer4.jpg,gw_shop,,,,chaos_space_marines,csm_traitor_enforcer,scraped,,,gallery,2026-04-16T22:29:40Z,
scripts/warhammer_com/images/chaos_space_marines/csm_traitor_enforcer/clean/99120102220_CSMTraitorEnforcer5.jpg,gw_shop,,,,chaos_space_marines,csm_traitor_enforcer,scraped,,,gallery,2026-04-16T22:29:40Z,
scripts/warhammer_com/images/chaos_space_marines/csm_traitor_enforcer/clean/99120102220_CSMTraitorEnforcer7.jpg,gw_shop,,,,chaos_space_marines,csm_traitor_enforcer,scraped,,,gallery,2026-04-16T22:29:40Z,
scripts/warhammer_com/images/chaos_space_marines/csm_traitor_guardsmen/clean/99120102219_CSMTraitorGuardsmen10.jpg,gw_shop,,,,chaos_space_marines,csm_traitor_guardsmen,scraped,,,gallery,2026-04-16T22:29:40Z,
scripts/warhammer_com/images/chaos_space_marines/csm_traitor_guardsmen/clean/99120102219_CSMTraitorGuardsmen2.jpg,gw_shop,,,,chaos_space_marines,csm_traitor_guardsmen,scraped,,,gallery,2026-04-16T22:29:40Z,
scripts/warhammer_com/images/chaos_space_marines/csm_traitor_guardsmen/clean/99120102219_CSMTraitorGuardsmen3.jpg,gw_shop,,,,chaos_space_marines,csm_traitor_guardsmen,scraped,,,gallery,2026-04-16T22:29:40Z,
scripts/warhammer_com/images/chaos_space_marines/csm_traitor_guardsmen/clean/99120102219_CSMTraitorGuardsmen4.jpg,gw_shop,,,,chaos_space_marines,csm_traitor_guardsmen,scraped,,,gallery,2026-04-16T22:29:40Z,
scripts/warhammer_com/images/chaos_space_marines/csm_traitor_guardsmen/clean/99120102219_CSMTraitorGuardsmen5.jpg,gw_shop,,,,chaos_space_marines,csm_traitor_guardsmen,scraped,,,gallery,2026-04-16T22:29:40Z,
scripts/warhammer_com/images/chaos_space_marines/csm_traitor_guardsmen/clean/99120102219_CSMTraitorGuardsmen6.jpg,gw_shop,,,,chaos_space_marines,csm_traitor_guardsmen,scraped,,,gallery,2026-04-16T22:29:40Z,
scripts/warhammer_com/images/chaos_space_marines/csm_traitor_guardsmen/clean/99120102219_CSMTraitorGuardsmen7.jpg,gw_shop,,,,chaos_space_marines,csm_traitor_guardsmen,scraped,,,gallery,2026-04-16T22:29:40Z,
scripts/warhammer_com/images/chaos_space_marines/csm_vashtorr_the_arkifane/clean/99120102180_CSMVashtorrTheArkifane01.jpg,gw_shop,,,,chaos_space_marines,csm_vashtorr_the_arkifane,scraped,,,gallery,2026-04-16T22:29:40Z,
scripts/warhammer_com/images/chaos_space_marines/csm_vashtorr_the_arkifane/clean/99120102180_CSMVashtorrTheArkifane02.jpg,gw_shop,,,,chaos_space_marines,csm_vashtorr_the_arkifane,scraped,,,gallery,2026-04-16T22:29:40Z,
scripts/warhammer_com/images/chaos_space_marines/csm_vashtorr_the_arkifane/clean/99120102180_CSMVashtorrTheArkifane03.jpg,gw_shop,,,,chaos_space_marines,csm_vashtorr_the_arkifane,scraped,,,gallery,2026-04-16T22:29:40Z,
scripts/warhammer_com/images/chaos_space_marines/csm_vashtorr_the_arkifane/clean/99120102180_CSMVashtorrTheArkifane04.jpg,gw_shop,,,,chaos_space_marines,csm_vashtorr_the_arkifane,scraped,,,gallery,2026-04-16T22:29:40Z,
scripts/warhammer_com/images/chaos_space_marines/csm_vashtorr_the_arkifane/clean/99120102180_CSMVashtorrTheArkifane05.jpg,gw_shop,,,,chaos_space_marines,csm_vashtorr_the_arkifane,scraped,,,gallery,2026-04-16T22:29:40Z,
scripts/warhammer_com/images/chaos_space_marines/csm_vashtorr_the_arkifane_stock/clean/99120102180_CSMVashtorrTheArkifaneStock.jpg,gw_shop,,,,chaos_space_marines,csm_vashtorr_the_arkifane_stock,scraped,,,gallery,2026-04-16T22:29:40Z,
scripts/warhammer_com/images/chaos_space_marines/csm_vex_machinator/clean/99120102100_CSMVexMachinator01.jpg,gw_shop,,,,chaos_space_marines,csm_vex_machinator,scraped,,,gallery,2026-04-16T22:29:40Z,
scripts/warhammer_com/images/chaos_space_marines/csm_vex_machinator/clean/99120102100_CSMVexMachinator03.jpg,gw_shop,,,,chaos_space_marines,csm_vex_machinator,scraped,,,gallery,2026-04-16T22:29:40Z,
scripts/warhammer_com/images/chaos_space_marines/csm_vex_machinator/clean/99120102100_CSMVexMachinator04.jpg,gw_shop,,,,chaos_space_marines,csm_vex_machinator,scraped,,,gallery,2026-04-16T22:29:40Z,
scripts/warhammer_com/images/chaos_space_marines/csm_warpforged/clean/99120102143_CSMWarpforgedLead.jpg,gw_shop,,,,chaos_space_marines,csm_warpforged,scraped,,,gallery,2026-04-16T22:29:40Z,
scripts/warhammer_com/images/chaos_space_marines/csm_warpforged_feature/clean/99120102143_CSMWarpforgedFeature01.jpg,gw_shop,,,,chaos_space_marines,csm_warpforged_feature,scraped,,,gallery,2026-04-16T22:29:40Z,
scripts/warhammer_com/images/chaos_space_marines/csm_warpforged_feature/clean/99120102143_CSMWarpforgedFeature02.jpg,gw_shop,,,,chaos_space_marines,csm_warpforged_feature,scraped,,,gallery,2026-04-16T22:29:40Z,
scripts/warhammer_com/images/chaos_space_marines/csm_warpsmith/clean/99120102138_CSMWarpsmithLead.jpg,gw_shop,,,,chaos_space_marines,csm_warpsmith,scraped,,,gallery,2026-04-16T22:29:40Z,
scripts/warhammer_com/images/chaos_space_marines/csm_warpsmith_feature/clean/99120102138_CSMWarpsmithFeature.jpg,gw_shop,,,,chaos_space_marines,csm_warpsmith_feature,scraped,,,gallery,2026-04-16T22:29:40Z,
scripts/warhammer_com/images/chaos_space_marines/csm_warpsmith_stock/clean/99120102138_CSMWarpsmithStock.jpg,gw_shop,,,,chaos_space_marines,csm_warpsmith_stock,scraped,,,gallery,2026-04-16T22:29:40Z,
scripts/warhammer_com/images/chaos_space_marines/csmcp/clean/99120102190_CSMCP1.jpg,gw_shop,,,,chaos_space_marines,csmcp,scraped,,,gallery,2026-04-16T22:29:40Z,
scripts/warhammer_com/images/chaos_space_marines/csmcp/clean/99120102190_CSMCP2.jpg,gw_shop,,,,chaos_space_marines,csmcp,scraped,,,gallery,2026-04-16T22:29:40Z,
scripts/warhammer_com/images/chaos_space_marines/csmcp/clean/99120102190_CSMCP3.jpg,gw_shop,,,,chaos_space_marines,csmcp,scraped,,,gallery,2026-04-16T22:29:40Z,
scripts/warhammer_com/images/chaos_space_marines/csmcp/clean/99120102190_CSMCP4.jpg,gw_shop,,,,chaos_space_marines,csmcp,scraped,,,gallery,2026-04-16T22:29:40Z,
scripts/warhammer_com/images/chaos_space_marines/csmcp/clean/99120102190_CSMCP5.jpg,gw_shop,,,,chaos_space_marines,csmcp,scraped,,,gallery,2026-04-16T22:29:40Z,
scripts/warhammer_com/images/chaos_space_marines/cultists/clean/99120102144_CultistsLead.jpg,gw_shop,,,,chaos_space_marines,cultists,scraped,,,gallery,2026-04-16T22:29:40Z,
scripts/warhammer_com/images/chaos_space_marines/cultists_feature/clean/99120102144_CultistsFeature1.jpg,gw_shop,,,,chaos_space_marines,cultists_feature,scraped,,,gallery,2026-04-16T22:29:40Z,
scripts/warhammer_com/images/chaos_space_marines/cultists_feature/clean/99120102144_CultistsFeature2.jpg,gw_shop,,,,chaos_space_marines,cultists_feature,scraped,,,gallery,2026-04-16T22:29:40Z,
scripts/warhammer_com/images/chaos_space_marines/cultists_stock/clean/99120102144_CultistsStock.jpg,gw_shop,,,,chaos_space_marines,cultists_stock,scraped,,,gallery,2026-04-16T22:29:40Z,
scripts/warhammer_com/images/chaos_space_marines/ec_noise_marines/clean/99120102204_ECNoiseMarines01.jpg,gw_shop,,,,chaos_space_marines,ec_noise_marines,scraped,,,gallery,2026-04-16T22:29:40Z,
scripts/warhammer_com/images/chaos_space_marines/ec_noise_marines/clean/99120102204_ECNoiseMarines02.jpg,gw_shop,,,,chaos_space_marines,ec_noise_marines,scraped,,,gallery,2026-04-16T22:29:40Z,
scripts/warhammer_com/images/chaos_space_marines/ec_noise_marines/clean/99120102204_ECNoiseMarines03.jpg,gw_shop,,,,chaos_space_marines,ec_noise_marines,scraped,,,gallery,2026-04-16T22:29:40Z,
scripts/warhammer_com/images/chaos_space_marines/ec_noise_marines/clean/99120102204_ECNoiseMarines04.jpg,gw_shop,,,,chaos_space_marines,ec_noise_marines,scraped,,,gallery,2026-04-16T22:29:40Z,
scripts/warhammer_com/images/chaos_space_marines/haarken_worldclaimer/clean/99120102088_HaarkenWorldclaimer01.jpg,gw_shop,,,,chaos_space_marines,haarken_worldclaimer,scraped,,,gallery,2026-04-16T22:29:40Z,
scripts/warhammer_com/images/chaos_space_marines/iron_warriors_combat_patrol/clean/99120102228_IronWarriorsCombatPatrol01.jpg,gw_shop,,,,chaos_space_marines,iron_warriors_combat_patrol,scraped,,,gallery,2026-04-16T22:29:40Z,
scripts/warhammer_com/images/chaos_space_marines/iron_warriors_combat_patrol/clean/99120102228_IronWarriorsCombatPatrol02.jpg,gw_shop,,,,chaos_space_marines,iron_warriors_combat_patrol,scraped,,,gallery,2026-04-16T22:29:40Z,
scripts/warhammer_com/images/chaos_space_marines/iron_warriors_combat_patrol/clean/99120102228_IronWarriorsCombatPatrol03.jpg,gw_shop,,,,chaos_space_marines,iron_warriors_combat_patrol,scraped,,,gallery,2026-04-16T22:29:40Z,
scripts/warhammer_com/images/chaos_space_marines/iron_warriors_combat_patrol/clean/99120102228_IronWarriorsCombatPatrol05.jpg,gw_shop,,,,chaos_space_marines,iron_warriors_combat_patrol,scraped,,,gallery,2026-04-16T22:29:40Z,
scripts/warhammer_com/images/chaos_space_marines/iron_warriors_combat_patrol/clean/99120102228_IronWarriorsCombatPatrol06.jpg,gw_shop,,,,chaos_space_marines,iron_warriors_combat_patrol,scraped,,,gallery,2026-04-16T22:29:40Z,
scripts/warhammer_com/images/chaos_space_marines/iron_warriors_combat_patrol/clean/99120102228_IronWarriorsCombatPatrol07.jpg,gw_shop,,,,chaos_space_marines,iron_warriors_combat_patrol,scraped,,,gallery,2026-04-16T22:29:40Z,
scripts/warhammer_com/images/chaos_space_marines/khorne_berserkers/clean/99120102153_KhorneBerserkers1.jpg,gw_shop,,,,chaos_space_marines,khorne_berserkers,scraped,,,gallery,2026-04-16T22:29:40Z,
scripts/warhammer_com/images/chaos_space_marines/khorne_berserkers/clean/99120102153_KhorneBerserkers2.jpg,gw_shop,,,,chaos_space_marines,khorne_berserkers,scraped,,,gallery,2026-04-16T22:29:40Z,
scripts/warhammer_com/images/chaos_space_marines/khorne_berserkers_stock/clean/99120102153_KhorneBerserkersStock.jpg,gw_shop,,,,chaos_space_marines,khorne_berserkers_stock,scraped,,,gallery,2026-04-16T22:29:40Z,
scripts/warhammer_com/images/chaos_space_marines/kt_fellgor_ravagers/clean/99120102214_KTFellgorRavagers5.jpg,gw_shop,,,,chaos_space_marines,kt_fellgor_ravagers,scraped,,,gallery,2026-04-16T22:29:40Z,
scripts/warhammer_com/images/chaos_space_marines/kt_fellgor_ravagers/clean/99120102214_KTFellgorRavagers6.jpg,gw_shop,,,,chaos_space_marines,kt_fellgor_ravagers,scraped,,,gallery,2026-04-16T22:29:40Z,
scripts/warhammer_com/images/chaos_space_marines/kt_nemesis_claw/clean/99120102182_KTNemesisClaw1.jpg,gw_shop,,,,chaos_space_marines,kt_nemesis_claw,scraped,,,gallery,2026-04-16T22:29:40Z,
scripts/warhammer_com/images/chaos_space_marines/kt_nemesis_claw/clean/99120102182_KTNemesisClaw2.jpg,gw_shop,,,,chaos_space_marines,kt_nemesis_claw,scraped,,,gallery,2026-04-16T22:29:40Z,
scripts/warhammer_com/images/chaos_space_marines/kt_nemesis_claw/clean/99120102182_KTNemesisClaw4.jpg,gw_shop,,,,chaos_space_marines,kt_nemesis_claw,scraped,,,gallery,2026-04-16T22:29:40Z,
scripts/warhammer_com/images/chaos_space_marines/kt_nemesis_claw/clean/99120102182_KTNemesisClaw5.jpg,gw_shop,,,,chaos_space_marines,kt_nemesis_claw,scraped,,,gallery,2026-04-16T22:29:40Z,
scripts/warhammer_com/images/chaos_space_marines/kt_nemesis_claw/clean/99120102182_KTNemesisClaw6.jpg,gw_shop,,,,chaos_space_marines,kt_nemesis_claw,scraped,,,gallery,2026-04-16T22:29:40Z,
scripts/warhammer_com/images/chaos_space_marines/lordof_skulls/clean/99120102041_LordofSkulls01.jpg,gw_shop,,,,chaos_space_marines,lordof_skulls,scraped,,,gallery,2026-04-16T22:29:40Z,
scripts/warhammer_com/images/chaos_space_marines/lordof_skulls/clean/99120102041_LordofSkulls02.jpg,gw_shop,,,,chaos_space_marines,lordof_skulls,scraped,,,gallery,2026-04-16T22:29:40Z,
scripts/warhammer_com/images/chaos_space_marines/lordof_skulls/clean/99120102041_LordofSkulls03.jpg,gw_shop,,,,chaos_space_marines,lordof_skulls,scraped,,,gallery,2026-04-16T22:29:40Z,
scripts/warhammer_com/images/chaos_space_marines/lordof_skulls/clean/99120102041_LordofSkulls04.jpg,gw_shop,,,,chaos_space_marines,lordof_skulls,scraped,,,gallery,2026-04-16T22:29:40Z,
scripts/warhammer_com/images/chaos_space_marines/lordof_skulls/clean/99120102041_LordofSkulls05.jpg,gw_shop,,,,chaos_space_marines,lordof_skulls,scraped,,,gallery,2026-04-16T22:29:40Z,
scripts/warhammer_com/images/chaos_space_marines/master_possession/clean/99070102016_MasterPossession1.jpg,gw_shop,,,,chaos_space_marines,master_possession,scraped,,,gallery,2026-04-16T22:29:40Z,
scripts/warhammer_com/images/chaos_space_marines/night_lords_cp/clean/99120102217_NightLordsCP1.jpg,gw_shop,,,,chaos_space_marines,night_lords_cp,scraped,,,gallery,2026-04-16T22:29:40Z,
scripts/warhammer_com/images/chaos_space_marines/night_lords_cp/clean/99120102217_NightLordsCP11.jpg,gw_shop,,,,chaos_space_marines,night_lords_cp,scraped,,,gallery,2026-04-16T22:29:40Z,
scripts/warhammer_com/images/chaos_space_marines/night_lords_cp/clean/99120102217_NightLordsCP12.jpg,gw_shop,,,,chaos_space_marines,night_lords_cp,scraped,,,gallery,2026-04-16T22:29:40Z,
scripts/warhammer_com/images/chaos_space_marines/night_lords_cp/clean/99120102217_NightLordsCP2.jpg,gw_shop,,,,chaos_space_marines,night_lords_cp,scraped,,,gallery,2026-04-16T22:29:40Z,
scripts/warhammer_com/images/chaos_space_marines/night_lords_cp/clean/99120102217_NightLordsCP3.jpg,gw_shop,,,,chaos_space_marines,night_lords_cp,scraped,,,gallery,2026-04-16T22:29:40Z,
scripts/warhammer_com/images/chaos_space_marines/night_lords_cp/clean/99120102217_NightLordsCP4.jpg,gw_shop,,,,chaos_space_marines,night_lords_cp,scraped,,,gallery,2026-04-16T22:29:40Z,
scripts/warhammer_com/images/chaos_space_marines/night_lords_cp/clean/99120102217_NightLordsCP5.jpg,gw_shop,,,,chaos_space_marines,night_lords_cp,scraped,,,gallery,2026-04-16T22:29:40Z,
scripts/warhammer_com/images/chaos_space_marines/night_lords_cp/clean/99120102217_NightLordsCP6.jpg,gw_shop,,,,chaos_space_marines,night_lords_cp,scraped,,,gallery,2026-04-16T22:29:40Z,
scripts/warhammer_com/images/chaos_space_marines/night_lords_cp/clean/99120102217_NightLordsCP7.jpg,gw_shop,,,,chaos_space_marines,night_lords_cp,scraped,,,gallery,2026-04-16T22:29:40Z,
scripts/warhammer_com/images/chaos_space_marines/night_lords_cp/clean/99120102217_NightLordsCP8.jpg,gw_shop,,,,chaos_space_marines,night_lords_cp,scraped,,,gallery,2026-04-16T22:29:40Z,
scripts/warhammer_com/images/chaos_space_marines/plague_marines/clean/99120102078_PlagueMarines01.jpg,gw_shop,,,,chaos_space_marines,plague_marines,scraped,,,gallery,2026-04-16T22:29:40Z,
scripts/warhammer_com/images/chaos_space_marines/plague_marines/clean/99120102078_PlagueMarines02.jpg,gw_shop,,,,chaos_space_marines,plague_marines,scraped,,,gallery,2026-04-16T22:29:40Z,
scripts/warhammer_com/images/chaos_space_marines/plague_marines/clean/99120102078_PlagueMarines03.jpg,gw_shop,,,,chaos_space_marines,plague_marines,scraped,,,gallery,2026-04-16T22:29:40Z,
scripts/warhammer_com/images/chaos_space_marines/plague_marines/clean/99120102078_PlagueMarines04.jpg,gw_shop,,,,chaos_space_marines,plague_marines,scraped,,,gallery,2026-04-16T22:29:40Z,
scripts/warhammer_com/images/chaos_space_marines/plague_marines/clean/99120102078_PlagueMarines05.jpg,gw_shop,,,,chaos_space_marines,plague_marines,scraped,,,gallery,2026-04-16T22:29:40Z,
scripts/warhammer_com/images/chaos_space_marines/red_corsairs_combat_patrol/clean/99120102221_RedCorsairsCombatPatrol1.jpg,gw_shop,,,,chaos_space_marines,red_corsairs_combat_patrol,scraped,,,gallery,2026-04-16T22:29:40Z,
scripts/warhammer_com/images/chaos_space_marines/red_corsairs_combat_patrol/clean/99120102221_RedCorsairsCombatPatrol2.jpg,gw_shop,,,,chaos_space_marines,red_corsairs_combat_patrol,scraped,,,gallery,2026-04-16T22:29:40Z,
scripts/warhammer_com/images/chaos_space_marines/red_corsairs_combat_patrol/clean/99120102221_RedCorsairsCombatPatrol3.jpg,gw_shop,,,,chaos_space_marines,red_corsairs_combat_patrol,scraped,,,gallery,2026-04-16T22:29:40Z,
scripts/warhammer_com/images/chaos_space_marines/red_corsairs_combat_patrol_box/clean/99120102221_RedCorsairsCombatPatrolBox.jpg,gw_shop,,,,chaos_space_marines,red_corsairs_combat_patrol_box,scraped,,,gallery,2026-04-16T22:29:40Z,
scripts/warhammer_com/images/chaos_space_marines/red_corsairs_raiders/clean/99120102224_RedCorsairsRaiders1.jpg,gw_shop,,,,chaos_space_marines,red_corsairs_raiders,scraped,,,gallery,2026-04-16T22:29:40Z,
scripts/warhammer_com/images/chaos_space_marines/red_corsairs_raiders/clean/99120102224_RedCorsairsRaiders2.jpg,gw_shop,,,,chaos_space_marines,red_corsairs_raiders,scraped,,,gallery,2026-04-16T22:29:40Z,
scripts/warhammer_com/images/chaos_space_marines/red_corsairs_raiders_box/clean/99120102224_RedCorsairsRaidersBox.jpg,gw_shop,,,,chaos_space_marines,red_corsairs_raiders_box,scraped,,,gallery,2026-04-16T22:29:40Z,
scripts/warhammer_com/images/chaos_space_marines/red_corsairs_reave_captain/clean/99120102222_RedCorsairsReaveCaptain1.jpg,gw_shop,,,,chaos_space_marines,red_corsairs_reave_captain,scraped,,,gallery,2026-04-16T22:29:40Z,
scripts/warhammer_com/images/chaos_space_marines/red_corsairs_reave_captain/clean/99120102222_RedCorsairsReaveCaptain2.jpg,gw_shop,,,,chaos_space_marines,red_corsairs_reave_captain,scraped,,,gallery,2026-04-16T22:29:40Z,
scripts/warhammer_com/images/chaos_space_marines/red_corsairs_reave_captain/clean/99120102222_RedCorsairsReaveCaptain3.jpg,gw_shop,,,,chaos_space_marines,red_corsairs_reave_captain,scraped,,,gallery,2026-04-16T22:29:40Z,
scripts/warhammer_com/images/chaos_space_marines/red_corsairs_reave_captain/clean/99120102222_RedCorsairsReaveCaptain5.jpg,gw_shop,,,,chaos_space_marines,red_corsairs_reave_captain,scraped,,,gallery,2026-04-16T22:29:40Z,
scripts/warhammer_com/images/chaos_space_marines/red_corsairs_upgrades_transfers/clean/99120102226_RedCorsairsUpgradesTransfers1.jpg,gw_shop,,,,chaos_space_marines,red_corsairs_upgrades_transfers,scraped,,,gallery,2026-04-16T22:29:40Z,
scripts/warhammer_com/images/chaos_space_marines/red_corsairs_upgrades_transfers/clean/99120102226_RedCorsairsUpgradesTransfers2.jpg,gw_shop,,,,chaos_space_marines,red_corsairs_upgrades_transfers,scraped,,,gallery,2026-04-16T22:29:40Z,
scripts/warhammer_com/images/chaos_space_marines/red_corsairs_upgrades_transfers/clean/99120102226_RedCorsairsUpgradesTransfers3.jpg,gw_shop,,,,chaos_space_marines,red_corsairs_upgrades_transfers,scraped,,,gallery,2026-04-16T22:29:40Z,
scripts/warhammer_com/images/chaos_space_marines/red_corsairs_upgrades_transfers/clean/99120102226_RedCorsairsUpgradesTransfers5.jpg,gw_shop,,,,chaos_space_marines,red_corsairs_upgrades_transfers,scraped,,,gallery,2026-04-16T22:29:40Z,
scripts/warhammer_com/images/chaos_space_marines/red_corsairs_upgrades_transfers/clean/99120102226_RedCorsairsUpgradesTransfers6.jpg,gw_shop,,,,chaos_space_marines,red_corsairs_upgrades_transfers,scraped,,,gallery,2026-04-16T22:29:40Z,
scripts/warhammer_com/images/chaos_space_marines/red_corsairs_upgrades_transfers/clean/99120102226_RedCorsairsUpgradesTransfers7.jpg,gw_shop,,,,chaos_space_marines,red_corsairs_upgrades_transfers,scraped,,,gallery,2026-04-16T22:29:40Z,
scripts/warhammer_com/images/chaos_space_marines/red_corsairs_upgrades_transfers/clean/99120102226_RedCorsairsUpgradesTransfers8.jpg,gw_shop,,,,chaos_space_marines,red_corsairs_upgrades_transfers,scraped,,,gallery,2026-04-16T22:29:40Z,
scripts/warhammer_com/images/chaos_space_marines/rubic_marines/clean/99120102063_RubicMarines01.jpg,gw_shop,,,,chaos_space_marines,rubic_marines,scraped,,,gallery,2026-04-16T22:29:40Z,
scripts/warhammer_com/images/chaos_space_marines/rubic_marines/clean/99120102063_RubicMarines04.jpg,gw_shop,,,,chaos_space_marines,rubic_marines,scraped,,,gallery,2026-04-16T22:29:40Z,
scripts/warhammer_com/images/chaos_space_marines/rubic_marines/clean/99120102063_RubicMarines05.jpg,gw_shop,,,,chaos_space_marines,rubic_marines,scraped,,,gallery,2026-04-16T22:29:40Z,
scripts/warhammer_com/images/chaos_space_marines/triumvirateofthe_primarch/clean/99120101177_TriumvirateofthePrimarch06.jpg,gw_shop,,,,chaos_space_marines,triumvirateofthe_primarch,scraped,,,gallery,2026-04-16T22:29:40Z,
scripts/warhammer_com/images/chaos_space_marines/triumvirateofthe_primarch/clean/99120101177_TriumvirateofthePrimarch07.jpg,gw_shop,,,,chaos_space_marines,triumvirateofthe_primarch,scraped,,,gallery,2026-04-16T22:29:40Z,
scripts/warhammer_com/images/chaos_space_marines/triumvirateofthe_primarch/clean/99120101177_TriumvirateofthePrimarch13.jpg,gw_shop,,,,chaos_space_marines,triumvirateofthe_primarch,scraped,,,gallery,2026-04-16T22:29:40Z,
scripts/warhammer_com/images/chaos_space_marines/ts_rubric_marines_repackage_stock/clean/99120102130_TSRubricMarinesRepackageStock.jpg,gw_shop,,,,chaos_space_marines,ts_rubric_marines_repackage_stock,scraped,,,gallery,2026-04-16T22:29:40Z,
scripts/warhammer_com/images/dark_angels/azrael/clean/99120101379_Azrael1.jpg,gw_shop,,,,dark_angels,azrael,scraped,,,gallery,2026-04-16T22:29:40Z,
scripts/warhammer_com/images/dark_angels/azrael/clean/99120101379_Azrael2.jpg,gw_shop,,,,dark_angels,azrael,scraped,,,gallery,2026-04-16T22:29:40Z,
scripts/warhammer_com/images/dark_angels/azrael_stock/clean/99120101379_AzraelStock.jpg,gw_shop,,,,dark_angels,azrael_stock,scraped,,,gallery,2026-04-16T22:29:40Z,
scripts/warhammer_com/images/dark_angels/da_asmodai/clean/99120101403_DAAsmodai1.jpg,gw_shop,,,,dark_angels,da_asmodai,scraped,,,gallery,2026-04-16T22:29:40Z,
scripts/warhammer_com/images/dark_angels/da_asmodai/clean/99120101403_DAAsmodaiALT.jpg,gw_shop,,,,dark_angels,da_asmodai,scraped,,,gallery,2026-04-16T22:29:40Z,
scripts/warhammer_com/images/dark_angels/da_belial_grand_masterofthe_deathwing/clean/99120101404_DABelialGrandMasteroftheDeathwing1.jpg,gw_shop,,,,dark_angels,da_belial_grand_masterofthe_deathwing,scraped,,,gallery,2026-04-16T22:29:40Z,
scripts/warhammer_com/images/dark_angels/da_belial_grand_masterofthe_deathwing_stock/clean/99120101404_DABelialGrandMasteroftheDeathwingSTOCK.jpg,gw_shop,,,,dark_angels,da_belial_grand_masterofthe_deathwing_stock,scraped,,,gallery,2026-04-16T22:29:40Z,
scripts/warhammer_com/images/dark_angels/da_deathwing_knights/clean/99120101405_DADeathwingKnights1.jpg,gw_shop,,,,dark_angels,da_deathwing_knights,scraped,,,gallery,2026-04-16T22:29:40Z,
scripts/warhammer_com/images/dark_angels/da_deathwing_knights/clean/99120101405_DADeathwingKnights4.jpg,gw_shop,,,,dark_angels,da_deathwing_knights,scraped,,,gallery,2026-04-16T22:29:40Z,
scripts/warhammer_com/images/dark_angels/da_deathwing_knights_stock/clean/99120101405_DADeathwingKnightsStock.jpg,gw_shop,,,,dark_angels,da_deathwing_knights_stock,scraped,,,gallery,2026-04-16T22:29:40Z,
scripts/warhammer_com/images/dark_angels/da_inner_circle_companions/clean/99120101407_DAInnerCircleCompanions1.jpg,gw_shop,,,,dark_angels,da_inner_circle_companions,scraped,,,gallery,2026-04-16T22:29:40Z,
scripts/warhammer_com/images/dark_angels/da_inner_circle_companions/clean/99120101407_DAInnerCircleCompanions2.jpg,gw_shop,,,,dark_angels,da_inner_circle_companions,scraped,,,gallery,2026-04-16T22:29:40Z,
scripts/warhammer_com/images/dark_angels/da_inner_circle_companions/clean/99120101407_DAInnerCircleCompanions4.jpg,gw_shop,,,,dark_angels,da_inner_circle_companions,scraped,,,gallery,2026-04-16T22:29:40Z,
scripts/warhammer_com/images/dark_angels/da_inner_circle_companions/clean/99120101407_DAInnerCircleCompanions5.jpg,gw_shop,,,,dark_angels,da_inner_circle_companions,scraped,,,gallery,2026-04-16T22:29:40Z,
scripts/warhammer_com/images/dark_angels/da_inner_circle_companions_stock/clean/99120101407_DAInnerCircleCompanionsStock.jpg,gw_shop,,,,dark_angels,da_inner_circle_companions_stock,scraped,,,gallery,2026-04-16T22:29:40Z,
scripts/warhammer_com/images/dark_angels/da_lion_el_johnson_stock/clean/99120101378_DALionElJohnsonStock.jpg,gw_shop,,,,dark_angels,da_lion_el_johnson_stock,scraped,,,gallery,2026-04-16T22:29:40Z,
scripts/warhammer_com/images/dark_angels/dacp/clean/99120101406_DACP1.jpg,gw_shop,,,,dark_angels,dacp,scraped,,,gallery,2026-04-16T22:29:40Z,
scripts/warhammer_com/images/dark_angels/dacp/clean/99120101406_DACP2.jpg,gw_shop,,,,dark_angels,dacp,scraped,,,gallery,2026-04-16T22:29:40Z,
scripts/warhammer_com/images/dark_angels/dacp/clean/99120101406_DACP3.jpg,gw_shop,,,,dark_angels,dacp,scraped,,,gallery,2026-04-16T22:29:40Z,
scripts/warhammer_com/images/dark_angels/dacp/clean/99120101406_DACP4.jpg,gw_shop,,,,dark_angels,dacp,scraped,,,gallery,2026-04-16T22:29:40Z,
scripts/warhammer_com/images/dark_angels/dacp_stock/clean/99120101406_DACPStock.jpg,gw_shop,,,,dark_angels,dacp_stock,scraped,,,gallery,2026-04-16T22:29:40Z,
scripts/warhammer_com/images/dark_angels/dark_angels_interrogator_chaplain/clean/99070101011_DarkAngelsInterrogatorChaplain01.jpg,gw_shop,,,,dark_angels,dark_angels_interrogator_chaplain,scraped,,,gallery,2026-04-16T22:29:40Z,
scripts/warhammer_com/images/dark_angels/dark_angels_interrogator_chaplain/clean/99070101011_DarkAngelsInterrogatorChaplain02.jpg,gw_shop,,,,dark_angels,dark_angels_interrogator_chaplain,scraped,,,gallery,2026-04-16T22:29:40Z,
scripts/warhammer_com/images/dark_angels/dark_angels_interrogator_chaplain/clean/99070101011_DarkAngelsInterrogatorChaplain03.jpg,gw_shop,,,,dark_angels,dark_angels_interrogator_chaplain,scraped,,,gallery,2026-04-16T22:29:40Z,
scripts/warhammer_com/images/dark_angels/dark_angels_interrogator_chaplain_rp/clean/99070101035_DarkAngelsInterrogatorChaplainRP02.jpg,gw_shop,,,,dark_angels,dark_angels_interrogator_chaplain_rp,scraped,,,gallery,2026-04-16T22:29:40Z,
scripts/warhammer_com/images/dark_angels/eng_da_deathwing_assault/clean/60010101006_EngDADeathwingAssault04.jpg,gw_shop,,,,dark_angels,eng_da_deathwing_assault,scraped,,,gallery,2026-04-16T22:29:40Z,
scripts/warhammer_com/images/dark_angels/ezekiel_update/clean/99060101326_EzekielUpdate2.jpg,gw_shop,,,,dark_angels,ezekiel_update,scraped,,,gallery,2026-04-16T22:29:40Z,
scripts/warhammer_com/images/dark_angels/lions_retinue/clean/99120101410_LionsRetinue1.jpg,gw_shop,,,,dark_angels,lions_retinue,scraped,,,gallery,2026-04-16T22:29:40Z,
scripts/warhammer_com/images/dark_angels/lions_retinue/clean/99120101410_LionsRetinue11.jpg,gw_shop,,,,dark_angels,lions_retinue,scraped,,,gallery,2026-04-16T22:29:40Z,
scripts/warhammer_com/images/dark_angels/lions_retinue/clean/99120101410_LionsRetinue3.jpg,gw_shop,,,,dark_angels,lions_retinue,scraped,,,gallery,2026-04-16T22:29:40Z,
scripts/warhammer_com/images/dark_angels/lions_retinue/clean/99120101410_LionsRetinue9.jpg,gw_shop,,,,dark_angels,lions_retinue,scraped,,,gallery,2026-04-16T22:29:40Z,
scripts/warhammer_com/images/dark_angels/master_lazarus/clean/99120101267_MasterLazarus01.jpg,gw_shop,,,,dark_angels,master_lazarus,scraped,,,gallery,2026-04-16T22:29:40Z,
scripts/warhammer_com/images/dark_angels/master_lazarus/clean/99120101267_MasterLazarus02.jpg,gw_shop,,,,dark_angels,master_lazarus,scraped,,,gallery,2026-04-16T22:29:40Z,
scripts/warhammer_com/images/dark_angels/master_lazarus_details_extras/clean/99120101267_MasterLazarusDetailsExtras.jpg,gw_shop,,,,dark_angels,master_lazarus_details_extras,scraped,,,gallery,2026-04-16T22:29:40Z,
scripts/warhammer_com/images/dark_angels/master_lazarus_details_extras/clean/99120101267_MasterLazarusDetailsExtras2.jpg,gw_shop,,,,dark_angels,master_lazarus_details_extras,scraped,,,gallery,2026-04-16T22:29:40Z,
scripts/warhammer_com/images/dark_angels/ravenwing_command/clean/99120101097_RavenwingCommand01.jpg,gw_shop,,,,dark_angels,ravenwing_command,scraped,,,gallery,2026-04-16T22:29:40Z,
scripts/warhammer_com/images/dark_angels/sammael_corvex/clean/99810101020_SammaelCorvex01.jpg,gw_shop,,,,dark_angels,sammael_corvex,scraped,,,gallery,2026-04-16T22:29:40Z,
scripts/warhammer_com/images/dark_angels/sammael_corvex/clean/99810101020_SammaelCorvex02.jpg,gw_shop,,,,dark_angels,sammael_corvex,scraped,,,gallery,2026-04-16T22:29:40Z,
scripts/warhammer_com/images/dark_angels/sammael_corvex/clean/99810101020_SammaelCorvex03.jpg,gw_shop,,,,dark_angels,sammael_corvex,scraped,,,gallery,2026-04-16T22:29:40Z,
scripts/warhammer_com/images/death_guard/biologus_putrifier/clean/99070102005_BiologusPutrifier01.jpg,gw_shop,,,,death_guard,biologus_putrifier,scraped,,,gallery,2026-04-16T22:29:40Z,
scripts/warhammer_com/images/death_guard/biologus_putrifier/clean/99070102005_BiologusPutrifier03.jpg,gw_shop,,,,death_guard,biologus_putrifier,scraped,,,gallery,2026-04-16T22:29:40Z,
scripts/warhammer_com/images/death_guard/bloat_drone/clean/99120102077_BloatDrone01.jpg,gw_shop,,,,death_guard,bloat_drone,scraped,,,gallery,2026-04-16T22:29:40Z,
scripts/warhammer_com/images/death_guard/bloat_drone/clean/99120102077_BloatDrone02.jpg,gw_shop,,,,death_guard,bloat_drone,scraped,,,gallery,2026-04-16T22:29:40Z,
scripts/warhammer_com/images/death_guard/bloat_drone/clean/99120102077_BloatDrone03.jpg,gw_shop,,,,death_guard,bloat_drone,scraped,,,gallery,2026-04-16T22:29:40Z,
scripts/warhammer_com/images/death_guard/bloat_drone/clean/99120102077_BloatDrone04.jpg,gw_shop,,,,death_guard,bloat_drone,scraped,,,gallery,2026-04-16T22:29:40Z,
scripts/warhammer_com/images/death_guard/chaos_space_marine_death_guard_lordof_poxes/clean/99120102198_ChaosSpaceMarineDeathGuardLordofPoxes1.jpg,gw_shop,,,,death_guard,chaos_space_marine_death_guard_lordof_poxes,scraped,,,gallery,2026-04-16T22:29:40Z,
scripts/warhammer_com/images/death_guard/chaos_space_marine_death_guard_lordof_poxes/clean/99120102198_ChaosSpaceMarineDeathGuardLordofPoxes4.jpg,gw_shop,,,,death_guard,chaos_space_marine_death_guard_lordof_poxes,scraped,,,gallery,2026-04-16T22:29:40Z,
scripts/warhammer_com/images/death_guard/crawler/clean/99120102075_Crawler01.jpg,gw_shop,,,,death_guard,crawler,scraped,,,gallery,2026-04-16T22:29:40Z,
scripts/warhammer_com/images/death_guard/crawler/clean/99120102075_Crawler02.jpg,gw_shop,,,,death_guard,crawler,scraped,,,gallery,2026-04-16T22:29:40Z,
scripts/warhammer_com/images/death_guard/crawler/clean/99120102075_Crawler04.jpg,gw_shop,,,,death_guard,crawler,scraped,,,gallery,2026-04-16T22:29:40Z,
scripts/warhammer_com/images/death_guard/csmdg_poxwalkers_feature/clean/99120102115_CSMDGPoxwalkersFeature1.jpg,gw_shop,,,,death_guard,csmdg_poxwalkers_feature,scraped,,,gallery,2026-04-16T22:29:40Z,
scripts/warhammer_com/images/death_guard/csmdg_poxwalkers_feature/clean/99120102115_CSMDGPoxwalkersFeature2.jpg,gw_shop,,,,death_guard,csmdg_poxwalkers_feature,scraped,,,gallery,2026-04-16T22:29:40Z,
scripts/warhammer_com/images/death_guard/csmdg_poxwalkers_stock/clean/99120102115_CSMDGPoxwalkersStock.jpg,gw_shop,,,,death_guard,csmdg_poxwalkers_stock,scraped,,,gallery,2026-04-16T22:29:40Z,
scripts/warhammer_com/images/death_guard/daemon_primarch_mortarion/clean/99120102072_DaemonPrimarchMortarion01.jpg,gw_shop,,,,death_guard,daemon_primarch_mortarion,scraped,,,gallery,2026-04-16T22:29:40Z,
scripts/warhammer_com/images/death_guard/daemon_primarch_mortarion/clean/99120102072_DaemonPrimarchMortarion02.jpg,gw_shop,,,,death_guard,daemon_primarch_mortarion,scraped,,,gallery,2026-04-16T22:29:40Z,
scripts/warhammer_com/images/death_guard/daemon_primarch_mortarion/clean/99120102072_DaemonPrimarchMortarion03.jpg,gw_shop,,,,death_guard,daemon_primarch_mortarion,scraped,,,gallery,2026-04-16T22:29:40Z,
scripts/warhammer_com/images/death_guard/death_guard_blight_lord_terminators/clean/99120102074_DeathGuardBlightLordTerminators01.jpg,gw_shop,,,,death_guard,death_guard_blight_lord_terminators,scraped,,,gallery,2026-04-16T22:29:40Z,
scripts/warhammer_com/images/death_guard/death_guard_blight_lord_terminators/clean/99120102074_DeathGuardBlightLordTerminators02.jpg,gw_shop,,,,death_guard,death_guard_blight_lord_terminators,scraped,,,gallery,2026-04-16T22:29:40Z,
scripts/warhammer_com/images/death_guard/death_guard_blight_lord_terminators/clean/99120102074_DeathGuardBlightLordTerminators03.jpg,gw_shop,,,,death_guard,death_guard_blight_lord_terminators,scraped,,,gallery,2026-04-16T22:29:40Z,
scripts/warhammer_com/images/death_guard/death_guard_blight_lord_terminators/clean/99120102074_DeathGuardBlightLordTerminators05.jpg,gw_shop,,,,death_guard,death_guard_blight_lord_terminators,scraped,,,gallery,2026-04-16T22:29:40Z,
scripts/warhammer_com/images/death_guard/death_guard_blight_lord_terminators/clean/99120102074_DeathGuardBlightLordTerminators10.jpg,gw_shop,,,,death_guard,death_guard_blight_lord_terminators,scraped,,,gallery,2026-04-16T22:29:40Z,
scripts/warhammer_com/images/death_guard/death_guard_blight_lord_terminators/clean/99120102074_DeathGuardBlightLordTerminators11.jpg,gw_shop,,,,death_guard,death_guard_blight_lord_terminators,scraped,,,gallery,2026-04-16T22:29:40Z,
scripts/warhammer_com/images/death_guard/death_guard_blight_lord_terminators/clean/99120102074_DeathGuardBlightLordTerminators12.jpg,gw_shop,,,,death_guard,death_guard_blight_lord_terminators,scraped,,,gallery,2026-04-16T22:29:40Z,
scripts/warhammer_com/images/death_guard/death_guard_blight_lord_terminators/clean/99120102074_DeathGuardBlightLordTerminators13.jpg,gw_shop,,,,death_guard,death_guard_blight_lord_terminators,scraped,,,gallery,2026-04-16T22:29:40Z,
scripts/warhammer_com/images/death_guard/death_guard_blight_lord_terminators/clean/99120102074_DeathGuardBlightLordTerminators14.jpg,gw_shop,,,,death_guard,death_guard_blight_lord_terminators,scraped,,,gallery,2026-04-16T22:29:40Z,
scripts/warhammer_com/images/death_guard/death_guard_foul_blight_spawn/clean/99070102002_DeathGuardFoulBlightSpawn01.jpg,gw_shop,,,,death_guard,death_guard_foul_blight_spawn,scraped,,,gallery,2026-04-16T22:29:40Z,
scripts/warhammer_com/images/death_guard/death_guard_scribbus_wretch/clean/99070102003_DeathGuardScribbusWretch01.jpg,gw_shop,,,,death_guard,death_guard_scribbus_wretch,scraped,,,gallery,2026-04-16T22:29:40Z,
scripts/warhammer_com/images/death_guard/death_guard_typhus/clean/99120102076_DeathGuardTyphus01.jpg,gw_shop,,,,death_guard,death_guard_typhus,scraped,,,gallery,2026-04-16T22:29:40Z,
scripts/warhammer_com/images/death_guard/deathguard_champion/clean/99070102007_DeathguardChampion01.jpg,gw_shop,,,,death_guard,deathguard_champion,scraped,,,gallery,2026-04-16T22:29:40Z,
scripts/warhammer_com/images/death_guard/deathguard_champion/clean/99070102007_DeathguardChampion02.jpg,gw_shop,,,,death_guard,deathguard_champion,scraped,,,gallery,2026-04-16T22:29:40Z,
scripts/warhammer_com/images/death_guard/deathshroud_bodyguard/clean/99120102073_DeathshroudBodyguard01.jpg,gw_shop,,,,death_guard,deathshroud_bodyguard,scraped,,,gallery,2026-04-16T22:29:40Z,
scripts/warhammer_com/images/death_guard/deathshroud_bodyguard/clean/99120102073_DeathshroudBodyguard08.jpg,gw_shop,,,,death_guard,deathshroud_bodyguard,scraped,,,gallery,2026-04-16T22:29:40Z,
scripts/warhammer_com/images/death_guard/deathshroud_bodyguard/clean/99120102073_DeathshroudBodyguard09.jpg,gw_shop,,,,death_guard,deathshroud_bodyguard,scraped,,,gallery,2026-04-16T22:29:40Z,
scripts/warhammer_com/images/death_guard/deathshroud_bodyguard/clean/99120102073_DeathshroudBodyguard10.jpg,gw_shop,,,,death_guard,deathshroud_bodyguard,scraped,,,gallery,2026-04-16T22:29:40Z,
scripts/warhammer_com/images/death_guard/dg_chosenof_mortarion/clean/99120102114_DGChosenofMortarionLead.jpg,gw_shop,,,,death_guard,dg_chosenof_mortarion,scraped,,,gallery,2026-04-16T22:29:40Z,
scripts/warhammer_com/images/death_guard/dg_chosenof_mortarion_feature/clean/99120102114_DGChosenofMortarionFeature.jpg,gw_shop,,,,death_guard,dg_chosenof_mortarion_feature,scraped,,,gallery,2026-04-16T22:29:40Z,
scripts/warhammer_com/images/death_guard/dg_combat_patrol/clean/99120102194_DGCombatPatrol01.jpg,gw_shop,,,,death_guard,dg_combat_patrol,scraped,,,gallery,2026-04-16T22:29:40Z,
scripts/warhammer_com/images/death_guard/dg_combat_patrol/clean/99120102194_DGCombatPatrol02.jpg,gw_shop,,,,death_guard,dg_combat_patrol,scraped,,,gallery,2026-04-16T22:29:40Z,
scripts/warhammer_com/images/death_guard/dg_combat_patrol/clean/99120102194_DGCombatPatrol03.jpg,gw_shop,,,,death_guard,dg_combat_patrol,scraped,,,gallery,2026-04-16T22:29:40Z,
scripts/warhammer_com/images/death_guard/dg_combat_patrol/clean/99120102194_DGCombatPatrol04.jpg,gw_shop,,,,death_guard,dg_combat_patrol,scraped,,,gallery,2026-04-16T22:29:40Z,
scripts/warhammer_com/images/death_guard/dg_combat_patrol/clean/99120102194_DGCombatPatrol05.jpg,gw_shop,,,,death_guard,dg_combat_patrol,scraped,,,gallery,2026-04-16T22:29:40Z,
scripts/warhammer_com/images/death_guard/dg_combat_patrol/clean/99120102194_DGCombatPatrol06.jpg,gw_shop,,,,death_guard,dg_combat_patrol,scraped,,,gallery,2026-04-16T22:29:40Z,
scripts/warhammer_com/images/death_guard/dg_combat_patrol/clean/99120102194_DGCombatPatrol07.jpg,gw_shop,,,,death_guard,dg_combat_patrol,scraped,,,gallery,2026-04-16T22:29:40Z,
scripts/warhammer_com/images/death_guard/dg_combat_patrol/clean/99120102194_DGCombatPatrol08.jpg,gw_shop,,,,death_guard,dg_combat_patrol,scraped,,,gallery,2026-04-16T22:29:40Z,
scripts/warhammer_com/images/death_guard/dg_combat_patrol/clean/99120102194_DGCombatPatrol10.jpg,gw_shop,,,,death_guard,dg_combat_patrol,scraped,,,gallery,2026-04-16T22:29:40Z,
scripts/warhammer_com/images/death_guard/dg_combat_patrol/clean/99120102194_DGCombatPatrol12.jpg,gw_shop,,,,death_guard,dg_combat_patrol,scraped,,,gallery,2026-04-16T22:29:40Z,
scripts/warhammer_com/images/death_guard/dg_icon_bearer/clean/99070102006_DGIconBearer01.jpg,gw_shop,,,,death_guard,dg_icon_bearer,scraped,,,gallery,2026-04-16T22:29:40Z,
scripts/warhammer_com/images/death_guard/dg_icon_bearer/clean/99070102006_DGIconBearer02.jpg,gw_shop,,,,death_guard,dg_icon_bearer,scraped,,,gallery,2026-04-16T22:29:40Z,
scripts/warhammer_com/images/death_guard/dg_lordof_virulence/clean/99120102117_DGLordofVirulenceLead.jpg,gw_shop,,,,death_guard,dg_lordof_virulence,scraped,,,gallery,2026-04-16T22:29:40Z,
scripts/warhammer_com/images/death_guard/dg_lordof_virulence_feature/clean/99120102117_DGLordofVirulenceFeature.jpg,gw_shop,,,,death_guard,dg_lordof_virulence_feature,scraped,,,gallery,2026-04-16T22:29:40Z,
scripts/warhammer_com/images/death_guard/dg_lordof_virulence_stock/clean/99120102117_DGLordofVirulenceStock.jpg,gw_shop,,,,death_guard,dg_lordof_virulence_stock,scraped,,,gallery,2026-04-16T22:29:40Z,
scripts/warhammer_com/images/death_guard/dg_miasmic_malignifier/clean/99120102118_DGMiasmicMalignifierLead.jpg,gw_shop,,,,death_guard,dg_miasmic_malignifier,scraped,,,gallery,2026-04-16T22:29:40Z,
scripts/warhammer_com/images/death_guard/dg_miasmic_malignifier_feature/clean/99120102118_DGMiasmicMalignifierFeature.jpg,gw_shop,,,,death_guard,dg_miasmic_malignifier_feature,scraped,,,gallery,2026-04-16T22:29:40Z,
scripts/warhammer_com/images/death_guard/dg_miasmic_malignifier_stock/clean/99120102118_DGMiasmicMalignifierStock.jpg,gw_shop,,,,death_guard,dg_miasmic_malignifier_stock,scraped,,,gallery,2026-04-16T22:29:40Z,
scripts/warhammer_com/images/death_guard/etb_death_guard_blighthauler/clean/99120102080_ETBDeathGuardBlighthauler01.jpg,gw_shop,,,,death_guard,etb_death_guard_blighthauler,scraped,,,gallery,2026-04-16T22:29:40Z,
scripts/warhammer_com/images/death_guard/etb_death_guard_blighthauler/clean/99120102080_ETBDeathGuardBlighthauler02.jpg,gw_shop,,,,death_guard,etb_death_guard_blighthauler,scraped,,,gallery,2026-04-16T22:29:40Z,
scripts/warhammer_com/images/death_guard/etb_death_guard_blighthauler/clean/99120102080_ETBDeathGuardBlighthauler03.jpg,gw_shop,,,,death_guard,etb_death_guard_blighthauler,scraped,,,gallery,2026-04-16T22:29:40Z,
scripts/warhammer_com/images/death_guard/lord_felthius_cohort/clean/99120102150_LordFelthiusCohortLead.jpg,gw_shop,,,,death_guard,lord_felthius_cohort,scraped,,,gallery,2026-04-16T22:29:40Z,
scripts/warhammer_com/images/death_guard/rotbone/clean/99070102004_Rotbone01.jpg,gw_shop,,,,death_guard,rotbone,scraped,,,gallery,2026-04-16T22:29:40Z,
scripts/warhammer_com/images/deathwatch/corvus_blackstar/clean/99120109002_CorvusBlackstar01.jpg,gw_shop,,,,deathwatch,corvus_blackstar,scraped,,,gallery,2026-04-16T22:29:40Z,
scripts/warhammer_com/images/deathwatch/corvus_blackstar/clean/99120109002_CorvusBlackstar02.jpg,gw_shop,,,,deathwatch,corvus_blackstar,scraped,,,gallery,2026-04-16T22:29:40Z,
scripts/warhammer_com/images/deathwatch/corvus_blackstar/clean/99120109002_CorvusBlackstar03.jpg,gw_shop,,,,deathwatch,corvus_blackstar,scraped,,,gallery,2026-04-16T22:29:40Z,
scripts/warhammer_com/images/deathwatch/corvus_blackstar/clean/99120109002_CorvusBlackstar04.jpg,gw_shop,,,,deathwatch,corvus_blackstar,scraped,,,gallery,2026-04-16T22:29:40Z,
scripts/warhammer_com/images/deathwatch/corvus_blackstar/clean/99120109002_CorvusBlackstar10.jpg,gw_shop,,,,deathwatch,corvus_blackstar,scraped,,,gallery,2026-04-16T22:29:40Z,
scripts/warhammer_com/images/deathwatch/cpt_artemis_mto/clean/99070109002_CPTArtemisMTO2.jpg,gw_shop,,,,deathwatch,cpt_artemis_mto,scraped,,,gallery,2026-04-16T22:29:40Z,
scripts/warhammer_com/images/deathwatch/deathwatch_watchmaster/clean/99070109003_DeathwatchWatchmaster01.jpg,gw_shop,,,,deathwatch,deathwatch_watchmaster,scraped,,,gallery,2026-04-16T22:29:40Z,
scripts/warhammer_com/images/deathwatch/deathwatch_watchmaster/clean/99070109003_DeathwatchWatchmaster04.jpg,gw_shop,,,,deathwatch,deathwatch_watchmaster,scraped,,,gallery,2026-04-16T22:29:40Z,
scripts/warhammer_com/images/deathwatch/deathwatch_watchmaster_stock/clean/99070109008_DeathwatchWatchmasterStock.jpg,gw_shop,,,,deathwatch,deathwatch_watchmaster_stock,scraped,,,gallery,2026-04-16T22:29:40Z,
scripts/warhammer_com/images/deathwatch/kt_deathwatch/clean/99120108119_KTDeathwatch03.jpg,gw_shop,,,,deathwatch,kt_deathwatch,scraped,,,gallery,2026-04-16T22:29:40Z,
scripts/warhammer_com/images/deathwatch/kt_deathwatch/clean/99120108119_KTDeathwatch04.jpg,gw_shop,,,,deathwatch,kt_deathwatch,scraped,,,gallery,2026-04-16T22:29:40Z,
scripts/warhammer_com/images/deathwatch/kt_deathwatch/clean/99120108119_KTDeathwatch05.jpg,gw_shop,,,,deathwatch,kt_deathwatch,scraped,,,gallery,2026-04-16T22:29:40Z,
scripts/warhammer_com/images/deathwatch/kt_deathwatch/clean/99120108119_KTDeathwatch06.jpg,gw_shop,,,,deathwatch,kt_deathwatch,scraped,,,gallery,2026-04-16T22:29:40Z,
scripts/warhammer_com/images/deathwatch/kt_deathwatch/clean/99120108119_KTDeathwatch10.jpg,gw_shop,,,,deathwatch,kt_deathwatch,scraped,,,gallery,2026-04-16T22:29:40Z,
scripts/warhammer_com/images/drukhari/cronos/clean/99120112030_Cronos01.jpg,gw_shop,,,,drukhari,cronos,scraped,,,gallery,2026-04-16T22:29:40Z,
scripts/warhammer_com/images/drukhari/de_void_raven_bomber/clean/99120112020_DEVoidRavenBomber01.jpg,gw_shop,,,,drukhari,de_void_raven_bomber,scraped,,,gallery,2026-04-16T22:29:40Z,
scripts/warhammer_com/images/drukhari/de_void_raven_bomber/clean/99120112020_DEVoidRavenBomber02.jpg,gw_shop,,,,drukhari,de_void_raven_bomber,scraped,,,gallery,2026-04-16T22:29:40Z,
scripts/warhammer_com/images/drukhari/de_void_raven_bomber/clean/99120112020_DEVoidRavenBomber03.jpg,gw_shop,,,,drukhari,de_void_raven_bomber,scraped,,,gallery,2026-04-16T22:29:40Z,
scripts/warhammer_com/images/drukhari/de_void_raven_bomber/clean/99120112020_DEVoidRavenBomber04.jpg,gw_shop,,,,drukhari,de_void_raven_bomber,scraped,,,gallery,2026-04-16T22:29:40Z,
scripts/warhammer_com/images/drukhari/de_void_raven_bomber/clean/99120112020_DEVoidRavenBomber05.jpg,gw_shop,,,,drukhari,de_void_raven_bomber,scraped,,,gallery,2026-04-16T22:29:40Z,
scripts/warhammer_com/images/drukhari/de_void_raven_bomber/clean/99120112020_DEVoidRavenBomber06.jpg,gw_shop,,,,drukhari,de_void_raven_bomber,scraped,,,gallery,2026-04-16T22:29:40Z,
scripts/warhammer_com/images/drukhari/de_void_raven_bomber_box/clean/99120112020_DEVoidRavenBomberBox01.jpg,gw_shop,,,,drukhari,de_void_raven_bomber_box,scraped,,,gallery,2026-04-16T22:29:40Z,
scripts/warhammer_com/images/drukhari/drazhar/clean/99120112040_Drazhar01.jpg,gw_shop,,,,drukhari,drazhar,scraped,,,gallery,2026-04-16T22:29:40Z,
scripts/warhammer_com/images/drukhari/drazhar/clean/99120112040_Drazhar02.jpg,gw_shop,,,,drukhari,drazhar,scraped,,,gallery,2026-04-16T22:29:40Z,
scripts/warhammer_com/images/drukhari/drazhar/clean/99120112040_Drazhar04.jpg,gw_shop,,,,drukhari,drazhar,scraped,,,gallery,2026-04-16T22:29:40Z,
scripts/warhammer_com/images/drukhari/dru_combat_patrol/clean/99120112057_DRUCombatPatrol012.jpg,gw_shop,,,,drukhari,dru_combat_patrol,scraped,,,gallery,2026-04-16T22:29:40Z,
scripts/warhammer_com/images/drukhari/dru_combat_patrol/clean/99120112057_DRUCombatPatrol02.jpg,gw_shop,,,,drukhari,dru_combat_patrol,scraped,,,gallery,2026-04-16T22:29:40Z,
scripts/warhammer_com/images/drukhari/dru_combat_patrol/clean/99120112057_DRUCombatPatrol03.jpg,gw_shop,,,,drukhari,dru_combat_patrol,scraped,,,gallery,2026-04-16T22:29:40Z,
scripts/warhammer_com/images/drukhari/dru_lady_malys/clean/99120112054_DRULadyMalys01.jpg,gw_shop,,,,drukhari,dru_lady_malys,scraped,,,gallery,2026-04-16T22:29:40Z,
scripts/warhammer_com/images/drukhari/dru_lady_malys/clean/99120112054_DRULadyMalys02.jpg,gw_shop,,,,drukhari,dru_lady_malys,scraped,,,gallery,2026-04-16T22:29:40Z,
scripts/warhammer_com/images/drukhari/dru_lady_malys/clean/99120112054_DRULadyMalys04.jpg,gw_shop,,,,drukhari,dru_lady_malys,scraped,,,gallery,2026-04-16T22:29:40Z,
scripts/warhammer_com/images/drukhari/dru_wracks_squad/clean/99120112033_DRUWracksSquad02.jpg,gw_shop,,,,drukhari,dru_wracks_squad,scraped,,,gallery,2026-04-16T22:29:40Z,
scripts/warhammer_com/images/drukhari/dru_wracks_squad/clean/99120112033_DRUWracksSquad03.jpg,gw_shop,,,,drukhari,dru_wracks_squad,scraped,,,gallery,2026-04-16T22:29:40Z,
scripts/warhammer_com/images/drukhari/dru_wracks_squad/clean/99120112033_DRUWracksSquad07.jpg,gw_shop,,,,drukhari,dru_wracks_squad,scraped,,,gallery,2026-04-16T22:29:40Z,
scripts/warhammer_com/images/drukhari/drukhari_wracks/clean/99120112033_DrukhariWracks04.jpg,gw_shop,,,,drukhari,drukhari_wracks,scraped,,,gallery,2026-04-16T22:29:40Z,
scripts/warhammer_com/images/drukhari/haemonculus/clean/99070112002_Haemonculus01.jpg,gw_shop,,,,drukhari,haemonculus,scraped,,,gallery,2026-04-16T22:29:40Z,
scripts/warhammer_com/images/drukhari/haemonculus/clean/99070112002_Haemonculus02.jpg,gw_shop,,,,drukhari,haemonculus,scraped,,,gallery,2026-04-16T22:29:40Z,
scripts/warhammer_com/images/drukhari/haemonculus/clean/99070112002_Haemonculus03.jpg,gw_shop,,,,drukhari,haemonculus,scraped,,,gallery,2026-04-16T22:29:40Z,
scripts/warhammer_com/images/drukhari/haemonculus/clean/99120112057_Haemonculus02.jpg,gw_shop,,,,drukhari,haemonculus,scraped,,,gallery,2026-04-16T22:29:40Z,
scripts/warhammer_com/images/drukhari/haemonculus/clean/99120112057_Haemonculus03.jpg,gw_shop,,,,drukhari,haemonculus,scraped,,,gallery,2026-04-16T22:29:40Z,
scripts/warhammer_com/images/drukhari/hellions_new/clean/99120112009_HellionsNEW01.jpg,gw_shop,,,,drukhari,hellions_new,scraped,,,gallery,2026-04-16T22:29:40Z,
scripts/warhammer_com/images/drukhari/hellions_new/clean/99120112009_HellionsNEW02.jpg,gw_shop,,,,drukhari,hellions_new,scraped,,,gallery,2026-04-16T22:29:40Z,
scripts/warhammer_com/images/drukhari/hellions_new/clean/99120112009_HellionsNEW03.jpg,gw_shop,,,,drukhari,hellions_new,scraped,,,gallery,2026-04-16T22:29:40Z,
scripts/warhammer_com/images/drukhari/kt_hand_archon/clean/99120112058_KTHandArchon2.jpg,gw_shop,,,,drukhari,kt_hand_archon,scraped,,,gallery,2026-04-16T22:29:40Z,
scripts/warhammer_com/images/drukhari/kt_hand_archon/clean/99120112058_KTHandArchon3.jpg,gw_shop,,,,drukhari,kt_hand_archon,scraped,,,gallery,2026-04-16T22:29:40Z,
scripts/warhammer_com/images/drukhari/kt_hand_archon/clean/99120112058_KTHandArchon4.jpg,gw_shop,,,,drukhari,kt_hand_archon,scraped,,,gallery,2026-04-16T22:29:40Z,
scripts/warhammer_com/images/drukhari/kt_hand_archon/clean/99120112058_KTHandArchon5.jpg,gw_shop,,,,drukhari,kt_hand_archon,scraped,,,gallery,2026-04-16T22:29:40Z,
scripts/warhammer_com/images/drukhari/kt_hand_archon/clean/99120112058_KTHandArchon6.jpg,gw_shop,,,,drukhari,kt_hand_archon,scraped,,,gallery,2026-04-16T22:29:40Z,
scripts/warhammer_com/images/drukhari/kt_mandrakes/clean/99120112055_KTMandrakes1.jpg,gw_shop,,,,drukhari,kt_mandrakes,scraped,,,gallery,2026-04-16T22:29:40Z,
scripts/warhammer_com/images/drukhari/kt_mandrakes/clean/99120112055_KTMandrakes2.jpg,gw_shop,,,,drukhari,kt_mandrakes,scraped,,,gallery,2026-04-16T22:29:40Z,
scripts/warhammer_com/images/drukhari/kt_mandrakes/clean/99120112055_KTMandrakes3.jpg,gw_shop,,,,drukhari,kt_mandrakes,scraped,,,gallery,2026-04-16T22:29:40Z,
scripts/warhammer_com/images/drukhari/kt_mandrakes/clean/99120112055_KTMandrakes4.jpg,gw_shop,,,,drukhari,kt_mandrakes,scraped,,,gallery,2026-04-16T22:29:40Z,
scripts/warhammer_com/images/drukhari/kt_mandrakes/clean/99120112055_KTMandrakes5.jpg,gw_shop,,,,drukhari,kt_mandrakes,scraped,,,gallery,2026-04-16T22:29:40Z,
scripts/warhammer_com/images/drukhari/kt_mandrakes/clean/99120112055_KTMandrakes6.jpg,gw_shop,,,,drukhari,kt_mandrakes,scraped,,,gallery,2026-04-16T22:29:40Z,
scripts/warhammer_com/images/drukhari/lelith_hesperax/clean/99120112042_LelithHesperaxLead.jpg,gw_shop,,,,drukhari,lelith_hesperax,scraped,,,gallery,2026-04-16T22:29:40Z,
scripts/warhammer_com/images/drukhari/lelith_hesperax_feature/clean/99120112042_LelithHesperaxFeature.jpg,gw_shop,,,,drukhari,lelith_hesperax_feature,scraped,,,gallery,2026-04-16T22:29:40Z,
scripts/warhammer_com/images/drukhari/lelith_hesperax_stock/clean/99120112042_LelithHesperaxStock.jpg,gw_shop,,,,drukhari,lelith_hesperax_stock,scraped,,,gallery,2026-04-16T22:29:40Z,
scripts/warhammer_com/images/drukhari/ravager_new/clean/99120112011_RavagerNEW01.jpg,gw_shop,,,,drukhari,ravager_new,scraped,,,gallery,2026-04-16T22:29:40Z,
scripts/warhammer_com/images/drukhari/ravager_new/clean/99120112011_RavagerNEW02.jpg,gw_shop,,,,drukhari,ravager_new,scraped,,,gallery,2026-04-16T22:29:40Z,
scripts/warhammer_com/images/drukhari/ravager_new/clean/99120112011_RavagerNEW03.jpg,gw_shop,,,,drukhari,ravager_new,scraped,,,gallery,2026-04-16T22:29:40Z,
scripts/warhammer_com/images/drukhari/razorwing_jetfighter_details/clean/99120112015_RazorwingJetfighterDetails.jpg,gw_shop,,,,drukhari,razorwing_jetfighter_details,scraped,,,gallery,2026-04-16T22:29:40Z,
scripts/warhammer_com/images/drukhari/razorwing_xbox/clean/99120112015_RazorwingXbox.jpg,gw_shop,,,,drukhari,razorwing_xbox,scraped,,,gallery,2026-04-16T22:29:40Z,
scripts/warhammer_com/images/drukhari/scourges/clean/99120112029_Scourges01.jpg,gw_shop,,,,drukhari,scourges,scraped,,,gallery,2026-04-16T22:29:40Z,
scripts/warhammer_com/images/drukhari/talos/clean/99120112030_Talos01.jpg,gw_shop,,,,drukhari,talos,scraped,,,gallery,2026-04-16T22:29:40Z,
scripts/warhammer_com/images/drukhari/talos/clean/99120112030_Talos05.jpg,gw_shop,,,,drukhari,talos,scraped,,,gallery,2026-04-16T22:29:40Z,
scripts/warhammer_com/images/drukhari/talos/clean/99120112057_Talos01.jpg,gw_shop,,,,drukhari,talos,scraped,,,gallery,2026-04-16T22:29:40Z,
scripts/warhammer_com/images/drukhari/talos_details/clean/99120112030_TalosDetails.jpg,gw_shop,,,,drukhari,talos_details,scraped,,,gallery,2026-04-16T22:29:40Z,
scripts/warhammer_com/images/emperors_children/ec_combat_patrol/clean/99120102207_ECCombatPatrol01.jpg,gw_shop,,,,emperors_children,ec_combat_patrol,scraped,,,gallery,2026-04-16T22:29:40Z,
scripts/warhammer_com/images/emperors_children/ec_combat_patrol/clean/99120102207_ECCombatPatrol02.jpg,gw_shop,,,,emperors_children,ec_combat_patrol,scraped,,,gallery,2026-04-16T22:29:40Z,
scripts/warhammer_com/images/emperors_children/ec_combat_patrol/clean/99120102207_ECCombatPatrol03.jpg,gw_shop,,,,emperors_children,ec_combat_patrol,scraped,,,gallery,2026-04-16T22:29:40Z,
scripts/warhammer_com/images/emperors_children/ec_combat_patrol/clean/99120102207_ECCombatPatrol04.jpg,gw_shop,,,,emperors_children,ec_combat_patrol,scraped,,,gallery,2026-04-16T22:29:40Z,
scripts/warhammer_com/images/emperors_children/ec_combat_patrol/clean/99120102207_ECCombatPatrol05.jpg,gw_shop,,,,emperors_children,ec_combat_patrol,scraped,,,gallery,2026-04-16T22:29:40Z,
scripts/warhammer_com/images/emperors_children/ec_flawless_blades/clean/99120102202_ECFlawlessBlades01.jpg,gw_shop,,,,emperors_children,ec_flawless_blades,scraped,,,gallery,2026-04-16T22:29:40Z,
scripts/warhammer_com/images/emperors_children/ec_flawless_blades/clean/99120102202_ECFlawlessBlades02.jpg,gw_shop,,,,emperors_children,ec_flawless_blades,scraped,,,gallery,2026-04-16T22:29:40Z,
scripts/warhammer_com/images/emperors_children/ec_flawless_blades/clean/99120102202_ECFlawlessBlades03.jpg,gw_shop,,,,emperors_children,ec_flawless_blades,scraped,,,gallery,2026-04-16T22:29:40Z,
scripts/warhammer_com/images/emperors_children/ec_flawless_blades/clean/99120102202_ECFlawlessBlades04.jpg,gw_shop,,,,emperors_children,ec_flawless_blades,scraped,,,gallery,2026-04-16T22:29:40Z,
scripts/warhammer_com/images/emperors_children/ec_fulgrim/clean/99120102200_ECFulgrim01.jpg,gw_shop,,,,emperors_children,ec_fulgrim,scraped,,,gallery,2026-04-16T22:29:40Z,
scripts/warhammer_com/images/emperors_children/ec_fulgrim/clean/99120102200_ECFulgrim04.jpg,gw_shop,,,,emperors_children,ec_fulgrim,scraped,,,gallery,2026-04-16T22:29:40Z,
scripts/warhammer_com/images/emperors_children/ec_lord_exultant/clean/99120102206_ECLordExultant01.jpg,gw_shop,,,,emperors_children,ec_lord_exultant,scraped,,,gallery,2026-04-16T22:29:40Z,
scripts/warhammer_com/images/emperors_children/ec_lord_exultant/clean/99120102206_ECLordExultant02.jpg,gw_shop,,,,emperors_children,ec_lord_exultant,scraped,,,gallery,2026-04-16T22:29:40Z,
scripts/warhammer_com/images/emperors_children/ec_lord_exultant/clean/99120102206_ECLordExultant03.jpg,gw_shop,,,,emperors_children,ec_lord_exultant,scraped,,,gallery,2026-04-16T22:29:40Z,
scripts/warhammer_com/images/emperors_children/ec_lord_exultant/clean/99120102206_ECLordExultant04.jpg,gw_shop,,,,emperors_children,ec_lord_exultant,scraped,,,gallery,2026-04-16T22:29:40Z,
scripts/warhammer_com/images/emperors_children/ec_lord_kakophonist/clean/99120102205_ECLordKakophonist01.jpg,gw_shop,,,,emperors_children,ec_lord_kakophonist,scraped,,,gallery,2026-04-16T22:29:40Z,
scripts/warhammer_com/images/emperors_children/ec_lord_kakophonist/clean/99120102205_ECLordKakophonist02.jpg,gw_shop,,,,emperors_children,ec_lord_kakophonist,scraped,,,gallery,2026-04-16T22:29:40Z,
scripts/warhammer_com/images/emperors_children/ec_lord_kakophonist/clean/99120102205_ECLordKakophonist03.jpg,gw_shop,,,,emperors_children,ec_lord_kakophonist,scraped,,,gallery,2026-04-16T22:29:40Z,
scripts/warhammer_com/images/emperors_children/ec_lord_kakophonist/clean/99120102205_ECLordKakophonist04.jpg,gw_shop,,,,emperors_children,ec_lord_kakophonist,scraped,,,gallery,2026-04-16T22:29:40Z,
scripts/warhammer_com/images/emperors_children/ec_lucius_the_eternal/clean/99120102201_ECLuciusTheEternal01.jpg,gw_shop,,,,emperors_children,ec_lucius_the_eternal,scraped,,,gallery,2026-04-16T22:29:40Z,
scripts/warhammer_com/images/emperors_children/ec_lucius_the_eternal/clean/99120102201_ECLuciusTheEternal02.jpg,gw_shop,,,,emperors_children,ec_lucius_the_eternal,scraped,,,gallery,2026-04-16T22:29:40Z,
scripts/warhammer_com/images/emperors_children/ec_lucius_the_eternal/clean/99120102201_ECLuciusTheEternal03.jpg,gw_shop,,,,emperors_children,ec_lucius_the_eternal,scraped,,,gallery,2026-04-16T22:29:40Z,
scripts/warhammer_com/images/emperors_children/ec_tormentors/clean/99120102203_ECTormentors01.jpg,gw_shop,,,,emperors_children,ec_tormentors,scraped,,,gallery,2026-04-16T22:29:40Z,
scripts/warhammer_com/images/emperors_children/ec_tormentors/clean/99120102203_ECTormentors02.jpg,gw_shop,,,,emperors_children,ec_tormentors,scraped,,,gallery,2026-04-16T22:29:40Z,
scripts/warhammer_com/images/emperors_children/ec_tormentors/clean/99120102203_ECTormentors03.jpg,gw_shop,,,,emperors_children,ec_tormentors,scraped,,,gallery,2026-04-16T22:29:40Z,
scripts/warhammer_com/images/emperors_children/ec_tormentors/clean/99120102203_ECTormentors04.jpg,gw_shop,,,,emperors_children,ec_tormentors,scraped,,,gallery,2026-04-16T22:29:40Z,
scripts/warhammer_com/images/emperors_children/ec_tormentors/clean/99120102203_ECTormentors05.jpg,gw_shop,,,,emperors_children,ec_tormentors,scraped,,,gallery,2026-04-16T22:29:40Z,
scripts/warhammer_com/images/emperors_children/eng_championsof_slaanesh_emperors_children_army_set_transfer/clean/60010102002_ENGChampionsofSlaaneshEmperorsChildrenArmySetTRANSFER.jpg,gw_shop,,,,emperors_children,eng_championsof_slaanesh_emperors_children_army_set_transfer,scraped,,,gallery,2026-04-16T22:29:40Z,
scripts/warhammer_com/images/genestealer_cults/acolyte_iconward/clean/99070117002_AcolyteIconward01.jpg,gw_shop,,,,genestealer_cults,acolyte_iconward,scraped,,,gallery,2026-04-16T22:29:40Z,
scripts/warhammer_com/images/genestealer_cults/acolyte_iconward/clean/99070117002_AcolyteIconward03.jpg,gw_shop,,,,genestealer_cults,acolyte_iconward,scraped,,,gallery,2026-04-16T22:29:40Z,
scripts/warhammer_com/images/genestealer_cults/acolyte_iconward/clean/99070117002_AcolyteIconward06.jpg,gw_shop,,,,genestealer_cults,acolyte_iconward,scraped,,,gallery,2026-04-16T22:29:40Z,
scripts/warhammer_com/images/genestealer_cults/broodcoven/clean/99120117001_Broodcoven01.jpg,gw_shop,,,,genestealer_cults,broodcoven,scraped,,,gallery,2026-04-16T22:29:40Z,
scripts/warhammer_com/images/genestealer_cults/broodcoven/clean/99120117001_Broodcoven05.jpg,gw_shop,,,,genestealer_cults,broodcoven,scraped,,,gallery,2026-04-16T22:29:40Z,
scripts/warhammer_com/images/genestealer_cults/broodcoven/clean/99120117001_Broodcoven06.jpg,gw_shop,,,,genestealer_cults,broodcoven,scraped,,,gallery,2026-04-16T22:29:40Z,
scripts/warhammer_com/images/genestealer_cults/broodcoven/clean/99120117001_Broodcoven07.jpg,gw_shop,,,,genestealer_cults,broodcoven,scraped,,,gallery,2026-04-16T22:29:40Z,
scripts/warhammer_com/images/genestealer_cults/gc_reductus_saboteur/clean/99070117011_GCReductusSaboteurLead.jpg,gw_shop,,,,genestealer_cults,gc_reductus_saboteur,scraped,,,gallery,2026-04-16T22:29:40Z,
scripts/warhammer_com/images/genestealer_cults/gc_reductus_saboteur_feature/clean/99070117011_GCReductusSaboteurFeature.jpg,gw_shop,,,,genestealer_cults,gc_reductus_saboteur_feature,scraped,,,gallery,2026-04-16T22:29:40Z,
scripts/warhammer_com/images/genestealer_cults/gcs_locus/clean/99070117007_GCSLocus01.jpg,gw_shop,,,,genestealer_cults,gcs_locus,scraped,,,gallery,2026-04-16T22:29:40Z,
scripts/warhammer_com/images/genestealer_cults/gcs_locus/clean/99070117007_GCSLocus02.jpg,gw_shop,,,,genestealer_cults,gcs_locus,scraped,,,gallery,2026-04-16T22:29:40Z,
scripts/warhammer_com/images/genestealer_cults/gcs_locus/clean/99070117007_GCSLocus03.jpg,gw_shop,,,,genestealer_cults,gcs_locus,scraped,,,gallery,2026-04-16T22:29:40Z,
scripts/warhammer_com/images/genestealer_cults/gcs_locus_alt/clean/99070117007_GCSLocusAlt.jpg,gw_shop,,,,genestealer_cults,gcs_locus_alt,scraped,,,gallery,2026-04-16T22:29:40Z,
scripts/warhammer_com/images/genestealer_cults/genestealer_acolyte_hybrids_details/clean/99120117003_GenestealerAcolyteHybridsDetails.jpg,gw_shop,,,,genestealer_cults,genestealer_acolyte_hybrids_details,scraped,,,gallery,2026-04-16T22:29:40Z,
scripts/warhammer_com/images/genestealer_cults/genestealer_metamorphs/clean/99120117003_GenestealerMetamorphs01.jpg,gw_shop,,,,genestealer_cults,genestealer_metamorphs,scraped,,,gallery,2026-04-16T22:29:40Z,
scripts/warhammer_com/images/genestealer_cults/genestealer_metamorphs/clean/99120117003_GenestealerMetamorphs05.jpg,gw_shop,,,,genestealer_cults,genestealer_metamorphs,scraped,,,gallery,2026-04-16T22:29:40Z,
scripts/warhammer_com/images/genestealer_cults/genestealer_metamorphs/clean/99120117003_GenestealerMetamorphs06.jpg,gw_shop,,,,genestealer_cults,genestealer_metamorphs,scraped,,,gallery,2026-04-16T22:29:40Z,
scripts/warhammer_com/images/genestealer_cults/genestealer_metamorphs/clean/99120117003_GenestealerMetamorphs12.jpg,gw_shop,,,,genestealer_cults,genestealer_metamorphs,scraped,,,gallery,2026-04-16T22:29:40Z,
scripts/warhammer_com/images/genestealer_cults/genestealer_neophytes/clean/99120117004_GenestealerNeophytes01.jpg,gw_shop,,,,genestealer_cults,genestealer_neophytes,scraped,,,gallery,2026-04-16T22:29:40Z,
scripts/warhammer_com/images/genestealer_cults/genestealers/clean/99120106068_Genestealers1.jpg,gw_shop,,,,genestealer_cults,genestealers,scraped,,,gallery,2026-04-16T22:29:40Z,
scripts/warhammer_com/images/genestealer_cults/genestealers/clean/99120106068_GenestealersALT.jpg,gw_shop,,,,genestealer_cults,genestealers,scraped,,,gallery,2026-04-16T22:29:40Z,
scripts/warhammer_com/images/genestealer_cults/genestealers_stock/clean/99120106068_GenestealersStock.jpg,gw_shop,,,,genestealer_cults,genestealers_stock,scraped,,,gallery,2026-04-16T22:29:40Z,
scripts/warhammer_com/images/genestealer_cults/goliath/clean/99120117002_Goliath03.jpg,gw_shop,,,,genestealer_cults,goliath,scraped,,,gallery,2026-04-16T22:29:40Z,
scripts/warhammer_com/images/genestealer_cults/goliath/clean/99120117002_Goliath05.jpg,gw_shop,,,,genestealer_cults,goliath,scraped,,,gallery,2026-04-16T22:29:40Z,
scripts/warhammer_com/images/genestealer_cults/gsc_aberrants/clean/99120117012_GSCAberrants01.jpg,gw_shop,,,,genestealer_cults,gsc_aberrants,scraped,,,gallery,2026-04-16T22:29:40Z,
scripts/warhammer_com/images/genestealer_cults/gsc_aberrants/clean/99120117012_GSCAberrants02.jpg,gw_shop,,,,genestealer_cults,gsc_aberrants,scraped,,,gallery,2026-04-16T22:29:40Z,
scripts/warhammer_com/images/genestealer_cults/gsc_aberrants/clean/99120117012_GSCAberrants03.jpg,gw_shop,,,,genestealer_cults,gsc_aberrants,scraped,,,gallery,2026-04-16T22:29:40Z,
scripts/warhammer_com/images/genestealer_cults/gsc_aberrants_stock/clean/99120117022_GSCAberrantsStock.jpg,gw_shop,,,,genestealer_cults,gsc_aberrants_stock,scraped,,,gallery,2026-04-16T22:29:40Z,
scripts/warhammer_com/images/genestealer_cults/gsc_abominant/clean/99070117009_GSCAbominant01.jpg,gw_shop,,,,genestealer_cults,gsc_abominant,scraped,,,gallery,2026-04-16T22:29:40Z,
scripts/warhammer_com/images/genestealer_cults/gsc_abominant/clean/99070117009_GSCAbominant02.jpg,gw_shop,,,,genestealer_cults,gsc_abominant,scraped,,,gallery,2026-04-16T22:29:40Z,
scripts/warhammer_com/images/genestealer_cults/gsc_achilles_ridgerunner_stock/clean/99120117025_GSCAchillesRidgerunnerStock.jpg,gw_shop,,,,genestealer_cults,gsc_achilles_ridgerunner_stock,scraped,,,gallery,2026-04-16T22:29:40Z,
scripts/warhammer_com/images/genestealer_cults/gsc_achillies_ridgerunner/clean/99120117015_GSCAchilliesRidgerunner01.jpg,gw_shop,,,,genestealer_cults,gsc_achillies_ridgerunner,scraped,,,gallery,2026-04-16T22:29:40Z,
scripts/warhammer_com/images/genestealer_cults/gsc_achillies_ridgerunner/clean/99120117015_GSCAchilliesRidgerunner02.jpg,gw_shop,,,,genestealer_cults,gsc_achillies_ridgerunner,scraped,,,gallery,2026-04-16T22:29:40Z,
scripts/warhammer_com/images/genestealer_cults/gsc_achillies_ridgerunner/clean/99120117015_GSCAchilliesRidgerunner03.jpg,gw_shop,,,,genestealer_cults,gsc_achillies_ridgerunner,scraped,,,gallery,2026-04-16T22:29:40Z,
scripts/warhammer_com/images/genestealer_cults/gsc_achillies_ridgerunner/clean/99120117015_GSCAchilliesRidgerunner04.jpg,gw_shop,,,,genestealer_cults,gsc_achillies_ridgerunner,scraped,,,gallery,2026-04-16T22:29:40Z,
scripts/warhammer_com/images/genestealer_cults/gsc_achillies_ridgerunner/clean/99120117015_GSCAchilliesRidgerunner05.jpg,gw_shop,,,,genestealer_cults,gsc_achillies_ridgerunner,scraped,,,gallery,2026-04-16T22:29:40Z,
scripts/warhammer_com/images/genestealer_cults/gsc_acolyte_hybrids_stock/clean/99120117019_GSCAcolyteHybridsStock.jpg,gw_shop,,,,genestealer_cults,gsc_acolyte_hybrids_stock,scraped,,,gallery,2026-04-16T22:29:40Z,
scripts/warhammer_com/images/genestealer_cults/gsc_atalan_jackals/clean/99120117014_GSCAtalanJackals01.jpg,gw_shop,,,,genestealer_cults,gsc_atalan_jackals,scraped,,,gallery,2026-04-16T22:29:40Z,
scripts/warhammer_com/images/genestealer_cults/gsc_atalan_jackals_stock/clean/99120117024_GSCAtalanJackalsStock.jpg,gw_shop,,,,genestealer_cults,gsc_atalan_jackals_stock,scraped,,,gallery,2026-04-16T22:29:40Z,
scripts/warhammer_com/images/genestealer_cults/gsc_benefictus/clean/99070117020_GSCBenefictus1.jpg,gw_shop,,,,genestealer_cults,gsc_benefictus,scraped,,,gallery,2026-04-16T22:29:40Z,
scripts/warhammer_com/images/genestealer_cults/gsc_benefictus/clean/99070117020_GSCBenefictus2.jpg,gw_shop,,,,genestealer_cults,gsc_benefictus,scraped,,,gallery,2026-04-16T22:29:40Z,
scripts/warhammer_com/images/genestealer_cults/gsc_biophagus/clean/99070117003_GSCBiophagus01.jpg,gw_shop,,,,genestealer_cults,gsc_biophagus,scraped,,,gallery,2026-04-16T22:29:40Z,
scripts/warhammer_com/images/genestealer_cults/gsc_biophagus_stock/clean/99070117012_GSCBiophagusStock.jpg,gw_shop,,,,genestealer_cults,gsc_biophagus_stock,scraped,,,gallery,2026-04-16T22:29:40Z,
scripts/warhammer_com/images/genestealer_cults/gsc_broodcoven_stock/clean/99120117017_GSCBroodcovenStock.jpg,gw_shop,,,,genestealer_cults,gsc_broodcoven_stock,scraped,,,gallery,2026-04-16T22:29:40Z,
scripts/warhammer_com/images/genestealer_cults/gsc_clamavus/clean/99070117004_GSCClamavus01.jpg,gw_shop,,,,genestealer_cults,gsc_clamavus,scraped,,,gallery,2026-04-16T22:29:40Z,
scripts/warhammer_com/images/genestealer_cults/gsc_clamavus_stock/clean/99070117013_GSCClamavusStock.jpg,gw_shop,,,,genestealer_cults,gsc_clamavus_stock,scraped,,,gallery,2026-04-16T22:29:40Z,
scripts/warhammer_com/images/genestealer_cults/gsc_goliath_stock/clean/99120117018_GSCGoliathStock.jpg,gw_shop,,,,genestealer_cults,gsc_goliath_stock,scraped,,,gallery,2026-04-16T22:29:40Z,
scripts/warhammer_com/images/genestealer_cults/gsc_jackal_alphus/clean/99120117013_GSCJackalAlphus01.jpg,gw_shop,,,,genestealer_cults,gsc_jackal_alphus,scraped,,,gallery,2026-04-16T22:29:40Z,
scripts/warhammer_com/images/genestealer_cults/gsc_jackal_alphus_stock/clean/99120117023_GSCJackalAlphusStock.jpg,gw_shop,,,,genestealer_cults,gsc_jackal_alphus_stock,scraped,,,gallery,2026-04-16T22:29:40Z,
scripts/warhammer_com/images/genestealer_cults/gsc_kelermorph_stock/clean/99070117019_GSCKelermorphStock.jpg,gw_shop,,,,genestealer_cults,gsc_kelermorph_stock,scraped,,,gallery,2026-04-16T22:29:40Z,
scripts/warhammer_com/images/genestealer_cults/gsc_locus_stock/clean/99070117016_GSCLocusStock.jpg,gw_shop,,,,genestealer_cults,gsc_locus_stock,scraped,,,gallery,2026-04-16T22:29:40Z,
scripts/warhammer_com/images/genestealer_cults/gsc_magus/clean/99070117005_GSCMagus01.jpg,gw_shop,,,,genestealer_cults,gsc_magus,scraped,,,gallery,2026-04-16T22:29:40Z,
scripts/warhammer_com/images/genestealer_cults/gsc_magus_stock/clean/99070117014_GSCMagusStock.jpg,gw_shop,,,,genestealer_cults,gsc_magus_stock,scraped,,,gallery,2026-04-16T22:29:40Z,
scripts/warhammer_com/images/genestealer_cults/gsc_neophyte_hybrids_stock/clean/99120117020_GSCNeophyteHybridsStock.jpg,gw_shop,,,,genestealer_cults,gsc_neophyte_hybrids_stock,scraped,,,gallery,2026-04-16T22:29:40Z,
scripts/warhammer_com/images/genestealer_cults/gsc_nexos/clean/99070117008_GSCNexos02.jpg,gw_shop,,,,genestealer_cults,gsc_nexos,scraped,,,gallery,2026-04-16T22:29:40Z,
scripts/warhammer_com/images/genestealer_cults/gsc_nexos_stock/clean/99070117017_GSCNexosStock.jpg,gw_shop,,,,genestealer_cults,gsc_nexos_stock,scraped,,,gallery,2026-04-16T22:29:40Z,
scripts/warhammer_com/images/genestealer_cults/gsc_sanctus_alt/clean/99070117006_GSCSanctusAlt.jpg,gw_shop,,,,genestealer_cults,gsc_sanctus_alt,scraped,,,gallery,2026-04-16T22:29:40Z,
scripts/warhammer_com/images/genestealer_cults/gsc_sanctus_stock/clean/99070117015_GSCSanctusStock.jpg,gw_shop,,,,genestealer_cults,gsc_sanctus_stock,scraped,,,gallery,2026-04-16T22:29:40Z,
scripts/warhammer_com/images/genestealer_cults/gsccp/clean/99120117028_GSCCP1.jpg,gw_shop,,,,genestealer_cults,gsccp,scraped,,,gallery,2026-04-16T22:29:40Z,
scripts/warhammer_com/images/genestealer_cults/gsccp/clean/99120117028_GSCCP3.jpg,gw_shop,,,,genestealer_cults,gsccp,scraped,,,gallery,2026-04-16T22:29:40Z,
scripts/warhammer_com/images/genestealer_cults/gsccp/clean/99120117028_GSCCP4.jpg,gw_shop,,,,genestealer_cults,gsccp,scraped,,,gallery,2026-04-16T22:29:40Z,
scripts/warhammer_com/images/genestealer_cults/gsccp/clean/99120117028_GSCCP5.jpg,gw_shop,,,,genestealer_cults,gsccp,scraped,,,gallery,2026-04-16T22:29:40Z,
scripts/warhammer_com/images/genestealer_cults/gsccp/clean/99120117028_GSCCP6.jpg,gw_shop,,,,genestealer_cults,gsccp,scraped,,,gallery,2026-04-16T22:29:40Z,
scripts/warhammer_com/images/genestealer_cults/kelemorph/clean/99070117010_Kelemorph01.jpg,gw_shop,,,,genestealer_cults,kelemorph,scraped,,,gallery,2026-04-16T22:29:40Z,
scripts/warhammer_com/images/genestealer_cults/kelemorph/clean/99070117010_Kelemorph02.jpg,gw_shop,,,,genestealer_cults,kelemorph,scraped,,,gallery,2026-04-16T22:29:40Z,
scripts/warhammer_com/images/genestealer_cults/kt_brood_brothers/clean/99120117029_KTBroodBrothers1.jpg,gw_shop,,,,genestealer_cults,kt_brood_brothers,scraped,,,gallery,2026-04-16T22:29:40Z,
scripts/warhammer_com/images/genestealer_cults/kt_brood_brothers/clean/99120117029_KTBroodBrothers2.jpg,gw_shop,,,,genestealer_cults,kt_brood_brothers,scraped,,,gallery,2026-04-16T22:29:40Z,
scripts/warhammer_com/images/genestealer_cults/kt_brood_brothers/clean/99120117029_KTBroodBrothers3.jpg,gw_shop,,,,genestealer_cults,kt_brood_brothers,scraped,,,gallery,2026-04-16T22:29:40Z,
scripts/warhammer_com/images/genestealer_cults/kt_brood_brothers/clean/99120117029_KTBroodBrothers4.jpg,gw_shop,,,,genestealer_cults,kt_brood_brothers,scraped,,,gallery,2026-04-16T22:29:40Z,
scripts/warhammer_com/images/genestealer_cults/kt_brood_brothers/clean/99120117029_KTBroodBrothers5.jpg,gw_shop,,,,genestealer_cults,kt_brood_brothers,scraped,,,gallery,2026-04-16T22:29:40Z,
scripts/warhammer_com/images/genestealer_cults/kt_brood_brothers/clean/99120117029_KTBroodBrothers6.jpg,gw_shop,,,,genestealer_cults,kt_brood_brothers,scraped,,,gallery,2026-04-16T22:29:40Z,
scripts/warhammer_com/images/genestealer_cults/rockgrinder/clean/99120117002_Rockgrinder01.jpg,gw_shop,,,,genestealer_cults,rockgrinder,scraped,,,gallery,2026-04-16T22:29:40Z,
scripts/warhammer_com/images/genestealer_cults/rockgrinder/clean/99120117002_Rockgrinder03.jpg,gw_shop,,,,genestealer_cults,rockgrinder,scraped,,,gallery,2026-04-16T22:29:40Z,
scripts/warhammer_com/images/genestealer_cults/rockgrinder/clean/99120117002_Rockgrinder04.jpg,gw_shop,,,,genestealer_cults,rockgrinder,scraped,,,gallery,2026-04-16T22:29:40Z,
scripts/warhammer_com/images/genestealer_cults/rockgrinder/clean/99120117002_Rockgrinder05.jpg,gw_shop,,,,genestealer_cults,rockgrinder,scraped,,,gallery,2026-04-16T22:29:40Z,
scripts/warhammer_com/images/grey_knights/gk_brotherhood_terminator_squad_paladin_repackage_stock/clean/99120107019_GKBrotherhoodTerminatorSquadPaladinRepackageStock.jpg,gw_shop,,,,grey_knights,gk_brotherhood_terminator_squad_paladin_repackage_stock,scraped,,,gallery,2026-04-16T22:29:40Z,
scripts/warhammer_com/images/grey_knights/gk_castellan_crowe_feature/clean/99120107015_GKCastellanCroweFeature.jpg,gw_shop,,,,grey_knights,gk_castellan_crowe_feature,scraped,,,gallery,2026-04-16T22:29:40Z,
scripts/warhammer_com/images/grey_knights/gk_castellan_crowe_stock/clean/99120107015_GKCastellanCroweStock.jpg,gw_shop,,,,grey_knights,gk_castellan_crowe_stock,scraped,,,gallery,2026-04-16T22:29:40Z,
scripts/warhammer_com/images/grey_knights/gk_combat_patrol_castellan_crowe_update/clean/99120107021_GKCombatPatrolCastellanCroweUpdate02.jpg,gw_shop,,,,grey_knights,gk_combat_patrol_castellan_crowe_update,scraped,,,gallery,2026-04-16T22:29:40Z,
scripts/warhammer_com/images/grey_knights/grand_master_voldus/clean/99070107001_GrandMasterVoldus01.jpg,gw_shop,,,,grey_knights,grand_master_voldus,scraped,,,gallery,2026-04-16T22:29:40Z,
scripts/warhammer_com/images/grey_knights/grand_master_voldus/clean/99070107001_GrandMasterVoldus04.jpg,gw_shop,,,,grey_knights,grand_master_voldus,scraped,,,gallery,2026-04-16T22:29:40Z,
scripts/warhammer_com/images/grey_knights/grey_knights_combat_patrol/clean/99120107021_GreyKnightsCombatPatrol01Update.jpg,gw_shop,,,,grey_knights,grey_knights_combat_patrol,scraped,,,gallery,2026-04-16T22:29:40Z,
scripts/warhammer_com/images/grey_knights/grey_knights_combat_patrol/clean/99120107021_GreyKnightsCombatPatrol02Update.jpg,gw_shop,,,,grey_knights,grey_knights_combat_patrol,scraped,,,gallery,2026-04-16T22:29:40Z,
scripts/warhammer_com/images/grey_knights/grey_knights_combat_patrol/clean/99120107021_GreyKnightsCombatPatrol03Update.jpg,gw_shop,,,,grey_knights,grey_knights_combat_patrol,scraped,,,gallery,2026-04-16T22:29:40Z,
scripts/warhammer_com/images/grey_knights/grey_knights_combat_patrol/clean/99120107021_GreyKnightsCombatPatrol04Update.jpg,gw_shop,,,,grey_knights,grey_knights_combat_patrol,scraped,,,gallery,2026-04-16T22:29:40Z,
scripts/warhammer_com/images/grey_knights/grey_knights_combat_patrol/clean/99120107021_GreyKnightsCombatPatrol13Update.jpg,gw_shop,,,,grey_knights,grey_knights_combat_patrol,scraped,,,gallery,2026-04-16T22:29:40Z,
scripts/warhammer_com/images/grey_knights/grey_knights_combat_patrol_strike/clean/99120107021_GreyKnightsCombatPatrolStrike02Update.jpg,gw_shop,,,,grey_knights,grey_knights_combat_patrol_strike,scraped,,,gallery,2026-04-16T22:29:40Z,
scripts/warhammer_com/images/grey_knights/grey_knights_combat_patrol_strike_update/clean/99120107021_GreyKnightsCombatPatrolStrikeUpdate.jpg,gw_shop,,,,grey_knights,grey_knights_combat_patrol_strike_update,scraped,,,gallery,2026-04-16T22:29:40Z,
scripts/warhammer_com/images/grey_knights/grey_knights_combat_patrol_terminators_update/clean/99120107021_GreyKnightsCombatPatrolTerminatorsUpdate.jpg,gw_shop,,,,grey_knights,grey_knights_combat_patrol_terminators_update,scraped,,,gallery,2026-04-16T22:29:40Z,
scripts/warhammer_com/images/grey_knights/grey_knights_grandmasterin_nemesis_dreadknight_vehicle/clean/99120107023_GreyKnightsGrandmasterinNemesisDreadknightVehicle01.jpg,gw_shop,,,,grey_knights,grey_knights_grandmasterin_nemesis_dreadknight_vehicle,scraped,,,gallery,2026-04-16T22:29:40Z,
scripts/warhammer_com/images/grey_knights/grey_knights_grandmasterin_nemesis_dreadknight_vehicle/clean/99120107023_GreyKnightsGrandmasterinNemesisDreadknightVehicle02.jpg,gw_shop,,,,grey_knights,grey_knights_grandmasterin_nemesis_dreadknight_vehicle,scraped,,,gallery,2026-04-16T22:29:40Z,
scripts/warhammer_com/images/grey_knights/grey_knights_grandmasterin_nemesis_dreadknight_vehicle/clean/99120107023_GreyKnightsGrandmasterinNemesisDreadknightVehicle03.jpg,gw_shop,,,,grey_knights,grey_knights_grandmasterin_nemesis_dreadknight_vehicle,scraped,,,gallery,2026-04-16T22:29:40Z,
scripts/warhammer_com/images/grey_knights/grey_knights_grandmasterin_nemesis_dreadknight_vehicle/clean/99120107023_GreyKnightsGrandmasterinNemesisDreadknightVehicle04.jpg,gw_shop,,,,grey_knights,grey_knights_grandmasterin_nemesis_dreadknight_vehicle,scraped,,,gallery,2026-04-16T22:29:40Z,
scripts/warhammer_com/images/grey_knights/grey_knights_grandmasterin_nemesis_dreadknight_vehicle/clean/99120107023_GreyKnightsGrandmasterinNemesisDreadknightVehicle05.jpg,gw_shop,,,,grey_knights,grey_knights_grandmasterin_nemesis_dreadknight_vehicle,scraped,,,gallery,2026-04-16T22:29:40Z,
scripts/warhammer_com/images/grey_knights/grey_knights_grandmasterin_nemesis_dreadknight_vehicle/clean/99120107023_GreyKnightsGrandmasterinNemesisDreadknightVehicle10.jpg,gw_shop,,,,grey_knights,grey_knights_grandmasterin_nemesis_dreadknight_vehicle,scraped,,,gallery,2026-04-16T22:29:40Z,
scripts/warhammer_com/images/grey_knights/inceptor/clean/99120107018_InceptorLead.jpg,gw_shop,,,,grey_knights,inceptor,scraped,,,gallery,2026-04-16T22:29:40Z,
scripts/warhammer_com/images/grey_knights/paladins_squad_new/clean/99120107001_PaladinsSquadNEW01.jpg,gw_shop,,,,grey_knights,paladins_squad_new,scraped,,,gallery,2026-04-16T22:29:40Z,
scripts/warhammer_com/images/grey_knights/paladins_squad_new/clean/99120107001_PaladinsSquadNEW02.jpg,gw_shop,,,,grey_knights,paladins_squad_new,scraped,,,gallery,2026-04-16T22:29:40Z,
scripts/warhammer_com/images/grey_knights/paladins_squad_new/clean/99120107001_PaladinsSquadNEW03.jpg,gw_shop,,,,grey_knights,paladins_squad_new,scraped,,,gallery,2026-04-16T22:29:40Z,
scripts/warhammer_com/images/grey_knights/purgation/clean/99120107018_PurgationLead.jpg,gw_shop,,,,grey_knights,purgation,scraped,,,gallery,2026-04-16T22:29:40Z,
scripts/warhammer_com/images/grey_knights/purifier/clean/99120107018_PurifierLead.jpg,gw_shop,,,,grey_knights,purifier,scraped,,,gallery,2026-04-16T22:29:40Z,
scripts/warhammer_com/images/grey_knights/strike_squad/clean/99120107013_StrikeSquad01.jpg,gw_shop,,,,grey_knights,strike_squad,scraped,,,gallery,2026-04-16T22:29:40Z,
scripts/warhammer_com/images/grey_knights/strike_squad/clean/99120107013_StrikeSquad02.jpg,gw_shop,,,,grey_knights,strike_squad,scraped,,,gallery,2026-04-16T22:29:40Z,
scripts/warhammer_com/images/grey_knights/strike_squad/clean/99120107013_StrikeSquad03.jpg,gw_shop,,,,grey_knights,strike_squad,scraped,,,gallery,2026-04-16T22:29:40Z,
scripts/warhammer_com/images/grey_knights/strike_squad_stock/clean/99120107013_StrikeSquadStock.jpg,gw_shop,,,,grey_knights,strike_squad_stock,scraped,,,gallery,2026-04-16T22:29:40Z,
scripts/warhammer_com/images/grey_knights/terminators_new/clean/99120107001_TerminatorsNEW01.jpg,gw_shop,,,,grey_knights,terminators_new,scraped,,,gallery,2026-04-16T22:29:40Z,
scripts/warhammer_com/images/grey_knights/terminators_new/clean/99120107001_TerminatorsNEW02.jpg,gw_shop,,,,grey_knights,terminators_new,scraped,,,gallery,2026-04-16T22:29:40Z,
scripts/warhammer_com/images/grey_knights/terminators_new/clean/99120107001_TerminatorsNEW03.jpg,gw_shop,,,,grey_knights,terminators_new,scraped,,,gallery,2026-04-16T22:29:40Z,
scripts/warhammer_com/images/grey_knights/voldus_repackage_stock/clean/99070107001_VoldusRepackageStock.jpg,gw_shop,,,,grey_knights,voldus_repackage_stock,scraped,,,gallery,2026-04-16T22:29:40Z,
scripts/warhammer_com/images/imperial_agents/callidus_assassin/clean/99070108003_CallidusAssassin03.jpg,gw_shop,,,,imperial_agents,callidus_assassin,scraped,,,gallery,2026-04-16T22:29:40Z,
scripts/warhammer_com/images/imperial_agents/callidus_assassin/clean/99070108003_CallidusAssassin04.jpg,gw_shop,,,,imperial_agents,callidus_assassin,scraped,,,gallery,2026-04-16T22:29:40Z,
scripts/warhammer_com/images/imperial_agents/callidus_assassin/clean/99070108003_CallidusAssassin05.jpg,gw_shop,,,,imperial_agents,callidus_assassin,scraped,,,gallery,2026-04-16T22:29:40Z,
scripts/warhammer_com/images/imperial_agents/culexus_assassin/clean/99070108002_CulexusAssassin01.jpg,gw_shop,,,,imperial_agents,culexus_assassin,scraped,,,gallery,2026-04-16T22:29:40Z,
scripts/warhammer_com/images/imperial_agents/culexus_assassin/clean/99070108002_CulexusAssassin02.jpg,gw_shop,,,,imperial_agents,culexus_assassin,scraped,,,gallery,2026-04-16T22:29:40Z,
scripts/warhammer_com/images/imperial_agents/culexus_assassin/clean/99070108002_CulexusAssassin03.jpg,gw_shop,,,,imperial_agents,culexus_assassin,scraped,,,gallery,2026-04-16T22:29:40Z,
scripts/warhammer_com/images/imperial_agents/culexus_assassin/clean/99070108002_CulexusAssassin04.jpg,gw_shop,,,,imperial_agents,culexus_assassin,scraped,,,gallery,2026-04-16T22:29:40Z,
scripts/warhammer_com/images/imperial_agents/culexus_assassin/clean/99070108002_CulexusAssassin05.jpg,gw_shop,,,,imperial_agents,culexus_assassin,scraped,,,gallery,2026-04-16T22:29:40Z,
scripts/warhammer_com/images/imperial_agents/eisenhorn/clean/99810181001_Eisenhorn01.jpg,gw_shop,,,,imperial_agents,eisenhorn,scraped,,,gallery,2026-04-16T22:29:40Z,
scripts/warhammer_com/images/imperial_agents/eisenhorn/clean/99810181001_Eisenhorn04.jpg,gw_shop,,,,imperial_agents,eisenhorn,scraped,,,gallery,2026-04-16T22:29:40Z,
scripts/warhammer_com/images/imperial_agents/eng_kt_soulshackle/clean/60010199050_EngKTSoulshackle12.jpg,gw_shop,,,,imperial_agents,eng_kt_soulshackle,scraped,,,gallery,2026-04-16T22:29:40Z,
scripts/warhammer_com/images/imperial_agents/eversor_assassin/clean/99070108004_EversorAssassin01.jpg,gw_shop,,,,imperial_agents,eversor_assassin,scraped,,,gallery,2026-04-16T22:29:40Z,
scripts/warhammer_com/images/imperial_agents/eversor_assassin/clean/99070108004_EversorAssassin02.jpg,gw_shop,,,,imperial_agents,eversor_assassin,scraped,,,gallery,2026-04-16T22:29:40Z,
scripts/warhammer_com/images/imperial_agents/eversor_assassin/clean/99070108004_EversorAssassin03.jpg,gw_shop,,,,imperial_agents,eversor_assassin,scraped,,,gallery,2026-04-16T22:29:40Z,
scripts/warhammer_com/images/imperial_agents/eversor_assassin/clean/99070108004_EversorAssassin04.jpg,gw_shop,,,,imperial_agents,eversor_assassin,scraped,,,gallery,2026-04-16T22:29:40Z,
scripts/warhammer_com/images/imperial_agents/eversor_assassin/clean/99070108004_EversorAssassin05.jpg,gw_shop,,,,imperial_agents,eversor_assassin,scraped,,,gallery,2026-04-16T22:29:40Z,
scripts/warhammer_com/images/imperial_agents/eversor_assassin/clean/99070108004_EversorAssassin06.jpg,gw_shop,,,,imperial_agents,eversor_assassin,scraped,,,gallery,2026-04-16T22:29:40Z,
scripts/warhammer_com/images/imperial_agents/ia_inquisitor_coteaz_glodovan_eagle/clean/99120108087_IAInquisitorCoteazGlodovanEagle1.jpg,gw_shop,,,,imperial_agents,ia_inquisitor_coteaz_glodovan_eagle,scraped,,,gallery,2026-04-16T22:29:40Z,
scripts/warhammer_com/images/imperial_agents/ia_inquisitor_coteaz_glodovan_eagle/clean/99120108087_IAInquisitorCoteazGlodovanEagle2.jpg,gw_shop,,,,imperial_agents,ia_inquisitor_coteaz_glodovan_eagle,scraped,,,gallery,2026-04-16T22:29:40Z,
scripts/warhammer_com/images/imperial_agents/ia_inquisitor_coteaz_glodovan_eagle/clean/99120108087_IAInquisitorCoteazGlodovanEagle4.jpg,gw_shop,,,,imperial_agents,ia_inquisitor_coteaz_glodovan_eagle,scraped,,,gallery,2026-04-16T22:29:40Z,
scripts/warhammer_com/images/imperial_agents/iacp/clean/99120108101_IACP1.jpg,gw_shop,,,,imperial_agents,iacp,scraped,,,gallery,2026-04-16T22:29:40Z,
scripts/warhammer_com/images/imperial_agents/iacp/clean/99120108101_IACP2.jpg,gw_shop,,,,imperial_agents,iacp,scraped,,,gallery,2026-04-16T22:29:40Z,
scripts/warhammer_com/images/imperial_agents/iacp/clean/99120108101_IACP3.jpg,gw_shop,,,,imperial_agents,iacp,scraped,,,gallery,2026-04-16T22:29:40Z,
scripts/warhammer_com/images/imperial_agents/iacp/clean/99120108101_IACP4.jpg,gw_shop,,,,imperial_agents,iacp,scraped,,,gallery,2026-04-16T22:29:40Z,
scripts/warhammer_com/images/imperial_agents/iacp/clean/99120108101_IACP5.jpg,gw_shop,,,,imperial_agents,iacp,scraped,,,gallery,2026-04-16T22:29:40Z,
scripts/warhammer_com/images/imperial_agents/iacp/clean/99120108101_IACP6.jpg,gw_shop,,,,imperial_agents,iacp,scraped,,,gallery,2026-04-16T22:29:40Z,
scripts/warhammer_com/images/imperial_agents/iacp/clean/99120108101_IACP7.jpg,gw_shop,,,,imperial_agents,iacp,scraped,,,gallery,2026-04-16T22:29:40Z,
scripts/warhammer_com/images/imperial_agents/inqox_lord_inq_kyria_draxus/clean/99120108043_INQOXLordInqKyriaDraxusLead.jpg,gw_shop,,,,imperial_agents,inqox_lord_inq_kyria_draxus,scraped,,,gallery,2026-04-16T22:29:40Z,
scripts/warhammer_com/images/imperial_agents/inquisitorial_agents/clean/99120108110_InquisitorialAgents2.jpg,gw_shop,,,,imperial_agents,inquisitorial_agents,scraped,,,gallery,2026-04-16T22:29:40Z,
scripts/warhammer_com/images/imperial_agents/inquisitorial_agents/clean/99120108110_InquisitorialAgents3.jpg,gw_shop,,,,imperial_agents,inquisitorial_agents,scraped,,,gallery,2026-04-16T22:29:40Z,
scripts/warhammer_com/images/imperial_agents/inquisitorial_agents/clean/99120108110_InquisitorialAgents4.jpg,gw_shop,,,,imperial_agents,inquisitorial_agents,scraped,,,gallery,2026-04-16T22:29:40Z,
scripts/warhammer_com/images/imperial_agents/inquisitorial_agents/clean/99120108110_InquisitorialAgents5.jpg,gw_shop,,,,imperial_agents,inquisitorial_agents,scraped,,,gallery,2026-04-16T22:29:40Z,
scripts/warhammer_com/images/imperial_agents/inquisitorial_agents/clean/99120108112_InquisitorialAgents1.jpg,gw_shop,,,,imperial_agents,inquisitorial_agents,scraped,,,gallery,2026-04-16T22:29:40Z,
scripts/warhammer_com/images/imperial_agents/inquisitorial_agents/clean/99120108112_InquisitorialAgents2.jpg,gw_shop,,,,imperial_agents,inquisitorial_agents,scraped,,,gallery,2026-04-16T22:29:40Z,
scripts/warhammer_com/images/imperial_agents/inquisitorial_agents/clean/99120108112_InquisitorialAgents3.jpg,gw_shop,,,,imperial_agents,inquisitorial_agents,scraped,,,gallery,2026-04-16T22:29:40Z,
scripts/warhammer_com/images/imperial_agents/inquisitorial_agents/clean/99120108112_InquisitorialAgents4.jpg,gw_shop,,,,imperial_agents,inquisitorial_agents,scraped,,,gallery,2026-04-16T22:29:40Z,
scripts/warhammer_com/images/imperial_agents/inquisitorial_agents/clean/99120108112_InquisitorialAgents5.jpg,gw_shop,,,,imperial_agents,inquisitorial_agents,scraped,,,gallery,2026-04-16T22:29:40Z,
scripts/warhammer_com/images/imperial_agents/inquisitorial_agents/clean/99120108112_InquisitorialAgents6.jpg,gw_shop,,,,imperial_agents,inquisitorial_agents,scraped,,,gallery,2026-04-16T22:29:40Z,
scripts/warhammer_com/images/imperial_agents/kt2_ashes_of_faith/clean/60010199056_KT2AshesOfFaith02.jpg,gw_shop,,,,imperial_agents,kt2_ashes_of_faith,scraped,,,gallery,2026-04-16T22:29:40Z,
scripts/warhammer_com/images/imperial_agents/kt_exaction_squad/clean/99120108109_KTExactionSquad3.jpg,gw_shop,,,,imperial_agents,kt_exaction_squad,scraped,,,gallery,2026-04-16T22:29:40Z,
scripts/warhammer_com/images/imperial_agents/kt_exaction_squad/clean/99120108109_KTExactionSquad4.jpg,gw_shop,,,,imperial_agents,kt_exaction_squad,scraped,,,gallery,2026-04-16T22:29:40Z,
scripts/warhammer_com/images/imperial_agents/kt_exaction_squad/clean/99120108109_KTExactionSquad5.jpg,gw_shop,,,,imperial_agents,kt_exaction_squad,scraped,,,gallery,2026-04-16T22:29:40Z,
scripts/warhammer_com/images/imperial_agents/kt_exaction_squad/clean/99120108109_KTExactionSquad6.jpg,gw_shop,,,,imperial_agents,kt_exaction_squad,scraped,,,gallery,2026-04-16T22:29:40Z,
scripts/warhammer_com/images/imperial_agents/kt_inquisitorial_agents/clean/99120108110_KTInquisitorialAgents03.jpg,gw_shop,,,,imperial_agents,kt_inquisitorial_agents,scraped,,,gallery,2026-04-16T22:29:40Z,
scripts/warhammer_com/images/imperial_agents/kt_inquisitorial_agents/clean/99120108110_KTInquisitorialAgents04.jpg,gw_shop,,,,imperial_agents,kt_inquisitorial_agents,scraped,,,gallery,2026-04-16T22:29:40Z,
scripts/warhammer_com/images/imperial_agents/kt_navy_breachers/clean/99120108108_KTNavyBreachers3.jpg,gw_shop,,,,imperial_agents,kt_navy_breachers,scraped,,,gallery,2026-04-16T22:29:40Z,
scripts/warhammer_com/images/imperial_agents/kt_navy_breachers/clean/99120108108_KTNavyBreachers4.jpg,gw_shop,,,,imperial_agents,kt_navy_breachers,scraped,,,gallery,2026-04-16T22:29:40Z,
scripts/warhammer_com/images/imperial_agents/kt_navy_breachers/clean/99120108108_KTNavyBreachers5.jpg,gw_shop,,,,imperial_agents,kt_navy_breachers,scraped,,,gallery,2026-04-16T22:29:40Z,
scripts/warhammer_com/images/imperial_agents/kt_navy_breachers/clean/99120108108_KTNavyBreachers6.jpg,gw_shop,,,,imperial_agents,kt_navy_breachers,scraped,,,gallery,2026-04-16T22:29:40Z,
scripts/warhammer_com/images/imperial_agents/navigator/clean/99070108014_Navigator1.jpg,gw_shop,,,,imperial_agents,navigator,scraped,,,gallery,2026-04-16T22:29:40Z,
scripts/warhammer_com/images/imperial_agents/navigator/clean/99070108014_Navigator2.jpg,gw_shop,,,,imperial_agents,navigator,scraped,,,gallery,2026-04-16T22:29:40Z,
scripts/warhammer_com/images/imperial_agents/promowh_inquisitor_ostromandeus/clean/99120108107_PROMOWHInquisitorOstromandeus01.jpg,gw_shop,,,,imperial_agents,promowh_inquisitor_ostromandeus,scraped,,,gallery,2026-04-16T22:29:40Z,
scripts/warhammer_com/images/imperial_agents/promowh_inquisitor_ostromandeus/clean/99120108107_PROMOWHInquisitorOstromandeus2.jpg,gw_shop,,,,imperial_agents,promowh_inquisitor_ostromandeus,scraped,,,gallery,2026-04-16T22:29:40Z,
scripts/warhammer_com/images/imperial_agents/promowh_inquisitor_ostromandeus/clean/99120108107_PROMOWHInquisitorOstromandeus3.jpg,gw_shop,,,,imperial_agents,promowh_inquisitor_ostromandeus,scraped,,,gallery,2026-04-16T22:29:40Z,
scripts/warhammer_com/images/imperial_agents/rt_entourage_voidsmen/clean/99120108113_RTEntourageVoidsmen1.jpg,gw_shop,,,,imperial_agents,rt_entourage_voidsmen,scraped,,,gallery,2026-04-16T22:29:40Z,
scripts/warhammer_com/images/imperial_agents/rt_entourage_voidsmen/clean/99120108113_RTEntourageVoidsmen2.jpg,gw_shop,,,,imperial_agents,rt_entourage_voidsmen,scraped,,,gallery,2026-04-16T22:29:40Z,
scripts/warhammer_com/images/imperial_agents/rt_entourage_voidsmen/clean/99120108113_RTEntourageVoidsmen4.jpg,gw_shop,,,,imperial_agents,rt_entourage_voidsmen,scraped,,,gallery,2026-04-16T22:29:40Z,
scripts/warhammer_com/images/imperial_agents/triumvirateofthe_imperium/clean/99120108008_TriumvirateoftheImperium04.jpg,gw_shop,,,,imperial_agents,triumvirateofthe_imperium,scraped,,,gallery,2026-04-16T22:29:40Z,
scripts/warhammer_com/images/imperial_agents/vindicare_assassin/clean/99070108001_VindicareAssassin01.jpg,gw_shop,,,,imperial_agents,vindicare_assassin,scraped,,,gallery,2026-04-16T22:29:40Z,
scripts/warhammer_com/images/imperial_agents/vindicare_assassin/clean/99070108001_VindicareAssassin02.jpg,gw_shop,,,,imperial_agents,vindicare_assassin,scraped,,,gallery,2026-04-16T22:29:40Z,
scripts/warhammer_com/images/imperial_agents/vindicare_assassin/clean/99070108001_VindicareAssassin03.jpg,gw_shop,,,,imperial_agents,vindicare_assassin,scraped,,,gallery,2026-04-16T22:29:40Z,
scripts/warhammer_com/images/imperial_agents/vindicare_assassin/clean/99070108001_VindicareAssassin04.jpg,gw_shop,,,,imperial_agents,vindicare_assassin,scraped,,,gallery,2026-04-16T22:29:40Z,
scripts/warhammer_com/images/imperial_agents/vindicare_assassin/clean/99070108001_VindicareAssassin05.jpg,gw_shop,,,,imperial_agents,vindicare_assassin,scraped,,,gallery,2026-04-16T22:29:40Z,
scripts/warhammer_com/images/imperial_fists/if_primaris_upgrades/clean/99070101043_IFPrimarisUpgrades01.jpg,gw_shop,,,,imperial_fists,if_primaris_upgrades,scraped,,,gallery,2026-04-16T22:29:40Z,
scripts/warhammer_com/images/imperial_fists/if_primaris_upgrades/clean/99070101043_IFPrimarisUpgrades03.jpg,gw_shop,,,,imperial_fists,if_primaris_upgrades,scraped,,,gallery,2026-04-16T22:29:40Z,
scripts/warhammer_com/images/imperial_fists/smif_tor_garadon/clean/99120101258_SMIFTorGaradon01.jpg,gw_shop,,,,imperial_fists,smif_tor_garadon,scraped,,,gallery,2026-04-16T22:29:40Z,
scripts/warhammer_com/images/imperial_fists/smif_tor_garadon/clean/99120101258_SMIFTorGaradon02.jpg,gw_shop,,,,imperial_fists,smif_tor_garadon,scraped,,,gallery,2026-04-16T22:29:40Z,
scripts/warhammer_com/images/imperial_fists/smif_tor_garadon_stock/clean/99120101342_SMIFTorGaradonStock.jpg,gw_shop,,,,imperial_fists,smif_tor_garadon_stock,scraped,,,gallery,2026-04-16T22:29:40Z,
scripts/warhammer_com/images/imperial_fists/space_marines_imperial_fists_darnath_lysander/clean/99120101446_SpaceMarinesImperialFistsDarnathLysander1.jpg,gw_shop,,,,imperial_fists,space_marines_imperial_fists_darnath_lysander,scraped,,,gallery,2026-04-16T22:29:40Z,
scripts/warhammer_com/images/imperial_fists/space_marines_imperial_fists_darnath_lysander/clean/99120101446_SpaceMarinesImperialFistsDarnathLysander2.jpg,gw_shop,,,,imperial_fists,space_marines_imperial_fists_darnath_lysander,scraped,,,gallery,2026-04-16T22:29:40Z,
scripts/warhammer_com/images/imperial_fists/space_marines_imperial_fists_darnath_lysander/clean/99120101446_SpaceMarinesImperialFistsDarnathLysander4.jpg,gw_shop,,,,imperial_fists,space_marines_imperial_fists_darnath_lysander,scraped,,,gallery,2026-04-16T22:29:40Z,
scripts/warhammer_com/images/imperial_knights/acastus_knight_asterius/clean/99560108209_AcastusKnightAsterius01.jpg,gw_shop,,,,imperial_knights,acastus_knight_asterius,scraped,,,gallery,2026-04-16T22:29:40Z,
scripts/warhammer_com/images/imperial_knights/acastus_knight_asterius/clean/99560108209_AcastusKnightAsterius02.jpg,gw_shop,,,,imperial_knights,acastus_knight_asterius,scraped,,,gallery,2026-04-16T22:29:40Z,
scripts/warhammer_com/images/imperial_knights/acastus_knight_porphyrion/clean/99560108172_AcastusKnightPorphyrion01.jpg,gw_shop,,,,imperial_knights,acastus_knight_porphyrion,scraped,,,gallery,2026-04-16T22:29:40Z,
scripts/warhammer_com/images/imperial_knights/acastus_knight_porphyrion/clean/99560108172_AcastusKnightPorphyrion02.jpg,gw_shop,,,,imperial_knights,acastus_knight_porphyrion,scraped,,,gallery,2026-04-16T22:29:40Z,
scripts/warhammer_com/images/imperial_knights/armiger_helverins_feature/clean/99120108080_ArmigerHelverinsFeature1.jpg,gw_shop,,,,imperial_knights,armiger_helverins_feature,scraped,,,gallery,2026-04-16T22:29:40Z,
scripts/warhammer_com/images/imperial_knights/armiger_helverins_feature/clean/99120108080_ArmigerHelverinsFeature2.jpg,gw_shop,,,,imperial_knights,armiger_helverins_feature,scraped,,,gallery,2026-04-16T22:29:40Z,
scripts/warhammer_com/images/imperial_knights/armiger_helverins_stock/clean/99120108080_ArmigerHelverinsStock.jpg,gw_shop,,,,imperial_knights,armiger_helverins_stock,scraped,,,gallery,2026-04-16T22:29:40Z,
scripts/warhammer_com/images/imperial_knights/armiger_warglaives_feature/clean/99120108080_ArmigerWarglaivesFeature1.jpg,gw_shop,,,,imperial_knights,armiger_warglaives_feature,scraped,,,gallery,2026-04-16T22:29:40Z,
scripts/warhammer_com/images/imperial_knights/armiger_warglaives_feature/clean/99120108080_ArmigerWarglaivesFeature2.jpg,gw_shop,,,,imperial_knights,armiger_warglaives_feature,scraped,,,gallery,2026-04-16T22:29:40Z,
scripts/warhammer_com/images/imperial_knights/eyeof_terror_battalion_imperial_knights/clean/99120108148_EyeofTerrorBattalionImperialKnights01.jpg,gw_shop,,,,imperial_knights,eyeof_terror_battalion_imperial_knights,scraped,,,gallery,2026-04-16T22:29:40Z,
scripts/warhammer_com/images/imperial_knights/eyeof_terror_battalion_imperial_knights/clean/99120108148_EyeofTerrorBattalionImperialKnights03.jpg,gw_shop,,,,imperial_knights,eyeof_terror_battalion_imperial_knights,scraped,,,gallery,2026-04-16T22:29:40Z,
scripts/warhammer_com/images/imperial_knights/eyeof_terror_battalion_imperial_knights/clean/99120108148_EyeofTerrorBattalionImperialKnights05.jpg,gw_shop,,,,imperial_knights,eyeof_terror_battalion_imperial_knights,scraped,,,gallery,2026-04-16T22:29:40Z,
scripts/warhammer_com/images/imperial_knights/eyeof_terror_battalion_imperial_knights/clean/99120108148_EyeofTerrorBattalionImperialKnights06.jpg,gw_shop,,,,imperial_knights,eyeof_terror_battalion_imperial_knights,scraped,,,gallery,2026-04-16T22:29:40Z,
scripts/warhammer_com/images/imperial_knights/eyeof_terror_battalion_imperial_knights/clean/99120108148_EyeofTerrorBattalionImperialKnights11.jpg,gw_shop,,,,imperial_knights,eyeof_terror_battalion_imperial_knights,scraped,,,gallery,2026-04-16T22:29:40Z,
scripts/warhammer_com/images/imperial_knights/hh_cerastus_knight_acheron/clean/99123008006_HHCerastusKnightAcheron01.jpg,gw_shop,,,,imperial_knights,hh_cerastus_knight_acheron,scraped,,,gallery,2026-04-16T22:29:40Z,
scripts/warhammer_com/images/imperial_knights/hh_cerastus_knight_acheron/clean/99123008006_HHCerastusKnightAcheron02.jpg,gw_shop,,,,imperial_knights,hh_cerastus_knight_acheron,scraped,,,gallery,2026-04-16T22:29:40Z,
scripts/warhammer_com/images/imperial_knights/hh_cerastus_knight_acheron/clean/99123008006_HHCerastusKnightAcheron03.jpg,gw_shop,,,,imperial_knights,hh_cerastus_knight_acheron,scraped,,,gallery,2026-04-16T22:29:40Z,
scripts/warhammer_com/images/imperial_knights/hh_cerastus_knight_acheron/clean/99123008006_HHCerastusKnightAcheron04.jpg,gw_shop,,,,imperial_knights,hh_cerastus_knight_acheron,scraped,,,gallery,2026-04-16T22:29:40Z,
scripts/warhammer_com/images/imperial_knights/hh_cerastus_knight_acheron/clean/99123008006_HHCerastusKnightAcheron05.jpg,gw_shop,,,,imperial_knights,hh_cerastus_knight_acheron,scraped,,,gallery,2026-04-16T22:29:40Z,
scripts/warhammer_com/images/imperial_knights/hh_cerastus_knight_acheron/clean/99123008006_HHCerastusKnightAcheron08.jpg,gw_shop,,,,imperial_knights,hh_cerastus_knight_acheron,scraped,,,gallery,2026-04-16T22:29:40Z,
scripts/warhammer_com/images/imperial_knights/hh_cerastus_knight_castigator/clean/99123008005_HHCerastusKnightCastigator01.jpg,gw_shop,,,,imperial_knights,hh_cerastus_knight_castigator,scraped,,,gallery,2026-04-16T22:29:40Z,
scripts/warhammer_com/images/imperial_knights/hh_cerastus_knight_castigator/clean/99123008005_HHCerastusKnightCastigator02.jpg,gw_shop,,,,imperial_knights,hh_cerastus_knight_castigator,scraped,,,gallery,2026-04-16T22:29:40Z,
scripts/warhammer_com/images/imperial_knights/hh_cerastus_knight_castigator/clean/99123008005_HHCerastusKnightCastigator03.jpg,gw_shop,,,,imperial_knights,hh_cerastus_knight_castigator,scraped,,,gallery,2026-04-16T22:29:40Z,
scripts/warhammer_com/images/imperial_knights/hh_cerastus_knight_castigator/clean/99123008005_HHCerastusKnightCastigator04.jpg,gw_shop,,,,imperial_knights,hh_cerastus_knight_castigator,scraped,,,gallery,2026-04-16T22:29:40Z,
scripts/warhammer_com/images/imperial_knights/hh_cerastus_knight_castigator/clean/99123008005_HHCerastusKnightCastigator07.jpg,gw_shop,,,,imperial_knights,hh_cerastus_knight_castigator,scraped,,,gallery,2026-04-16T22:29:40Z,
scripts/warhammer_com/images/imperial_knights/hh_cerastus_knight_lancer/clean/99123008004_HHCerastusKnightLancer01.jpg,gw_shop,,,,imperial_knights,hh_cerastus_knight_lancer,scraped,,,gallery,2026-04-16T22:29:40Z,
scripts/warhammer_com/images/imperial_knights/hh_cerastus_knight_lancer/clean/99123008004_HHCerastusKnightLancer02.jpg,gw_shop,,,,imperial_knights,hh_cerastus_knight_lancer,scraped,,,gallery,2026-04-16T22:29:40Z,
scripts/warhammer_com/images/imperial_knights/hh_cerastus_knight_lancer/clean/99123008004_HHCerastusKnightLancer03.jpg,gw_shop,,,,imperial_knights,hh_cerastus_knight_lancer,scraped,,,gallery,2026-04-16T22:29:40Z,
scripts/warhammer_com/images/imperial_knights/hh_cerastus_knight_lancer/clean/99123008004_HHCerastusKnightLancer04.jpg,gw_shop,,,,imperial_knights,hh_cerastus_knight_lancer,scraped,,,gallery,2026-04-16T22:29:40Z,
scripts/warhammer_com/images/imperial_knights/hh_cerastus_knight_lancer/clean/99123008004_HHCerastusKnightLancer05.jpg,gw_shop,,,,imperial_knights,hh_cerastus_knight_lancer,scraped,,,gallery,2026-04-16T22:29:40Z,
scripts/warhammer_com/images/imperial_knights/hh_cerastus_knight_lancer/clean/99123008004_HHCerastusKnightLancer06.jpg,gw_shop,,,,imperial_knights,hh_cerastus_knight_lancer,scraped,,,gallery,2026-04-16T22:29:40Z,
scripts/warhammer_com/images/imperial_knights/ik_armiger_helverins/clean/99120108015_IKArmigerHelverins01.jpg,gw_shop,,,,imperial_knights,ik_armiger_helverins,scraped,,,gallery,2026-04-16T22:29:40Z,
scripts/warhammer_com/images/imperial_knights/ik_armiger_helverins/clean/99120108015_IKArmigerHelverins07.jpg,gw_shop,,,,imperial_knights,ik_armiger_helverins,scraped,,,gallery,2026-04-16T22:29:40Z,
scripts/warhammer_com/images/imperial_knights/ik_castellan/clean/99120108016_IKCastellan01.jpg,gw_shop,,,,imperial_knights,ik_castellan,scraped,,,gallery,2026-04-16T22:29:40Z,
scripts/warhammer_com/images/imperial_knights/ik_knight_questoris_concept/clean/99120108105_IKKnightQuestorisCONCEPT3.jpg,gw_shop,,,,imperial_knights,ik_knight_questoris_concept,scraped,,,gallery,2026-04-16T22:29:40Z,
scripts/warhammer_com/images/imperial_knights/ik_knight_questoris_features_crusader/clean/99120108105_IKKnightQuestorisFEATURESCrusader2.jpg,gw_shop,,,,imperial_knights,ik_knight_questoris_features_crusader,scraped,,,gallery,2026-04-16T22:29:40Z,
scripts/warhammer_com/images/imperial_knights/ik_knight_questoris_features_defender/clean/99120108105_IKKnightQuestorisFEATURESDefender2.jpg,gw_shop,,,,imperial_knights,ik_knight_questoris_features_defender,scraped,,,gallery,2026-04-16T22:29:40Z,
scripts/warhammer_com/images/imperial_knights/ik_knight_questoris_features_errant/clean/99120108105_IKKnightQuestorisFEATURESErrant2.jpg,gw_shop,,,,imperial_knights,ik_knight_questoris_features_errant,scraped,,,gallery,2026-04-16T22:29:40Z,
scripts/warhammer_com/images/imperial_knights/ik_knight_questoris_features_gallant/clean/99120108105_IKKnightQuestorisFEATURESGallant2.jpg,gw_shop,,,,imperial_knights,ik_knight_questoris_features_gallant,scraped,,,gallery,2026-04-16T22:29:40Z,
scripts/warhammer_com/images/imperial_knights/ik_knight_questoris_features_warden/clean/99120108105_IKKnightQuestorisFEATURESWarden2.jpg,gw_shop,,,,imperial_knights,ik_knight_questoris_features_warden,scraped,,,gallery,2026-04-16T22:29:40Z,
scripts/warhammer_com/images/imperial_knights/ik_knight_questoris_lead_crusader/clean/99120108105_IKKnightQuestorisLEADCrusader.jpg,gw_shop,,,,imperial_knights,ik_knight_questoris_lead_crusader,scraped,,,gallery,2026-04-16T22:29:40Z,
scripts/warhammer_com/images/imperial_knights/ik_knight_questoris_lead_defender/clean/99120108105_IKKnightQuestorisLEADDefender.jpg,gw_shop,,,,imperial_knights,ik_knight_questoris_lead_defender,scraped,,,gallery,2026-04-16T22:29:40Z,
scripts/warhammer_com/images/imperial_knights/ik_knight_questoris_lead_despoiler/clean/99120108105_IKKnightQuestorisLEADDespoiler.jpg,gw_shop,,,,imperial_knights,ik_knight_questoris_lead_despoiler,scraped,,,gallery,2026-04-16T22:29:40Z,
scripts/warhammer_com/images/imperial_knights/ik_knight_questoris_lead_errant/clean/99120108105_IKKnightQuestorisLEADErrant.jpg,gw_shop,,,,imperial_knights,ik_knight_questoris_lead_errant,scraped,,,gallery,2026-04-16T22:29:40Z,
scripts/warhammer_com/images/imperial_knights/ik_knight_questoris_lead_gallant/clean/99120108105_IKKnightQuestorisLEADGallant.jpg,gw_shop,,,,imperial_knights,ik_knight_questoris_lead_gallant,scraped,,,gallery,2026-04-16T22:29:40Z,
scripts/warhammer_com/images/imperial_knights/ik_knight_questoris_lead_paladin/clean/99120108105_IKKnightQuestorisLEADPaladin.jpg,gw_shop,,,,imperial_knights,ik_knight_questoris_lead_paladin,scraped,,,gallery,2026-04-16T22:29:40Z,
scripts/warhammer_com/images/imperial_knights/ik_knight_questoris_lead_warden/clean/99120108105_IKKnightQuestorisLEADWarden.jpg,gw_shop,,,,imperial_knights,ik_knight_questoris_lead_warden,scraped,,,gallery,2026-04-16T22:29:40Z,
scripts/warhammer_com/images/imperial_knights/ik_knight_questoris_stock/clean/99120108105_IKKnightQuestorisSTOCK.jpg,gw_shop,,,,imperial_knights,ik_knight_questoris_stock,scraped,,,gallery,2026-04-16T22:29:40Z,
scripts/warhammer_com/images/imperial_knights/ik_valiant_castellan_feature/clean/99120108081_IKValiantCastellanFeature01.jpg,gw_shop,,,,imperial_knights,ik_valiant_castellan_feature,scraped,,,gallery,2026-04-16T22:29:40Z,
scripts/warhammer_com/images/imperial_knights/ik_valiant_castellan_feature/clean/99120108081_IKValiantCastellanFeature02.jpg,gw_shop,,,,imperial_knights,ik_valiant_castellan_feature,scraped,,,gallery,2026-04-16T22:29:40Z,
scripts/warhammer_com/images/imperial_knights/ik_valiant_castellan_feature/clean/99120108081_IKValiantCastellanFeature03.jpg,gw_shop,,,,imperial_knights,ik_valiant_castellan_feature,scraped,,,gallery,2026-04-16T22:29:40Z,
scripts/warhammer_com/images/imperial_knights/ik_valiant_castellan_stock/clean/99120108081_IKValiantCastellanStock.jpg,gw_shop,,,,imperial_knights,ik_valiant_castellan_stock,scraped,,,gallery,2026-04-16T22:29:40Z,
scripts/warhammer_com/images/imperial_knights/imperial_knight_preceptor_canis_rex/clean/99120108106_ImperialKnightPreceptorCanisRex1upd.jpg,gw_shop,,,,imperial_knights,imperial_knight_preceptor_canis_rex,scraped,,,gallery,2026-04-16T22:29:40Z,
scripts/warhammer_com/images/imperial_knights/imperial_knight_preceptor_canis_rex/clean/99120108106_ImperialKnightPreceptorCanisRex4.jpg,gw_shop,,,,imperial_knights,imperial_knight_preceptor_canis_rex,scraped,,,gallery,2026-04-16T22:29:40Z,
scripts/warhammer_com/images/imperial_knights/imperial_knight_preceptor_canis_rex/clean/99120108106_ImperialKnightPreceptorCanisRex5.jpg,gw_shop,,,,imperial_knights,imperial_knight_preceptor_canis_rex,scraped,,,gallery,2026-04-16T22:29:40Z,
scripts/warhammer_com/images/imperial_knights/imperial_knight_preceptor_standard_build/clean/99120108106_ImperialKnightPreceptorStandardBuild1.jpg,gw_shop,,,,imperial_knights,imperial_knight_preceptor_standard_build,scraped,,,gallery,2026-04-16T22:29:40Z,
scripts/warhammer_com/images/imperial_knights/imperial_knight_preceptor_standard_build/clean/99120108106_ImperialKnightPreceptorStandardBuild4.jpg,gw_shop,,,,imperial_knights,imperial_knight_preceptor_standard_build,scraped,,,gallery,2026-04-16T22:29:40Z,
scripts/warhammer_com/images/imperial_knights/imperial_knight_preceptor_standard_build/clean/99120108106_ImperialKnightPreceptorStandardBuild5.jpg,gw_shop,,,,imperial_knights,imperial_knight_preceptor_standard_build,scraped,,,gallery,2026-04-16T22:29:40Z,
scripts/warhammer_com/images/imperial_knights/imperial_knight_valiant/clean/99120108018_ImperialKnightValiant01.jpg,gw_shop,,,,imperial_knights,imperial_knight_valiant,scraped,,,gallery,2026-04-16T22:29:40Z,
scripts/warhammer_com/images/imperial_knights/imperial_knight_valiant/clean/99120108018_ImperialKnightValiant07.jpg,gw_shop,,,,imperial_knights,imperial_knight_valiant,scraped,,,gallery,2026-04-16T22:29:40Z,
scripts/warhammer_com/images/imperial_knights/imperial_knights_armiger/clean/99120108019_ImperialKnightsArmiger01.jpg,gw_shop,,,,imperial_knights,imperial_knights_armiger,scraped,,,gallery,2026-04-16T22:29:40Z,
scripts/warhammer_com/images/imperial_knights/imperial_knights_transfer_sheet/clean/99120108106_ImperialKnightsTransferSheet1.jpg,gw_shop,,,,imperial_knights,imperial_knights_transfer_sheet,scraped,,,gallery,2026-04-16T22:29:40Z,
scripts/warhammer_com/images/imperial_knights/knight_destrier/clean/99120108123_KnightDestrier1.jpg,gw_shop,,,,imperial_knights,knight_destrier,scraped,,,gallery,2026-04-16T22:29:40Z,
scripts/warhammer_com/images/imperial_knights/knight_destrier/clean/99120108123_KnightDestrier5.jpg,gw_shop,,,,imperial_knights,knight_destrier,scraped,,,gallery,2026-04-16T22:29:40Z,
scripts/warhammer_com/images/imperial_knights/knight_destrier/clean/99120108123_KnightDestrier6.jpg,gw_shop,,,,imperial_knights,knight_destrier,scraped,,,gallery,2026-04-16T22:29:40Z,
scripts/warhammer_com/images/imperial_knights/knight_destrier/clean/99120108123_KnightDestrierALT.jpg,gw_shop,,,,imperial_knights,knight_destrier,scraped,,,gallery,2026-04-16T22:29:40Z,
scripts/warhammer_com/images/imperial_knights/knight_destrier_box/clean/99120108123_KnightDestrierBox.jpg,gw_shop,,,,imperial_knights,knight_destrier_box,scraped,,,gallery,2026-04-16T22:29:40Z,
scripts/warhammer_com/images/imperial_knights/knight_tyrant/clean/99120108016_KnightTyrant.jpg,gw_shop,,,,imperial_knights,knight_tyrant,scraped,,,gallery,2026-04-16T22:29:40Z,
scripts/warhammer_com/images/imperial_knights/mars_pattern_warlord_titan_body/clean/99560108140_MarsPatternWarlordTitanBody11.jpg,gw_shop,,,,imperial_knights,mars_pattern_warlord_titan_body,scraped,,,gallery,2026-04-16T22:29:40Z,
scripts/warhammer_com/images/imperial_knights/mec_knight_moiraxwith_lightning_locks/clean/99560108211_MECKnightMoiraxwithLightningLocks01.jpg,gw_shop,,,,imperial_knights,mec_knight_moiraxwith_lightning_locks,scraped,,,gallery,2026-04-16T22:29:40Z,
scripts/warhammer_com/images/imperial_knights/mec_knight_moiraxwith_volkite_veuglaire_gyges_siege_claw/clean/99560108213_MECKnightMoiraxwithVolkiteVeuglaireGygesSiegeClaw01.jpg,gw_shop,,,,imperial_knights,mec_knight_moiraxwith_volkite_veuglaire_gyges_siege_claw,scraped,,,gallery,2026-04-16T22:29:40Z,
scripts/warhammer_com/images/imperial_knights/mechanicum_cerastus_knight_atrapos/clean/99560108146_MechanicumCerastusKnightAtrapos01.jpg,gw_shop,,,,imperial_knights,mechanicum_cerastus_knight_atrapos,scraped,,,gallery,2026-04-16T22:29:40Z,
scripts/warhammer_com/images/imperial_knights/mechanicum_cerastus_knight_atrapos/clean/99560108146_MechanicumCerastusKnightAtrapos06.jpg,gw_shop,,,,imperial_knights,mechanicum_cerastus_knight_atrapos,scraped,,,gallery,2026-04-16T22:29:40Z,
scripts/warhammer_com/images/imperial_knights/mechanicum_cerastus_knight_atrapos/clean/99560108146_MechanicumCerastusKnightAtrapos08.jpg,gw_shop,,,,imperial_knights,mechanicum_cerastus_knight_atrapos,scraped,,,gallery,2026-04-16T22:29:40Z,
scripts/warhammer_com/images/imperial_knights/questoris_knight_magaera/clean/99590108120_QuestorisKnightMagaera01.jpg,gw_shop,,,,imperial_knights,questoris_knight_magaera,scraped,,,gallery,2026-04-16T22:29:40Z,
scripts/warhammer_com/images/imperial_knights/questoris_knight_magaera/clean/99590108120_QuestorisKnightMagaera02.jpg,gw_shop,,,,imperial_knights,questoris_knight_magaera,scraped,,,gallery,2026-04-16T22:29:40Z,
scripts/warhammer_com/images/imperial_knights/questoris_knight_magaera/clean/99590108120_QuestorisKnightMagaera03.jpg,gw_shop,,,,imperial_knights,questoris_knight_magaera,scraped,,,gallery,2026-04-16T22:29:40Z,
scripts/warhammer_com/images/imperial_knights/questoris_knight_magaera/clean/99590108120_QuestorisKnightMagaera04.jpg,gw_shop,,,,imperial_knights,questoris_knight_magaera,scraped,,,gallery,2026-04-16T22:29:40Z,
scripts/warhammer_com/images/imperial_knights/questoris_knight_styrix/clean/99590108122_QuestorisKnightStyrix01.jpg,gw_shop,,,,imperial_knights,questoris_knight_styrix,scraped,,,gallery,2026-04-16T22:29:40Z,
scripts/warhammer_com/images/imperial_knights/questoris_knight_styrix/clean/99590108122_QuestorisKnightStyrix04.jpg,gw_shop,,,,imperial_knights,questoris_knight_styrix,scraped,,,gallery,2026-04-16T22:29:40Z,
scripts/warhammer_com/images/imperial_knights/questoris_knight_styrix/clean/99590108122_QuestorisKnightStyrix05.jpg,gw_shop,,,,imperial_knights,questoris_knight_styrix,scraped,,,gallery,2026-04-16T22:29:40Z,
scripts/warhammer_com/images/iron_hands/ih_primaris_upgrades/clean/99070101042_IHPrimarisUpgrades03.jpg,gw_shop,,,,iron_hands,ih_primaris_upgrades,scraped,,,gallery,2026-04-16T22:29:40Z,
scripts/warhammer_com/images/iron_hands/smih_feirros/clean/99120101257_SMIHFeirros01.jpg,gw_shop,,,,iron_hands,smih_feirros,scraped,,,gallery,2026-04-16T22:29:40Z,
scripts/warhammer_com/images/iron_hands/smih_iron_father_feirros_stock/clean/99120101291_SMIHIronFatherFeirrosStock.jpg,gw_shop,,,,iron_hands,smih_iron_father_feirros_stock,scraped,,,gallery,2026-04-16T22:29:40Z,
scripts/warhammer_com/images/iron_hands/space_marines_iron_hands_caanok_var/clean/99120101447_SpaceMarinesIronHandsCaanokVar02.jpg,gw_shop,,,,iron_hands,space_marines_iron_hands_caanok_var,scraped,,,gallery,2026-04-16T22:29:40Z,
scripts/warhammer_com/images/iron_hands/space_marines_iron_hands_caanok_var/clean/99120101447_SpaceMarinesIronHandsCaanokVar03.jpg,gw_shop,,,,iron_hands,space_marines_iron_hands_caanok_var,scraped,,,gallery,2026-04-16T22:29:40Z,
scripts/warhammer_com/images/iron_hands/space_marines_iron_hands_caanok_var/clean/99120101447_SpaceMarinesIronHandsCaanokVar04.jpg,gw_shop,,,,iron_hands,space_marines_iron_hands_caanok_var,scraped,,,gallery,2026-04-16T22:29:40Z,
scripts/warhammer_com/images/iron_hands/space_marines_iron_hands_caanok_var_box/clean/99120101447_SpaceMarinesIronHandsCaanokVarBox.jpg,gw_shop,,,,iron_hands,space_marines_iron_hands_caanok_var_box,scraped,,,gallery,2026-04-16T22:29:40Z,
scripts/warhammer_com/images/leagues_of_votann/battalion_leagues_votann/clean/99120118027_BattalionLeaguesVotann1.jpg,gw_shop,,,,leagues_of_votann,battalion_leagues_votann,scraped,,,gallery,2026-04-16T22:29:40Z,
scripts/warhammer_com/images/leagues_of_votann/battalion_leagues_votann/clean/99120118027_BattalionLeaguesVotann10.jpg,gw_shop,,,,leagues_of_votann,battalion_leagues_votann,scraped,,,gallery,2026-04-16T22:29:40Z,
scripts/warhammer_com/images/leagues_of_votann/battalion_leagues_votann/clean/99120118027_BattalionLeaguesVotann2.jpg,gw_shop,,,,leagues_of_votann,battalion_leagues_votann,scraped,,,gallery,2026-04-16T22:29:40Z,
scripts/warhammer_com/images/leagues_of_votann/battalion_leagues_votann/clean/99120118027_BattalionLeaguesVotann3.jpg,gw_shop,,,,leagues_of_votann,battalion_leagues_votann,scraped,,,gallery,2026-04-16T22:29:40Z,
scripts/warhammer_com/images/leagues_of_votann/battalion_leagues_votann/clean/99120118027_BattalionLeaguesVotann4.jpg,gw_shop,,,,leagues_of_votann,battalion_leagues_votann,scraped,,,gallery,2026-04-16T22:29:40Z,
scripts/warhammer_com/images/leagues_of_votann/battalion_leagues_votann/clean/99120118027_BattalionLeaguesVotann5.jpg,gw_shop,,,,leagues_of_votann,battalion_leagues_votann,scraped,,,gallery,2026-04-16T22:29:40Z,
scripts/warhammer_com/images/leagues_of_votann/battalion_leagues_votann/clean/99120118027_BattalionLeaguesVotann7.jpg,gw_shop,,,,leagues_of_votann,battalion_leagues_votann,scraped,,,gallery,2026-04-16T22:29:40Z,
scripts/warhammer_com/images/leagues_of_votann/battalion_leagues_votann/clean/99120118027_BattalionLeaguesVotann8.jpg,gw_shop,,,,leagues_of_votann,battalion_leagues_votann,scraped,,,gallery,2026-04-16T22:29:40Z,
scripts/warhammer_com/images/leagues_of_votann/brokhyr_iron_master/clean/99120118010_BrokhyrIronMasterLead.jpg,gw_shop,,,,leagues_of_votann,brokhyr_iron_master,scraped,,,gallery,2026-04-16T22:29:40Z,
scripts/warhammer_com/images/leagues_of_votann/brokhyr_iron_master_feature/clean/99120118010_BrokhyrIronMasterFeature1.jpg,gw_shop,,,,leagues_of_votann,brokhyr_iron_master_feature,scraped,,,gallery,2026-04-16T22:29:40Z,
scripts/warhammer_com/images/leagues_of_votann/brokhyr_iron_master_feature/clean/99120118010_BrokhyrIronMasterFeature2.jpg,gw_shop,,,,leagues_of_votann,brokhyr_iron_master_feature,scraped,,,gallery,2026-04-16T22:29:40Z,
scripts/warhammer_com/images/leagues_of_votann/brokhyr_iron_master_stock/clean/99120118010_BrokhyrIronMasterStock.jpg,gw_shop,,,,leagues_of_votann,brokhyr_iron_master_stock,scraped,,,gallery,2026-04-16T22:29:40Z,
scripts/warhammer_com/images/leagues_of_votann/einhyr_champ/clean/99120118012_EinhyrChampLead.jpg,gw_shop,,,,leagues_of_votann,einhyr_champ,scraped,,,gallery,2026-04-16T22:29:40Z,
scripts/warhammer_com/images/leagues_of_votann/einhyr_champ_alt/clean/99120118012_EinhyrChampAlt.jpg,gw_shop,,,,leagues_of_votann,einhyr_champ_alt,scraped,,,gallery,2026-04-16T22:29:40Z,
scripts/warhammer_com/images/leagues_of_votann/einhyr_champ_feature/clean/99120118012_EinhyrChampFeature.jpg,gw_shop,,,,leagues_of_votann,einhyr_champ_feature,scraped,,,gallery,2026-04-16T22:29:40Z,
scripts/warhammer_com/images/leagues_of_votann/einhyr_champ_stock/clean/99120118012_EinhyrChampStock.jpg,gw_shop,,,,leagues_of_votann,einhyr_champ_stock,scraped,,,gallery,2026-04-16T22:29:40Z,
scripts/warhammer_com/images/leagues_of_votann/eng_kt_termination_group/clean/60010199066_EngKTTerminationGroup02.jpg,gw_shop,,,,leagues_of_votann,eng_kt_termination_group,scraped,,,gallery,2026-04-16T22:29:40Z,
scripts/warhammer_com/images/leagues_of_votann/grymnyr/clean/99120118004_GrymnyrLead.jpg,gw_shop,,,,leagues_of_votann,grymnyr,scraped,,,gallery,2026-04-16T22:29:40Z,
scripts/warhammer_com/images/leagues_of_votann/grymnyr_features/clean/99120118004_GrymnyrFeatures.jpg,gw_shop,,,,leagues_of_votann,grymnyr_features,scraped,,,gallery,2026-04-16T22:29:40Z,
scripts/warhammer_com/images/leagues_of_votann/grymnyr_stock/clean/99120118004_GrymnyrStock.jpg,gw_shop,,,,leagues_of_votann,grymnyr_stock,scraped,,,gallery,2026-04-16T22:29:40Z,
scripts/warhammer_com/images/leagues_of_votann/hernkyn_pioneers/clean/99120118008_HernkynPioneersLead.jpg,gw_shop,,,,leagues_of_votann,hernkyn_pioneers,scraped,,,gallery,2026-04-16T22:29:40Z,
scripts/warhammer_com/images/leagues_of_votann/hernkyn_pioneers/clean/99120118027_HernkynPioneersLead.jpg,gw_shop,,,,leagues_of_votann,hernkyn_pioneers,scraped,,,gallery,2026-04-16T22:29:40Z,
scripts/warhammer_com/images/leagues_of_votann/hernkyn_pioneers_feature/clean/99120118008_HernkynPioneersFeature1.jpg,gw_shop,,,,leagues_of_votann,hernkyn_pioneers_feature,scraped,,,gallery,2026-04-16T22:29:40Z,
scripts/warhammer_com/images/leagues_of_votann/hernkyn_pioneers_feature/clean/99120118008_HernkynPioneersFeature2.jpg,gw_shop,,,,leagues_of_votann,hernkyn_pioneers_feature,scraped,,,gallery,2026-04-16T22:29:40Z,
scripts/warhammer_com/images/leagues_of_votann/hernkyn_pioneers_stock/clean/99120118008_HernkynPioneersStock.jpg,gw_shop,,,,leagues_of_votann,hernkyn_pioneers_stock,scraped,,,gallery,2026-04-16T22:29:40Z,
scripts/warhammer_com/images/leagues_of_votann/hernkyn_pioneers_transfer/clean/99120118008_HernkynPioneersTransfer.jpg,gw_shop,,,,leagues_of_votann,hernkyn_pioneers_transfer,scraped,,,gallery,2026-04-16T22:29:40Z,
scripts/warhammer_com/images/leagues_of_votann/hernkyn_pioneers_transfer/clean/99120118023_HernkynPioneersTransfer.jpg,gw_shop,,,,leagues_of_votann,hernkyn_pioneers_transfer,scraped,,,gallery,2026-04-16T22:29:40Z,
scripts/warhammer_com/images/leagues_of_votann/kharl/clean/99120118011_KharlLead.jpg,gw_shop,,,,leagues_of_votann,kharl,scraped,,,gallery,2026-04-16T22:29:40Z,
scripts/warhammer_com/images/leagues_of_votann/kharl_feature/clean/99120118011_KharlFeature.jpg,gw_shop,,,,leagues_of_votann,kharl_feature,scraped,,,gallery,2026-04-16T22:29:40Z,
scripts/warhammer_com/images/leagues_of_votann/kharl_stock/clean/99120118011_KharlStock.jpg,gw_shop,,,,leagues_of_votann,kharl_stock,scraped,,,gallery,2026-04-16T22:29:40Z,
scripts/warhammer_com/images/leagues_of_votann/kt_hearthkyn_salvagers/clean/99120118023_KTHearthkynSalvagers2.jpg,gw_shop,,,,leagues_of_votann,kt_hearthkyn_salvagers,scraped,,,gallery,2026-04-16T22:29:40Z,
scripts/warhammer_com/images/leagues_of_votann/kt_hearthkyn_salvagers/clean/99120118023_KTHearthkynSalvagers3.jpg,gw_shop,,,,leagues_of_votann,kt_hearthkyn_salvagers,scraped,,,gallery,2026-04-16T22:29:40Z,
scripts/warhammer_com/images/leagues_of_votann/kt_hearthkyn_salvagers/clean/99120118023_KTHearthkynSalvagers4.jpg,gw_shop,,,,leagues_of_votann,kt_hearthkyn_salvagers,scraped,,,gallery,2026-04-16T22:29:40Z,
scripts/warhammer_com/images/leagues_of_votann/kt_hearthkyn_salvagers/clean/99120118023_KTHearthkynSalvagers5.jpg,gw_shop,,,,leagues_of_votann,kt_hearthkyn_salvagers,scraped,,,gallery,2026-04-16T22:29:40Z,
scripts/warhammer_com/images/leagues_of_votann/kt_hearthkyn_salvagers/clean/99120118023_KTHearthkynSalvagers6.jpg,gw_shop,,,,leagues_of_votann,kt_hearthkyn_salvagers,scraped,,,gallery,2026-04-16T22:29:40Z,
scripts/warhammer_com/images/leagues_of_votann/kt_hernkyn_yaegirs/clean/99120118018_KTHernkynYaegirs2.jpg,gw_shop,,,,leagues_of_votann,kt_hernkyn_yaegirs,scraped,,,gallery,2026-04-16T22:29:40Z,
scripts/warhammer_com/images/leagues_of_votann/kt_hernkyn_yaegirs/clean/99120118018_KTHernkynYaegirs4.jpg,gw_shop,,,,leagues_of_votann,kt_hernkyn_yaegirs,scraped,,,gallery,2026-04-16T22:29:40Z,
scripts/warhammer_com/images/leagues_of_votann/kt_hernkyn_yaegirs/clean/99120118018_KTHernkynYaegirs5.jpg,gw_shop,,,,leagues_of_votann,kt_hernkyn_yaegirs,scraped,,,gallery,2026-04-16T22:29:40Z,
scripts/warhammer_com/images/leagues_of_votann/land_fortress/clean/99120118006_LandFortressLead.jpg,gw_shop,,,,leagues_of_votann,land_fortress,scraped,,,gallery,2026-04-16T22:29:40Z,
scripts/warhammer_com/images/leagues_of_votann/land_fortress_feature/clean/99120118006_LandFortressFeature1.jpg,gw_shop,,,,leagues_of_votann,land_fortress_feature,scraped,,,gallery,2026-04-16T22:29:40Z,
scripts/warhammer_com/images/leagues_of_votann/land_fortress_feature/clean/99120118006_LandFortressFeature2.jpg,gw_shop,,,,leagues_of_votann,land_fortress_feature,scraped,,,gallery,2026-04-16T22:29:40Z,
scripts/warhammer_com/images/leagues_of_votann/land_fortress_feature/clean/99120118006_LandFortressFeature3.jpg,gw_shop,,,,leagues_of_votann,land_fortress_feature,scraped,,,gallery,2026-04-16T22:29:40Z,
scripts/warhammer_com/images/leagues_of_votann/land_fortress_stock/clean/99120118006_LandFortressStock.jpg,gw_shop,,,,leagues_of_votann,land_fortress_stock,scraped,,,gallery,2026-04-16T22:29:40Z,
scripts/warhammer_com/images/leagues_of_votann/lo_v_brokhyr_thunderkyn/clean/99120118005_LoVBrokhyrThunderkynLead.jpg,gw_shop,,,,leagues_of_votann,lo_v_brokhyr_thunderkyn,scraped,,,gallery,2026-04-16T22:29:40Z,
scripts/warhammer_com/images/leagues_of_votann/lo_v_brokhyr_thunderkyn_feature/clean/99120118005_LoVBrokhyrThunderkynFeature.jpg,gw_shop,,,,leagues_of_votann,lo_v_brokhyr_thunderkyn_feature,scraped,,,gallery,2026-04-16T22:29:40Z,
scripts/warhammer_com/images/leagues_of_votann/lo_v_brokhyr_thunderkyn_stock/clean/99120118005_LoVBrokhyrThunderkynStock.jpg,gw_shop,,,,leagues_of_votann,lo_v_brokhyr_thunderkyn_stock,scraped,,,gallery,2026-04-16T22:29:40Z,
scripts/warhammer_com/images/leagues_of_votann/lo_v_cthonian_beserks/clean/99120118002_LoVCthonianBeserksLead.jpg,gw_shop,,,,leagues_of_votann,lo_v_cthonian_beserks,scraped,,,gallery,2026-04-16T22:29:40Z,
scripts/warhammer_com/images/leagues_of_votann/lo_v_cthonian_beserks_features/clean/99120118002_LoVCthonianBeserksFeatures01.jpg,gw_shop,,,,leagues_of_votann,lo_v_cthonian_beserks_features,scraped,,,gallery,2026-04-16T22:29:40Z,
scripts/warhammer_com/images/leagues_of_votann/lo_v_cthonian_beserks_features/clean/99120118002_LoVCthonianBeserksFeatures02.jpg,gw_shop,,,,leagues_of_votann,lo_v_cthonian_beserks_features,scraped,,,gallery,2026-04-16T22:29:40Z,
scripts/warhammer_com/images/leagues_of_votann/lo_v_cthonian_beserks_stock/clean/99120118002_LoVCthonianBeserksStock.jpg,gw_shop,,,,leagues_of_votann,lo_v_cthonian_beserks_stock,scraped,,,gallery,2026-04-16T22:29:40Z,
scripts/warhammer_com/images/leagues_of_votann/lo_v_einhyr_hg/clean/99120118001_LoVEinhyrHGLead.jpg,gw_shop,,,,leagues_of_votann,lo_v_einhyr_hg,scraped,,,gallery,2026-04-16T22:29:40Z,
scripts/warhammer_com/images/leagues_of_votann/lo_v_einhyr_hg_feature/clean/99120118001_LoVEinhyrHGFeature.jpg,gw_shop,,,,leagues_of_votann,lo_v_einhyr_hg_feature,scraped,,,gallery,2026-04-16T22:29:40Z,
scripts/warhammer_com/images/leagues_of_votann/lo_v_einhyr_hg_stock/clean/99120118001_LoVEinhyrHGStock.jpg,gw_shop,,,,leagues_of_votann,lo_v_einhyr_hg_stock,scraped,,,gallery,2026-04-16T22:29:40Z,
scripts/warhammer_com/images/leagues_of_votann/lo_v_hearthkyn_warriors/clean/99120118007_LoVHearthkynWarriorsLead.jpg,gw_shop,,,,leagues_of_votann,lo_v_hearthkyn_warriors,scraped,,,gallery,2026-04-16T22:29:40Z,
scripts/warhammer_com/images/leagues_of_votann/lo_v_hearthkyn_warriors_feature/clean/99120118007_LoVHearthkynWarriorsFeature01.jpg,gw_shop,,,,leagues_of_votann,lo_v_hearthkyn_warriors_feature,scraped,,,gallery,2026-04-16T22:29:40Z,
scripts/warhammer_com/images/leagues_of_votann/lo_v_hearthkyn_warriors_feature/clean/99120118007_LoVHearthkynWarriorsFeature02.jpg,gw_shop,,,,leagues_of_votann,lo_v_hearthkyn_warriors_feature,scraped,,,gallery,2026-04-16T22:29:40Z,
scripts/warhammer_com/images/leagues_of_votann/lo_v_hearthkyn_warriors_stock/clean/99120118007_LoVHearthkynWarriorsStock.jpg,gw_shop,,,,leagues_of_votann,lo_v_hearthkyn_warriors_stock,scraped,,,gallery,2026-04-16T22:29:40Z,
scripts/warhammer_com/images/leagues_of_votann/lo_v_sagitar/clean/99120118003_LoVSagitarLead.jpg,gw_shop,,,,leagues_of_votann,lo_v_sagitar,scraped,,,gallery,2026-04-16T22:29:40Z,
scripts/warhammer_com/images/leagues_of_votann/lo_v_sagitar_feature/clean/99120118003_LoVSagitarFeature.jpg,gw_shop,,,,leagues_of_votann,lo_v_sagitar_feature,scraped,,,gallery,2026-04-16T22:29:40Z,
scripts/warhammer_com/images/leagues_of_votann/lo_v_sagitar_feature/clean/99120118003_LoVSagitarFeature02.jpg,gw_shop,,,,leagues_of_votann,lo_v_sagitar_feature,scraped,,,gallery,2026-04-16T22:29:40Z,
scripts/warhammer_com/images/leagues_of_votann/lo_v_sagitar_scale/clean/99120118003_LoVSagitarScale.jpg,gw_shop,,,,leagues_of_votann,lo_v_sagitar_scale,scraped,,,gallery,2026-04-16T22:29:40Z,
scripts/warhammer_com/images/leagues_of_votann/lo_v_sagitar_stock/clean/99120118003_LoVSagitarStock.jpg,gw_shop,,,,leagues_of_votann,lo_v_sagitar_stock,scraped,,,gallery,2026-04-16T22:29:40Z,
scripts/warhammer_com/images/leagues_of_votann/lov_arkanyst_evaluator/clean/99120118025_LOVArkanystEvaluator01.jpg,gw_shop,,,,leagues_of_votann,lov_arkanyst_evaluator,scraped,,,gallery,2026-04-16T22:29:40Z,
scripts/warhammer_com/images/leagues_of_votann/lov_arkanyst_evaluator/clean/99120118025_LOVArkanystEvaluator02.jpg,gw_shop,,,,leagues_of_votann,lov_arkanyst_evaluator,scraped,,,gallery,2026-04-16T22:29:40Z,
scripts/warhammer_com/images/leagues_of_votann/lov_arkanyst_evaluator/clean/99120118025_LOVArkanystEvaluator04.jpg,gw_shop,,,,leagues_of_votann,lov_arkanyst_evaluator,scraped,,,gallery,2026-04-16T22:29:40Z,
scripts/warhammer_com/images/leagues_of_votann/lov_berehk_stornbrow/clean/99120118028_LOVBerehkStornbrow01.jpg,gw_shop,,,,leagues_of_votann,lov_berehk_stornbrow,scraped,,,gallery,2026-04-16T22:29:40Z,
scripts/warhammer_com/images/leagues_of_votann/lov_berehk_stornbrow/clean/99120118028_LOVBerehkStornbrow02.jpg,gw_shop,,,,leagues_of_votann,lov_berehk_stornbrow,scraped,,,gallery,2026-04-16T22:29:40Z,
scripts/warhammer_com/images/leagues_of_votann/lov_berehk_stornbrow/clean/99120118028_LOVBerehkStornbrow03.jpg,gw_shop,,,,leagues_of_votann,lov_berehk_stornbrow,scraped,,,gallery,2026-04-16T22:29:40Z,
scripts/warhammer_com/images/leagues_of_votann/lov_berehk_stornbrow/clean/99120118028_LOVBerehkStornbrow04.jpg,gw_shop,,,,leagues_of_votann,lov_berehk_stornbrow,scraped,,,gallery,2026-04-16T22:29:40Z,
scripts/warhammer_com/images/leagues_of_votann/lov_buri_aegnirssen/clean/99120118019_LOVBuriAegnirssen01.jpg,gw_shop,,,,leagues_of_votann,lov_buri_aegnirssen,scraped,,,gallery,2026-04-16T22:29:40Z,
scripts/warhammer_com/images/leagues_of_votann/lov_buri_aegnirssen/clean/99120118019_LOVBuriAegnirssen02.jpg,gw_shop,,,,leagues_of_votann,lov_buri_aegnirssen,scraped,,,gallery,2026-04-16T22:29:40Z,
scripts/warhammer_com/images/leagues_of_votann/lov_buri_aegnirssen/clean/99120118019_LOVBuriAegnirssen04.jpg,gw_shop,,,,leagues_of_votann,lov_buri_aegnirssen,scraped,,,gallery,2026-04-16T22:29:40Z,
scripts/warhammer_com/images/leagues_of_votann/lov_combat_patrol/clean/99120118024_LOVCombatPatrol01.jpg,gw_shop,,,,leagues_of_votann,lov_combat_patrol,scraped,,,gallery,2026-04-16T22:29:40Z,
scripts/warhammer_com/images/leagues_of_votann/lov_combat_patrol/clean/99120118024_LOVCombatPatrol02.jpg,gw_shop,,,,leagues_of_votann,lov_combat_patrol,scraped,,,gallery,2026-04-16T22:29:40Z,
scripts/warhammer_com/images/leagues_of_votann/lov_combat_patrol/clean/99120118024_LOVCombatPatrol04.jpg,gw_shop,,,,leagues_of_votann,lov_combat_patrol,scraped,,,gallery,2026-04-16T22:29:40Z,
scripts/warhammer_com/images/leagues_of_votann/lov_combat_patrol/clean/99120118024_LOVCombatPatrol05.jpg,gw_shop,,,,leagues_of_votann,lov_combat_patrol,scraped,,,gallery,2026-04-16T22:29:40Z,
scripts/warhammer_com/images/leagues_of_votann/lov_combat_patrol/clean/99120118024_LOVCombatPatrol06.jpg,gw_shop,,,,leagues_of_votann,lov_combat_patrol,scraped,,,gallery,2026-04-16T22:29:40Z,
scripts/warhammer_com/images/leagues_of_votann/lov_combat_patrol/clean/99120118024_LOVCombatPatrol07.jpg,gw_shop,,,,leagues_of_votann,lov_combat_patrol,scraped,,,gallery,2026-04-16T22:29:40Z,
scripts/warhammer_com/images/leagues_of_votann/lov_cthonian_earthshakers/clean/99120118021_LovCthonianEarthshakers01.jpg,gw_shop,,,,leagues_of_votann,lov_cthonian_earthshakers,scraped,,,gallery,2026-04-16T22:29:40Z,
scripts/warhammer_com/images/leagues_of_votann/lov_cthonian_earthshakers/clean/99120118021_LovCthonianEarthshakers02.jpg,gw_shop,,,,leagues_of_votann,lov_cthonian_earthshakers,scraped,,,gallery,2026-04-16T22:29:40Z,
scripts/warhammer_com/images/leagues_of_votann/lov_cthonian_earthshakers/clean/99120118021_LovCthonianEarthshakers06.jpg,gw_shop,,,,leagues_of_votann,lov_cthonian_earthshakers,scraped,,,gallery,2026-04-16T22:29:40Z,
scripts/warhammer_com/images/leagues_of_votann/lov_ironkin_steeljacks/clean/99120118020_LOVIronkinSteeljacks01.jpg,gw_shop,,,,leagues_of_votann,lov_ironkin_steeljacks,scraped,,,gallery,2026-04-16T22:29:40Z,
scripts/warhammer_com/images/leagues_of_votann/lov_ironkin_steeljacks/clean/99120118020_LOVIronkinSteeljacks02.jpg,gw_shop,,,,leagues_of_votann,lov_ironkin_steeljacks,scraped,,,gallery,2026-04-16T22:29:40Z,
scripts/warhammer_com/images/leagues_of_votann/lov_ironkin_steeljacks/clean/99120118020_LOVIronkinSteeljacks03.jpg,gw_shop,,,,leagues_of_votann,lov_ironkin_steeljacks,scraped,,,gallery,2026-04-16T22:29:40Z,
scripts/warhammer_com/images/leagues_of_votann/lov_ironkin_steeljacks/clean/99120118020_LOVIronkinSteeljacks04.jpg,gw_shop,,,,leagues_of_votann,lov_ironkin_steeljacks,scraped,,,gallery,2026-04-16T22:29:40Z,
scripts/warhammer_com/images/leagues_of_votann/lov_ironkin_steeljacks/clean/99120118020_LOVIronkinSteeljacks08.jpg,gw_shop,,,,leagues_of_votann,lov_ironkin_steeljacks,scraped,,,gallery,2026-04-16T22:29:40Z,
scripts/warhammer_com/images/leagues_of_votann/lov_ironkin_steeljacks/clean/99120118027_LOVIronkinSteeljacks01.jpg,gw_shop,,,,leagues_of_votann,lov_ironkin_steeljacks,scraped,,,gallery,2026-04-16T22:29:40Z,
scripts/warhammer_com/images/leagues_of_votann/lov_ironkin_steeljacks/clean/99120118027_LOVIronkinSteeljacks02.jpg,gw_shop,,,,leagues_of_votann,lov_ironkin_steeljacks,scraped,,,gallery,2026-04-16T22:29:40Z,
scripts/warhammer_com/images/leagues_of_votann/lov_kapricus/clean/99120118022_LOVKapricus01.jpg,gw_shop,,,,leagues_of_votann,lov_kapricus,scraped,,,gallery,2026-04-16T22:29:40Z,
scripts/warhammer_com/images/leagues_of_votann/lov_kapricus/clean/99120118022_LOVKapricus02.jpg,gw_shop,,,,leagues_of_votann,lov_kapricus,scraped,,,gallery,2026-04-16T22:29:40Z,
scripts/warhammer_com/images/leagues_of_votann/lov_kapricus/clean/99120118022_LOVKapricus03.jpg,gw_shop,,,,leagues_of_votann,lov_kapricus,scraped,,,gallery,2026-04-16T22:29:40Z,
scripts/warhammer_com/images/leagues_of_votann/lov_kapricus/clean/99120118022_LOVKapricus06.jpg,gw_shop,,,,leagues_of_votann,lov_kapricus,scraped,,,gallery,2026-04-16T22:29:40Z,
scripts/warhammer_com/images/leagues_of_votann/lov_memnyr_strategist/clean/99120118026_LOVMemnyrStrategist01.jpg,gw_shop,,,,leagues_of_votann,lov_memnyr_strategist,scraped,,,gallery,2026-04-16T22:29:40Z,
scripts/warhammer_com/images/leagues_of_votann/lov_memnyr_strategist/clean/99120118026_LOVMemnyrStrategist02.jpg,gw_shop,,,,leagues_of_votann,lov_memnyr_strategist,scraped,,,gallery,2026-04-16T22:29:40Z,
scripts/warhammer_com/images/leagues_of_votann/lov_memnyr_strategist/clean/99120118026_LOVMemnyrStrategist04.jpg,gw_shop,,,,leagues_of_votann,lov_memnyr_strategist,scraped,,,gallery,2026-04-16T22:29:40Z,
scripts/warhammer_com/images/leagues_of_votann/lov_memnyr_strategist/clean/99120118027_LOVMemnyrStrategist01.jpg,gw_shop,,,,leagues_of_votann,lov_memnyr_strategist,scraped,,,gallery,2026-04-16T22:29:40Z,
scripts/warhammer_com/images/leagues_of_votann/uthar_destined/clean/99120118011_UtharDestinedLead.jpg,gw_shop,,,,leagues_of_votann,uthar_destined,scraped,,,gallery,2026-04-16T22:29:40Z,
scripts/warhammer_com/images/leagues_of_votann/uthar_destined_feature/clean/99120118011_UtharDestinedFeature.jpg,gw_shop,,,,leagues_of_votann,uthar_destined_feature,scraped,,,gallery,2026-04-16T22:29:40Z,
scripts/warhammer_com/images/necrons/annihilation_barge_new/clean/99120110013_AnnihilationBargeNEW02.jpg,gw_shop,,,,necrons,annihilation_barge_new,scraped,,,gallery,2026-04-16T22:29:40Z,
scripts/warhammer_com/images/necrons/annihilation_barge_new/clean/99120110013_AnnihilationBargeNEW03.jpg,gw_shop,,,,necrons,annihilation_barge_new,scraped,,,gallery,2026-04-16T22:29:40Z,
scripts/warhammer_com/images/necrons/c_tan_shardofthe_void_dragon/clean/99120110054_CTanShardoftheVoidDragonLead.jpg,gw_shop,,,,necrons,c_tan_shardofthe_void_dragon,scraped,,,gallery,2026-04-16T22:29:40Z,
scripts/warhammer_com/images/necrons/c_tan_shardofthe_void_dragon_context/clean/99120110054_CTanShardoftheVoidDragonContext.jpg,gw_shop,,,,necrons,c_tan_shardofthe_void_dragon_context,scraped,,,gallery,2026-04-16T22:29:40Z,
scripts/warhammer_com/images/necrons/c_tan_shardofthe_void_dragon_feature/clean/99120110054_CTanShardoftheVoidDragonFeature.jpg,gw_shop,,,,necrons,c_tan_shardofthe_void_dragon_feature,scraped,,,gallery,2026-04-16T22:29:40Z,
scripts/warhammer_com/images/necrons/c_tan_shardofthe_void_dragon_stock/clean/99120110054_CTanShardoftheVoidDragonStock.jpg,gw_shop,,,,necrons,c_tan_shardofthe_void_dragon_stock,scraped,,,gallery,2026-04-16T22:29:40Z,
scripts/warhammer_com/images/necrons/canoptek_doomstalker/clean/99120110045_CanoptekDoomstalkerLead.jpg,gw_shop,,,,necrons,canoptek_doomstalker,scraped,,,gallery,2026-04-16T22:29:40Z,
scripts/warhammer_com/images/necrons/canoptek_doomstalker_feature/clean/99120110045_CanoptekDoomstalkerFeature01.jpg,gw_shop,,,,necrons,canoptek_doomstalker_feature,scraped,,,gallery,2026-04-16T22:29:40Z,
scripts/warhammer_com/images/necrons/canoptek_doomstalker_stock/clean/99120110045_CanoptekDoomstalkerStock.jpg,gw_shop,,,,necrons,canoptek_doomstalker_stock,scraped,,,gallery,2026-04-16T22:29:40Z,
scripts/warhammer_com/images/necrons/canoptek_spyder/clean/99120110061_CanoptekSpyderLead.jpg,gw_shop,,,,necrons,canoptek_spyder,scraped,,,gallery,2026-04-16T22:29:40Z,
scripts/warhammer_com/images/necrons/canoptek_spyder_context/clean/99120110061_CanoptekSpyderContext.jpg,gw_shop,,,,necrons,canoptek_spyder_context,scraped,,,gallery,2026-04-16T22:29:40Z,
scripts/warhammer_com/images/necrons/canoptek_spyder_feature/clean/99120110061_CanoptekSpyderFeature.jpg,gw_shop,,,,necrons,canoptek_spyder_feature,scraped,,,gallery,2026-04-16T22:29:40Z,
scripts/warhammer_com/images/necrons/canoptek_spyder_stock/clean/99120110061_CanoptekSpyderStock.jpg,gw_shop,,,,necrons,canoptek_spyder_stock,scraped,,,gallery,2026-04-16T22:29:40Z,
scripts/warhammer_com/images/necrons/catacomb_annihilation_barge_feature/clean/99120110064_CatacombAnnihilationBargeFeature.jpg,gw_shop,,,,necrons,catacomb_annihilation_barge_feature,scraped,,,gallery,2026-04-16T22:29:40Z,
scripts/warhammer_com/images/necrons/catacomb_barge_new/clean/99120110013_CatacombBargeNEW01.jpg,gw_shop,,,,necrons,catacomb_barge_new,scraped,,,gallery,2026-04-16T22:29:40Z,
scripts/warhammer_com/images/necrons/catacomb_barge_new/clean/99120110013_CatacombBargeNEW02.jpg,gw_shop,,,,necrons,catacomb_barge_new,scraped,,,gallery,2026-04-16T22:29:40Z,
scripts/warhammer_com/images/necrons/catacomb_barge_new/clean/99120110013_CatacombBargeNEW03.jpg,gw_shop,,,,necrons,catacomb_barge_new,scraped,,,gallery,2026-04-16T22:29:40Z,
scripts/warhammer_com/images/necrons/catacomb_command_barge_feature/clean/99120110064_CatacombCommandBargeFeature.jpg,gw_shop,,,,necrons,catacomb_command_barge_feature,scraped,,,gallery,2026-04-16T22:29:40Z,
scripts/warhammer_com/images/necrons/catacomb_command_barge_stock/clean/99120110064_CatacombCommandBargeStock.jpg,gw_shop,,,,necrons,catacomb_command_barge_stock,scraped,,,gallery,2026-04-16T22:29:40Z,
scripts/warhammer_com/images/necrons/convergenceof_dominion/clean/99120110066_ConvergenceofDominionLead.jpg,gw_shop,,,,necrons,convergenceof_dominion,scraped,,,gallery,2026-04-16T22:29:40Z,
scripts/warhammer_com/images/necrons/convergenceof_dominion_feature/clean/99120110066_ConvergenceofDominionFeature.jpg,gw_shop,,,,necrons,convergenceof_dominion_feature,scraped,,,gallery,2026-04-16T22:29:40Z,
scripts/warhammer_com/images/necrons/doom_and_night_scythe_stock/clean/99120110065_DoomAndNightScytheStock.jpg,gw_shop,,,,necrons,doom_and_night_scythe_stock,scraped,,,gallery,2026-04-16T22:29:40Z,
scripts/warhammer_com/images/necrons/doom_scythe_feature/clean/99120110065_DoomScytheFeature.jpg,gw_shop,,,,necrons,doom_scythe_feature,scraped,,,gallery,2026-04-16T22:29:40Z,
scripts/warhammer_com/images/necrons/doomsday_ark_new/clean/99120110014_DoomsdayArkNEW03.jpg,gw_shop,,,,necrons,doomsday_ark_new,scraped,,,gallery,2026-04-16T22:29:40Z,
scripts/warhammer_com/images/necrons/eng_indomitus_feature/clean/60010199030_ENGIndomitusFeature06.jpg,gw_shop,,,,necrons,eng_indomitus_feature,scraped,,,gallery,2026-04-16T22:29:40Z,
scripts/warhammer_com/images/necrons/eng_indomitus_feature/clean/60010199030_ENGIndomitusFeature07.jpg,gw_shop,,,,necrons,eng_indomitus_feature,scraped,,,gallery,2026-04-16T22:29:40Z,
scripts/warhammer_com/images/necrons/ghost_ark_new/clean/99120110014_GhostArkNEW01.jpg,gw_shop,,,,necrons,ghost_ark_new,scraped,,,gallery,2026-04-16T22:29:40Z,
scripts/warhammer_com/images/necrons/ghost_ark_new/clean/99120110014_GhostArkNEW02.jpg,gw_shop,,,,necrons,ghost_ark_new,scraped,,,gallery,2026-04-16T22:29:40Z,
scripts/warhammer_com/images/necrons/ghost_ark_new/clean/99120110014_GhostArkNEW03.jpg,gw_shop,,,,necrons,ghost_ark_new,scraped,,,gallery,2026-04-16T22:29:40Z,
scripts/warhammer_com/images/necrons/hexmark_destroyer/clean/99120110048_HexmarkDestroyerLead.jpg,gw_shop,,,,necrons,hexmark_destroyer,scraped,,,gallery,2026-04-16T22:29:40Z,
scripts/warhammer_com/images/necrons/hexmark_destroyer_feature/clean/99120110048_HexmarkDestroyerFeature.jpg,gw_shop,,,,necrons,hexmark_destroyer_feature,scraped,,,gallery,2026-04-16T22:29:40Z,
scripts/warhammer_com/images/necrons/hexmark_destroyer_stock/clean/99120110048_HexmarkDestroyerStock.jpg,gw_shop,,,,necrons,hexmark_destroyer_stock,scraped,,,gallery,2026-04-16T22:29:40Z,
scripts/warhammer_com/images/necrons/hierotek_circle/clean/99120110084_HierotekCircle3.jpg,gw_shop,,,,necrons,hierotek_circle,scraped,,,gallery,2026-04-16T22:29:40Z,
scripts/warhammer_com/images/necrons/hierotek_circle/clean/99120110084_HierotekCircle4.jpg,gw_shop,,,,necrons,hierotek_circle,scraped,,,gallery,2026-04-16T22:29:40Z,
scripts/warhammer_com/images/necrons/hierotek_circle/clean/99120110084_HierotekCircle5.jpg,gw_shop,,,,necrons,hierotek_circle,scraped,,,gallery,2026-04-16T22:29:40Z,
scripts/warhammer_com/images/necrons/hierotek_circle/clean/99120110084_HierotekCircle6.jpg,gw_shop,,,,necrons,hierotek_circle,scraped,,,gallery,2026-04-16T22:29:40Z,
scripts/warhammer_com/images/necrons/illuminor_szeras/clean/99120110049_IlluminorSzerasLead.jpg,gw_shop,,,,necrons,illuminor_szeras,scraped,,,gallery,2026-04-16T22:29:40Z,
scripts/warhammer_com/images/necrons/illuminor_szeras_feature/clean/99120110049_IlluminorSzerasFeature01.jpg,gw_shop,,,,necrons,illuminor_szeras_feature,scraped,,,gallery,2026-04-16T22:29:40Z,
scripts/warhammer_com/images/necrons/illuminor_szeras_feature/clean/99120110049_IlluminorSzerasFeature02.jpg,gw_shop,,,,necrons,illuminor_szeras_feature,scraped,,,gallery,2026-04-16T22:29:40Z,
scripts/warhammer_com/images/necrons/illuminor_szeras_stock/clean/99120110049_IlluminorSzerasStock.jpg,gw_shop,,,,necrons,illuminor_szeras_stock,scraped,,,gallery,2026-04-16T22:29:40Z,
scripts/warhammer_com/images/necrons/kt_canoptek_circle/clean/99120110086_KTCanoptekCircle02.jpg,gw_shop,,,,necrons,kt_canoptek_circle,scraped,,,gallery,2026-04-16T22:29:40Z,
scripts/warhammer_com/images/necrons/kt_canoptek_circle/clean/99120110086_KTCanoptekCircle03.jpg,gw_shop,,,,necrons,kt_canoptek_circle,scraped,,,gallery,2026-04-16T22:29:40Z,
scripts/warhammer_com/images/necrons/kt_canoptek_circle/clean/99120110086_KTCanoptekCircle04.jpg,gw_shop,,,,necrons,kt_canoptek_circle,scraped,,,gallery,2026-04-16T22:29:40Z,
scripts/warhammer_com/images/necrons/kt_canoptek_circle/clean/99120110086_KTCanoptekCircle08.jpg,gw_shop,,,,necrons,kt_canoptek_circle,scraped,,,gallery,2026-04-16T22:29:40Z,
scripts/warhammer_com/images/necrons/lokhust_heavy_destroyer/clean/99120110044_LokhustHeavyDestroyerLead.jpg,gw_shop,,,,necrons,lokhust_heavy_destroyer,scraped,,,gallery,2026-04-16T22:29:40Z,
scripts/warhammer_com/images/necrons/lokhust_heavy_destroyer_feature/clean/99120110044_LokhustHeavyDestroyerFeature01.jpg,gw_shop,,,,necrons,lokhust_heavy_destroyer_feature,scraped,,,gallery,2026-04-16T22:29:40Z,
scripts/warhammer_com/images/necrons/lokhust_heavy_destroyer_feature/clean/99120110044_LokhustHeavyDestroyerFeature02.jpg,gw_shop,,,,necrons,lokhust_heavy_destroyer_feature,scraped,,,gallery,2026-04-16T22:29:40Z,
scripts/warhammer_com/images/necrons/lokhust_heavy_destroyer_stock/clean/99120110044_LokhustHeavyDestroyerStock.jpg,gw_shop,,,,necrons,lokhust_heavy_destroyer_stock,scraped,,,gallery,2026-04-16T22:29:40Z,
scripts/warhammer_com/images/necrons/lychguard_new/clean/99120110012_LychguardNEW01.jpg,gw_shop,,,,necrons,lychguard_new,scraped,,,gallery,2026-04-16T22:29:40Z,
scripts/warhammer_com/images/necrons/lychguard_new/clean/99120110012_LychguardNEW02.jpg,gw_shop,,,,necrons,lychguard_new,scraped,,,gallery,2026-04-16T22:29:40Z,
scripts/warhammer_com/images/necrons/lychguard_new/clean/99120110012_LychguardNEW03.jpg,gw_shop,,,,necrons,lychguard_new,scraped,,,gallery,2026-04-16T22:29:40Z,
scripts/warhammer_com/images/necrons/lychguard_new/clean/99120110012_LychguardNEW04.jpg,gw_shop,,,,necrons,lychguard_new,scraped,,,gallery,2026-04-16T22:29:40Z,
scripts/warhammer_com/images/necrons/nec_canoptek_wraiths_feature/clean/99120110060_NECCanoptekWraithsFeature.jpg,gw_shop,,,,necrons,nec_canoptek_wraiths_feature,scraped,,,gallery,2026-04-16T22:29:40Z,
scripts/warhammer_com/images/necrons/nec_canoptek_wraiths_stock/clean/99120110060_NECCanoptekWraithsStock.jpg,gw_shop,,,,necrons,nec_canoptek_wraiths_stock,scraped,,,gallery,2026-04-16T22:29:40Z,
scripts/warhammer_com/images/necrons/nec_chronomancer/clean/99070110003_NECChronomancerLead.jpg,gw_shop,,,,necrons,nec_chronomancer,scraped,,,gallery,2026-04-16T22:29:40Z,
scripts/warhammer_com/images/necrons/nec_chronomancer_feature/clean/99070110003_NECChronomancerFeature01.jpg,gw_shop,,,,necrons,nec_chronomancer_feature,scraped,,,gallery,2026-04-16T22:29:40Z,
scripts/warhammer_com/images/necrons/nec_chronomancer_stock/clean/99070110003_NECChronomancerStock.jpg,gw_shop,,,,necrons,nec_chronomancer_stock,scraped,,,gallery,2026-04-16T22:29:40Z,
scripts/warhammer_com/images/necrons/nec_cryptek/clean/99070110005_NECCryptekLead.jpg,gw_shop,,,,necrons,nec_cryptek,scraped,,,gallery,2026-04-16T22:29:40Z,
scripts/warhammer_com/images/necrons/nec_cryptek_feature/clean/99070110005_NECCryptekFeature.jpg,gw_shop,,,,necrons,nec_cryptek_feature,scraped,,,gallery,2026-04-16T22:29:40Z,
scripts/warhammer_com/images/necrons/nec_cryptek_stock/clean/99070110005_NECCryptekStock.jpg,gw_shop,,,,necrons,nec_cryptek_stock,scraped,,,gallery,2026-04-16T22:29:40Z,
scripts/warhammer_com/images/necrons/nec_doomsday_ark_feature/clean/99120110063_NECDoomsdayArkFeature.jpg,gw_shop,,,,necrons,nec_doomsday_ark_feature,scraped,,,gallery,2026-04-16T22:29:40Z,
scripts/warhammer_com/images/necrons/nec_flayed_ones_feature/clean/99120110056_NECFlayedOnesFeature.jpg,gw_shop,,,,necrons,nec_flayed_ones_feature,scraped,,,gallery,2026-04-16T22:29:40Z,
scripts/warhammer_com/images/necrons/nec_flayed_ones_stock/clean/99120110056_NECFlayedOnesStock.jpg,gw_shop,,,,necrons,nec_flayed_ones_stock,scraped,,,gallery,2026-04-16T22:29:40Z,
scripts/warhammer_com/images/necrons/nec_ghost_ark_doomsday_ark_stock/clean/99120110063_NECGhostArkDoomsdayArkStock.jpg,gw_shop,,,,necrons,nec_ghost_ark_doomsday_ark_stock,scraped,,,gallery,2026-04-16T22:29:40Z,
scripts/warhammer_com/images/necrons/nec_ghost_ark_feature/clean/99120110063_NECGhostArkFeature.jpg,gw_shop,,,,necrons,nec_ghost_ark_feature,scraped,,,gallery,2026-04-16T22:29:40Z,
scripts/warhammer_com/images/necrons/nec_immortals_feature/clean/99120110057_NECImmortalsFeature1.jpg,gw_shop,,,,necrons,nec_immortals_feature,scraped,,,gallery,2026-04-16T22:29:40Z,
scripts/warhammer_com/images/necrons/nec_immortals_feature/clean/99120110057_NECImmortalsFeature3.jpg,gw_shop,,,,necrons,nec_immortals_feature,scraped,,,gallery,2026-04-16T22:29:40Z,
scripts/warhammer_com/images/necrons/nec_immortals_group/clean/99120110057_NECImmortalsGroup1.jpg,gw_shop,,,,necrons,nec_immortals_group,scraped,,,gallery,2026-04-16T22:29:40Z,
scripts/warhammer_com/images/necrons/nec_immortals_stock/clean/99120110057_NECImmortalsStock.jpg,gw_shop,,,,necrons,nec_immortals_stock,scraped,,,gallery,2026-04-16T22:29:40Z,
scripts/warhammer_com/images/necrons/nec_imotekh_the_stormlord/clean/99120110078_NECImotekhTheStormlord01.jpg,gw_shop,,,,necrons,nec_imotekh_the_stormlord,scraped,,,gallery,2026-04-16T22:29:40Z,
scripts/warhammer_com/images/necrons/nec_imotekh_the_stormlord/clean/99120110078_NECImotekhTheStormlord02.jpg,gw_shop,,,,necrons,nec_imotekh_the_stormlord,scraped,,,gallery,2026-04-16T22:29:40Z,
scripts/warhammer_com/images/necrons/nec_imotekh_the_stormlord/clean/99120110078_NECImotekhTheStormlord03.jpg,gw_shop,,,,necrons,nec_imotekh_the_stormlord,scraped,,,gallery,2026-04-16T22:29:40Z,
scripts/warhammer_com/images/necrons/nec_imotekh_the_stormlord/clean/99120110078_NECImotekhTheStormlord04.jpg,gw_shop,,,,necrons,nec_imotekh_the_stormlord,scraped,,,gallery,2026-04-16T22:29:40Z,
scripts/warhammer_com/images/necrons/nec_imotekh_the_stormlord/clean/99120110078_NECImotekhTheStormlord06.jpg,gw_shop,,,,necrons,nec_imotekh_the_stormlord,scraped,,,gallery,2026-04-16T22:29:40Z,
scripts/warhammer_com/images/necrons/nec_monolith/clean/99120110043_NECMonolithLead.jpg,gw_shop,,,,necrons,nec_monolith,scraped,,,gallery,2026-04-16T22:29:40Z,
scripts/warhammer_com/images/necrons/nec_monolith_feature/clean/99120110043_NECMonolithFeature01.jpg,gw_shop,,,,necrons,nec_monolith_feature,scraped,,,gallery,2026-04-16T22:29:40Z,
scripts/warhammer_com/images/necrons/nec_monolith_feature/clean/99120110043_NECMonolithFeature02.jpg,gw_shop,,,,necrons,nec_monolith_feature,scraped,,,gallery,2026-04-16T22:29:40Z,
scripts/warhammer_com/images/necrons/nec_monolith_stock/clean/99120110043_NECMonolithStock.jpg,gw_shop,,,,necrons,nec_monolith_stock,scraped,,,gallery,2026-04-16T22:29:40Z,
scripts/warhammer_com/images/necrons/nec_ophydian_destroyers_feature/clean/99120110053_NECOphydianDestroyersFeature.jpg,gw_shop,,,,necrons,nec_ophydian_destroyers_feature,scraped,,,gallery,2026-04-16T22:29:40Z,
scripts/warhammer_com/images/necrons/nec_ophydian_destroyers_stock/clean/99120110053_NECOphydianDestroyersStock.jpg,gw_shop,,,,necrons,nec_ophydian_destroyers_stock,scraped,,,gallery,2026-04-16T22:29:40Z,
scripts/warhammer_com/images/necrons/nec_overlord_with_tanslocation_shroud/clean/99120110079_NECOverlordWithTanslocationShroud01.jpg,gw_shop,,,,necrons,nec_overlord_with_tanslocation_shroud,scraped,,,gallery,2026-04-16T22:29:40Z,
scripts/warhammer_com/images/necrons/nec_overlord_with_tanslocation_shroud/clean/99120110079_NECOverlordWithTanslocationShroud02.jpg,gw_shop,,,,necrons,nec_overlord_with_tanslocation_shroud,scraped,,,gallery,2026-04-16T22:29:40Z,
scripts/warhammer_com/images/necrons/nec_overlord_with_tanslocation_shroud/clean/99120110079_NECOverlordWithTanslocationShroud04.jpg,gw_shop,,,,necrons,nec_overlord_with_tanslocation_shroud,scraped,,,gallery,2026-04-16T22:29:40Z,
scripts/warhammer_com/images/necrons/nec_psychomancer_feature/clean/99120110073_NECPsychomancerFeature.jpg,gw_shop,,,,necrons,nec_psychomancer_feature,scraped,,,gallery,2026-04-16T22:29:40Z,
scripts/warhammer_com/images/necrons/nec_psychomancer_stock/clean/99120110073_NECPsychomancerStock.jpg,gw_shop,,,,necrons,nec_psychomancer_stock,scraped,,,gallery,2026-04-16T22:29:40Z,
scripts/warhammer_com/images/necrons/nec_royal_court/clean/99120110072_NECRoyalCourtLead.jpg,gw_shop,,,,necrons,nec_royal_court,scraped,,,gallery,2026-04-16T22:29:40Z,
scripts/warhammer_com/images/necrons/nec_royal_court_feature/clean/99120110072_NECRoyalCourtFeature.jpg,gw_shop,,,,necrons,nec_royal_court_feature,scraped,,,gallery,2026-04-16T22:29:40Z,
scripts/warhammer_com/images/necrons/nec_szarekh_silent_king/clean/99120110047_NECSzarekhSilentKingLead.jpg,gw_shop,,,,necrons,nec_szarekh_silent_king,scraped,,,gallery,2026-04-16T22:29:40Z,
scripts/warhammer_com/images/necrons/nec_szarekh_silent_king_feature/clean/99120110047_NECSzarekhSilentKingFeature01.jpg,gw_shop,,,,necrons,nec_szarekh_silent_king_feature,scraped,,,gallery,2026-04-16T22:29:40Z,
scripts/warhammer_com/images/necrons/nec_szarekh_silent_king_feature/clean/99120110047_NECSzarekhSilentKingFeature02.jpg,gw_shop,,,,necrons,nec_szarekh_silent_king_feature,scraped,,,gallery,2026-04-16T22:29:40Z,
scripts/warhammer_com/images/necrons/nec_szarekh_silent_king_stock/clean/99120110047_NECSzarekhSilentKingStock.jpg,gw_shop,,,,necrons,nec_szarekh_silent_king_stock,scraped,,,gallery,2026-04-16T22:29:40Z,
scripts/warhammer_com/images/necrons/nec_tomb_blades/clean/99120110059_NECTombBladesLead.jpg,gw_shop,,,,necrons,nec_tomb_blades,scraped,,,gallery,2026-04-16T22:29:40Z,
scripts/warhammer_com/images/necrons/nec_tomb_blades_feature/clean/99120110059_NECTombBladesFeature.jpg,gw_shop,,,,necrons,nec_tomb_blades_feature,scraped,,,gallery,2026-04-16T22:29:40Z,
scripts/warhammer_com/images/necrons/nec_tomb_blades_stock/clean/99120110059_NECTombBladesStock.jpg,gw_shop,,,,necrons,nec_tomb_blades_stock,scraped,,,gallery,2026-04-16T22:29:40Z,
scripts/warhammer_com/images/necrons/nec_triarch_praetorians_stock/clean/99120110058_NECTriarchPraetoriansStock.jpg,gw_shop,,,,necrons,nec_triarch_praetorians_stock,scraped,,,gallery,2026-04-16T22:29:40Z,
scripts/warhammer_com/images/necrons/neccp/clean/99120110077_NECCP1.jpg,gw_shop,,,,necrons,neccp,scraped,,,gallery,2026-04-16T22:29:40Z,
scripts/warhammer_com/images/necrons/neccp/clean/99120110077_NECCP3.jpg,gw_shop,,,,necrons,neccp,scraped,,,gallery,2026-04-16T22:29:40Z,
scripts/warhammer_com/images/necrons/neccp/clean/99120110077_NECCP4.jpg,gw_shop,,,,necrons,neccp,scraped,,,gallery,2026-04-16T22:29:40Z,
scripts/warhammer_com/images/necrons/neccp/clean/99120110077_NECCP5.jpg,gw_shop,,,,necrons,neccp,scraped,,,gallery,2026-04-16T22:29:40Z,
scripts/warhammer_com/images/necrons/neccp_stock/clean/99120110077_NECCPStock.jpg,gw_shop,,,,necrons,neccp_stock,scraped,,,gallery,2026-04-16T22:29:40Z,
scripts/warhammer_com/images/necrons/necron_immortals_reformat/clean/99120110011_NecronImmortalsReformat02.jpg,gw_shop,,,,necrons,necron_immortals_reformat,scraped,,,gallery,2026-04-16T22:29:40Z,
scripts/warhammer_com/images/necrons/necron_immortals_reformat/clean/99120110011_NecronImmortalsReformat03.jpg,gw_shop,,,,necrons,necron_immortals_reformat,scraped,,,gallery,2026-04-16T22:29:40Z,
scripts/warhammer_com/images/necrons/necron_immortals_reformat/clean/99120110011_NecronImmortalsReformat04.jpg,gw_shop,,,,necrons,necron_immortals_reformat,scraped,,,gallery,2026-04-16T22:29:40Z,
scripts/warhammer_com/images/necrons/necron_immortals_reformat/clean/99120110011_NecronImmortalsReformat05.jpg,gw_shop,,,,necrons,necron_immortals_reformat,scraped,,,gallery,2026-04-16T22:29:40Z,
scripts/warhammer_com/images/necrons/necron_immortals_reformat/clean/99120110011_NecronImmortalsReformat06.jpg,gw_shop,,,,necrons,necron_immortals_reformat,scraped,,,gallery,2026-04-16T22:29:40Z,
scripts/warhammer_com/images/necrons/necron_obelisk/clean/99120110026_NecronObelisk01.jpg,gw_shop,,,,necrons,necron_obelisk,scraped,,,gallery,2026-04-16T22:29:40Z,
scripts/warhammer_com/images/necrons/necron_obelisk/clean/99120110026_NecronObeliskLead.jpg,gw_shop,,,,necrons,necron_obelisk,scraped,,,gallery,2026-04-16T22:29:40Z,
scripts/warhammer_com/images/necrons/necron_tesseract/clean/99120110026_NecronTesseract01.jpg,gw_shop,,,,necrons,necron_tesseract,scraped,,,gallery,2026-04-16T22:29:40Z,
scripts/warhammer_com/images/necrons/necron_tesseract/clean/99120110026_NecronTesseract02.jpg,gw_shop,,,,necrons,necron_tesseract,scraped,,,gallery,2026-04-16T22:29:40Z,
scripts/warhammer_com/images/necrons/necron_tesseract/clean/99120110026_NecronTesseract03.jpg,gw_shop,,,,necrons,necron_tesseract,scraped,,,gallery,2026-04-16T22:29:40Z,
scripts/warhammer_com/images/necrons/necron_tesseract/clean/99120110026_NecronTesseract04.jpg,gw_shop,,,,necrons,necron_tesseract,scraped,,,gallery,2026-04-16T22:29:40Z,
scripts/warhammer_com/images/necrons/necron_triarch_stalker_feature/clean/99120110062_NecronTriarchStalkerFeature.jpg,gw_shop,,,,necrons,necron_triarch_stalker_feature,scraped,,,gallery,2026-04-16T22:29:40Z,
scripts/warhammer_com/images/necrons/necron_warriors/clean/99120110052_NecronWarriorsLead.jpg,gw_shop,,,,necrons,necron_warriors,scraped,,,gallery,2026-04-16T22:29:40Z,
scripts/warhammer_com/images/necrons/necron_warriors_feature/clean/99120110052_NecronWarriorsFeature.jpg,gw_shop,,,,necrons,necron_warriors_feature,scraped,,,gallery,2026-04-16T22:29:40Z,
scripts/warhammer_com/images/necrons/necron_warriors_group/clean/99120110052_NecronWarriorsGroup.jpg,gw_shop,,,,necrons,necron_warriors_group,scraped,,,gallery,2026-04-16T22:29:40Z,
scripts/warhammer_com/images/necrons/necron_warriors_stock/clean/99120110052_NecronWarriorsStock.jpg,gw_shop,,,,necrons,necron_warriors_stock,scraped,,,gallery,2026-04-16T22:29:40Z,
scripts/warhammer_com/images/necrons/necrons_ctan_shard_of_the_nightbringer/clean/99120110088_NecronsCtanShardOfTheNightbringer01.jpg,gw_shop,,,,necrons,necrons_ctan_shard_of_the_nightbringer,scraped,,,gallery,2026-04-16T22:29:40Z,
scripts/warhammer_com/images/necrons/necrons_ctan_shard_of_the_nightbringer/clean/99120110088_NecronsCtanShardOfTheNightbringer02.jpg,gw_shop,,,,necrons,necrons_ctan_shard_of_the_nightbringer,scraped,,,gallery,2026-04-16T22:29:40Z,
scripts/warhammer_com/images/necrons/necrons_ctan_shard_of_the_nightbringer/clean/99120110088_NecronsCtanShardOfTheNightbringer03.jpg,gw_shop,,,,necrons,necrons_ctan_shard_of_the_nightbringer,scraped,,,gallery,2026-04-16T22:29:40Z,
scripts/warhammer_com/images/necrons/necrons_ctan_shard_of_the_nightbringer/clean/99120110088_NecronsCtanShardOfTheNightbringer04.jpg,gw_shop,,,,necrons,necrons_ctan_shard_of_the_nightbringer,scraped,,,gallery,2026-04-16T22:29:40Z,
scripts/warhammer_com/images/necrons/necrons_nekrosor_ammentar/clean/99120110089_NecronsNekrosorAmmentar01.jpg,gw_shop,,,,necrons,necrons_nekrosor_ammentar,scraped,,,gallery,2026-04-16T22:29:40Z,
scripts/warhammer_com/images/necrons/necrons_nekrosor_ammentar/clean/99120110089_NecronsNekrosorAmmentar03.jpg,gw_shop,,,,necrons,necrons_nekrosor_ammentar,scraped,,,gallery,2026-04-16T22:29:40Z,
scripts/warhammer_com/images/necrons/necrons_nekrosor_ammentar/clean/99120110089_NecronsNekrosorAmmentar04.jpg,gw_shop,,,,necrons,necrons_nekrosor_ammentar,scraped,,,gallery,2026-04-16T22:29:40Z,
scripts/warhammer_com/images/necrons/necrons_triarch_praetorians_feature/clean/99120110058_NecronsTriarchPraetoriansFeature.jpg,gw_shop,,,,necrons,necrons_triarch_praetorians_feature,scraped,,,gallery,2026-04-16T22:29:40Z,
scripts/warhammer_com/images/necrons/night_scythe_feature/clean/99120110065_NightScytheFeature.jpg,gw_shop,,,,necrons,night_scythe_feature,scraped,,,gallery,2026-04-16T22:29:40Z,
scripts/warhammer_com/images/necrons/orikan_diviner/clean/99120110081_OrikanDiviner1.jpg,gw_shop,,,,necrons,orikan_diviner,scraped,,,gallery,2026-04-16T22:29:40Z,
scripts/warhammer_com/images/necrons/orikan_diviner/clean/99120110081_OrikanDiviner2.jpg,gw_shop,,,,necrons,orikan_diviner,scraped,,,gallery,2026-04-16T22:29:40Z,
scripts/warhammer_com/images/necrons/orikan_diviner/clean/99120110081_OrikanDiviner4.jpg,gw_shop,,,,necrons,orikan_diviner,scraped,,,gallery,2026-04-16T22:29:40Z,
scripts/warhammer_com/images/necrons/overlord_tachyon_arrow/clean/99070110006_OverlordTachyonArrow1.jpg,gw_shop,,,,necrons,overlord_tachyon_arrow,scraped,,,gallery,2026-04-16T22:29:40Z,
scripts/warhammer_com/images/necrons/royal_warden/clean/99070110007_RoyalWarden1.jpg,gw_shop,,,,necrons,royal_warden,scraped,,,gallery,2026-04-16T22:29:40Z,
scripts/warhammer_com/images/necrons/royal_warden/clean/99070110007_RoyalWarden2.jpg,gw_shop,,,,necrons,royal_warden,scraped,,,gallery,2026-04-16T22:29:40Z,
scripts/warhammer_com/images/necrons/seraptek_heavy_construct_synaptic_obliterators_vehicle/clean/99860110022_SeraptekHeavyConstructSynapticObliteratorsVehicle1.jpg,gw_shop,,,,necrons,seraptek_heavy_construct_synaptic_obliterators_vehicle,scraped,,,gallery,2026-04-16T22:29:40Z,
scripts/warhammer_com/images/necrons/seraptek_heavy_construct_synaptic_obliterators_vehicle/clean/99860110022_SeraptekHeavyConstructSynapticObliteratorsVehicle2.jpg,gw_shop,,,,necrons,seraptek_heavy_construct_synaptic_obliterators_vehicle,scraped,,,gallery,2026-04-16T22:29:40Z,
scripts/warhammer_com/images/necrons/skorpekh_destroyers/clean/99120110051_SkorpekhDestroyersLead.jpg,gw_shop,,,,necrons,skorpekh_destroyers,scraped,,,gallery,2026-04-16T22:29:40Z,
scripts/warhammer_com/images/necrons/skorpekh_destroyers_feature/clean/99120110051_SkorpekhDestroyersFeature.jpg,gw_shop,,,,necrons,skorpekh_destroyers_feature,scraped,,,gallery,2026-04-16T22:29:40Z,
scripts/warhammer_com/images/necrons/skorpekh_destroyers_stock/clean/99120110051_SkorpekhDestroyersStock.jpg,gw_shop,,,,necrons,skorpekh_destroyers_stock,scraped,,,gallery,2026-04-16T22:29:40Z,
scripts/warhammer_com/images/necrons/the_deceiver_new/clean/99810110003_TheDeceiverNEW01.jpg,gw_shop,,,,necrons,the_deceiver_new,scraped,,,gallery,2026-04-16T22:29:40Z,
scripts/warhammer_com/images/necrons/the_deceiver_new/clean/99810110003_TheDeceiverNEW02.jpg,gw_shop,,,,necrons,the_deceiver_new,scraped,,,gallery,2026-04-16T22:29:40Z,
scripts/warhammer_com/images/necrons/tomb_blades_new/clean/99120110019_TombBladesNEW02.jpg,gw_shop,,,,necrons,tomb_blades_new,scraped,,,gallery,2026-04-16T22:29:40Z,
scripts/warhammer_com/images/necrons/tomb_blades_new/clean/99120110019_TombBladesNEW03.jpg,gw_shop,,,,necrons,tomb_blades_new,scraped,,,gallery,2026-04-16T22:29:40Z,
scripts/warhammer_com/images/necrons/trazyn_the_infinite_new/clean/99800110009_TrazynTheInfiniteNEW01.jpg,gw_shop,,,,necrons,trazyn_the_infinite_new,scraped,,,gallery,2026-04-16T22:29:40Z,
scripts/warhammer_com/images/necrons/trazyn_the_infinite_new/clean/99800110009_TrazynTheInfiniteNEW02.jpg,gw_shop,,,,necrons,trazyn_the_infinite_new,scraped,,,gallery,2026-04-16T22:29:40Z,
scripts/warhammer_com/images/necrons/triarch_lychguard_feature/clean/99120110058_TriarchLychguardFeature.jpg,gw_shop,,,,necrons,triarch_lychguard_feature,scraped,,,gallery,2026-04-16T22:29:40Z,
scripts/warhammer_com/images/necrons/triarch_praetorians_new/clean/99120110012_TriarchPraetoriansNEW02.jpg,gw_shop,,,,necrons,triarch_praetorians_new,scraped,,,gallery,2026-04-16T22:29:40Z,
scripts/warhammer_com/images/necrons/triarch_praetorians_new/clean/99120110012_TriarchPraetoriansNEW03.jpg,gw_shop,,,,necrons,triarch_praetorians_new,scraped,,,gallery,2026-04-16T22:29:40Z,
scripts/warhammer_com/images/necrons/triarch_praetorians_new/clean/99120110012_TriarchPraetoriansNEW04.jpg,gw_shop,,,,necrons,triarch_praetorians_new,scraped,,,gallery,2026-04-16T22:29:40Z,
scripts/warhammer_com/images/necrons/triarch_stalker_new/clean/99120110021_TriarchStalkerNEW03.jpg,gw_shop,,,,necrons,triarch_stalker_new,scraped,,,gallery,2026-04-16T22:29:40Z,
scripts/warhammer_com/images/necrons/triarch_stalker_stock/clean/99120110058_TriarchStalkerStock.jpg,gw_shop,,,,necrons,triarch_stalker_stock,scraped,,,gallery,2026-04-16T22:29:40Z,
scripts/warhammer_com/images/orks/battlewagon/clean/99120103084_BattlewagonLead.jpg,gw_shop,,,,orks,battlewagon,scraped,,,gallery,2026-04-16T22:29:40Z,
scripts/warhammer_com/images/orks/battlewagon_alt/clean/99120103084_BattlewagonAlt.jpg,gw_shop,,,,orks,battlewagon_alt,scraped,,,gallery,2026-04-16T22:29:40Z,
scripts/warhammer_com/images/orks/battlewagon_feature/clean/99120103084_BattlewagonFeature.jpg,gw_shop,,,,orks,battlewagon_feature,scraped,,,gallery,2026-04-16T22:29:40Z,
scripts/warhammer_com/images/orks/battlewagon_stock/clean/99120103084_BattlewagonStock.jpg,gw_shop,,,,orks,battlewagon_stock,scraped,,,gallery,2026-04-16T22:29:40Z,
scripts/warhammer_com/images/orks/beastboss/clean/99120103078_BeastbossLead.jpg,gw_shop,,,,orks,beastboss,scraped,,,gallery,2026-04-16T22:29:40Z,
scripts/warhammer_com/images/orks/beastboss_context/clean/99120103078_BeastbossContext.jpg,gw_shop,,,,orks,beastboss_context,scraped,,,gallery,2026-04-16T22:29:40Z,
scripts/warhammer_com/images/orks/beastboss_feature/clean/99120103078_BeastbossFeature.jpg,gw_shop,,,,orks,beastboss_feature,scraped,,,gallery,2026-04-16T22:29:40Z,
scripts/warhammer_com/images/orks/beastboss_squigasaur/clean/99120103075_BeastbossSquigasaurLead.jpg,gw_shop,,,,orks,beastboss_squigasaur,scraped,,,gallery,2026-04-16T22:29:40Z,
scripts/warhammer_com/images/orks/beastboss_squigasaur_feature/clean/99120103075_BeastbossSquigasaurFeature.jpg,gw_shop,,,,orks,beastboss_squigasaur_feature,scraped,,,gallery,2026-04-16T22:29:40Z,
scripts/warhammer_com/images/orks/beastboss_stock/clean/99120103078_BeastbossStock.jpg,gw_shop,,,,orks,beastboss_stock,scraped,,,gallery,2026-04-16T22:29:40Z,
scripts/warhammer_com/images/orks/beastsnagga_feature/clean/60010103001_BeastsnaggaFeature1.jpg,gw_shop,,,,orks,beastsnagga_feature,scraped,,,gallery,2026-04-16T22:29:40Z,
scripts/warhammer_com/images/orks/beastsnagga_feature/clean/60010103001_BeastsnaggaFeature3.jpg,gw_shop,,,,orks,beastsnagga_feature,scraped,,,gallery,2026-04-16T22:29:40Z,
scripts/warhammer_com/images/orks/beastsnagga_feature/clean/60010103001_BeastsnaggaFeature4.jpg,gw_shop,,,,orks,beastsnagga_feature,scraped,,,gallery,2026-04-16T22:29:40Z,
scripts/warhammer_com/images/orks/beastsnagga_feature/clean/60010103001_BeastsnaggaFeature5.jpg,gw_shop,,,,orks,beastsnagga_feature,scraped,,,gallery,2026-04-16T22:29:40Z,
scripts/warhammer_com/images/orks/beastsnagga_feature2_alt/clean/60010103001_BeastsnaggaFeature2ALT2.jpg,gw_shop,,,,orks,beastsnagga_feature2_alt,scraped,,,gallery,2026-04-16T22:29:40Z,
scripts/warhammer_com/images/orks/beastsnagga_hogz_group/clean/60010103001_BeastsnaggaHogzGroup2.jpg,gw_shop,,,,orks,beastsnagga_hogz_group,scraped,,,gallery,2026-04-16T22:29:40Z,
scripts/warhammer_com/images/orks/beastsnagga_transfer/clean/60010103001_BeastsnaggaTransfer.jpg,gw_shop,,,,orks,beastsnagga_transfer,scraped,,,gallery,2026-04-16T22:29:40Z,
scripts/warhammer_com/images/orks/beastsnagga_zod_group/clean/60010103001_BeastsnaggaZodGroup1.jpg,gw_shop,,,,orks,beastsnagga_zod_group,scraped,,,gallery,2026-04-16T22:29:40Z,
scripts/warhammer_com/images/orks/big_ed_boss_bunka/clean/99120103082_BigEdBossBunkaLead.jpg,gw_shop,,,,orks,big_ed_boss_bunka,scraped,,,gallery,2026-04-16T22:29:40Z,
scripts/warhammer_com/images/orks/big_ed_boss_bunka_feature/clean/99120103082_BigEdBossBunkaFeature1.jpg,gw_shop,,,,orks,big_ed_boss_bunka_feature,scraped,,,gallery,2026-04-16T22:29:40Z,
scripts/warhammer_com/images/orks/big_ed_boss_bunka_feature/clean/99120103082_BigEdBossBunkaFeature2.jpg,gw_shop,,,,orks,big_ed_boss_bunka_feature,scraped,,,gallery,2026-04-16T22:29:40Z,
scripts/warhammer_com/images/orks/big_ed_boss_bunka_stock/clean/99120103082_BigEdBossBunkaStock.jpg,gw_shop,,,,orks,big_ed_boss_bunka_stock,scraped,,,gallery,2026-04-16T22:29:40Z,
scripts/warhammer_com/images/orks/big_mek_mega/clean/99120103035_BigMekMega01.jpg,gw_shop,,,,orks,big_mek_mega,scraped,,,gallery,2026-04-16T22:29:40Z,
scripts/warhammer_com/images/orks/big_mek_mega/clean/99120103035_BigMekMega02.jpg,gw_shop,,,,orks,big_mek_mega,scraped,,,gallery,2026-04-16T22:29:40Z,
scripts/warhammer_com/images/orks/big_mek_mega/clean/99120103035_BigMekMega03.jpg,gw_shop,,,,orks,big_mek_mega,scraped,,,gallery,2026-04-16T22:29:40Z,
scripts/warhammer_com/images/orks/big_mek_mega/clean/99120103035_BigMekMega04.jpg,gw_shop,,,,orks,big_mek_mega,scraped,,,gallery,2026-04-16T22:29:40Z,
scripts/warhammer_com/images/orks/big_mek_mega/clean/99120103035_BigMekMega05.jpg,gw_shop,,,,orks,big_mek_mega,scraped,,,gallery,2026-04-16T22:29:40Z,
scripts/warhammer_com/images/orks/bonebreaka/clean/99120103084_BonebreakaLead.jpg,gw_shop,,,,orks,bonebreaka,scraped,,,gallery,2026-04-16T22:29:40Z,
scripts/warhammer_com/images/orks/bonebreaka_feature/clean/99120103084_BonebreakaFeature.jpg,gw_shop,,,,orks,bonebreaka_feature,scraped,,,gallery,2026-04-16T22:29:40Z,
scripts/warhammer_com/images/orks/bonebreaka_lead_alt/clean/99120103084_BonebreakaLeadAlt.jpg,gw_shop,,,,orks,bonebreaka_lead_alt,scraped,,,gallery,2026-04-16T22:29:40Z,
scripts/warhammer_com/images/orks/boomdakka_snazzwagon/clean/99120103062_BoomdakkaSnazzwagon01.jpg,gw_shop,,,,orks,boomdakka_snazzwagon,scraped,,,gallery,2026-04-16T22:29:40Z,
scripts/warhammer_com/images/orks/boomdakka_snazzwagon/clean/99120103062_BoomdakkaSnazzwagon02.jpg,gw_shop,,,,orks,boomdakka_snazzwagon,scraped,,,gallery,2026-04-16T22:29:40Z,
scripts/warhammer_com/images/orks/boosta_blasta/clean/99120103064_BoostaBlasta01.jpg,gw_shop,,,,orks,boosta_blasta,scraped,,,gallery,2026-04-16T22:29:40Z,
scripts/warhammer_com/images/orks/burnabommer_feature/clean/99120103090_BurnabommerFeature.jpg,gw_shop,,,,orks,burnabommer_feature,scraped,,,gallery,2026-04-16T22:29:40Z,
scripts/warhammer_com/images/orks/burnabommer_scale/clean/99120103090_BurnabommerScale.jpg,gw_shop,,,,orks,burnabommer_scale,scraped,,,gallery,2026-04-16T22:29:40Z,
scripts/warhammer_com/images/orks/dakkajet_blitza_feature/clean/99120103090_DakkajetBlitzaFeature.jpg,gw_shop,,,,orks,dakkajet_blitza_feature,scraped,,,gallery,2026-04-16T22:29:40Z,
scripts/warhammer_com/images/orks/dakkajet_blitza_scale/clean/99120103090_DakkajetBlitzaScale.jpg,gw_shop,,,,orks,dakkajet_blitza_scale,scraped,,,gallery,2026-04-16T22:29:40Z,
scripts/warhammer_com/images/orks/deff_dread_new/clean/99120103023_DeffDreadNEW01.jpg,gw_shop,,,,orks,deff_dread_new,scraped,,,gallery,2026-04-16T22:29:40Z,
scripts/warhammer_com/images/orks/deff_dread_new/clean/99120103023_DeffDreadNEW02.jpg,gw_shop,,,,orks,deff_dread_new,scraped,,,gallery,2026-04-16T22:29:40Z,
scripts/warhammer_com/images/orks/deffkilla_wartrike/clean/99120103063_DeffkillaWartrike01.jpg,gw_shop,,,,orks,deffkilla_wartrike,scraped,,,gallery,2026-04-16T22:29:40Z,
scripts/warhammer_com/images/orks/deffkilla_wartrike/clean/99120103063_DeffkillaWartrike02.jpg,gw_shop,,,,orks,deffkilla_wartrike,scraped,,,gallery,2026-04-16T22:29:40Z,
scripts/warhammer_com/images/orks/deffkoptas/clean/99120103107_DeffkoptasLead.jpg,gw_shop,,,,orks,deffkoptas,scraped,,,gallery,2026-04-16T22:29:40Z,
scripts/warhammer_com/images/orks/deffkoptas_feature/clean/99120103107_DeffkoptasFeature.jpg,gw_shop,,,,orks,deffkoptas_feature,scraped,,,gallery,2026-04-16T22:29:40Z,
scripts/warhammer_com/images/orks/deffkoptas_scale/clean/99120103107_DeffkoptasScale.jpg,gw_shop,,,,orks,deffkoptas_scale,scraped,,,gallery,2026-04-16T22:29:40Z,
scripts/warhammer_com/images/orks/deffkoptas_stock/clean/99120103107_DeffkoptasStock.jpg,gw_shop,,,,orks,deffkoptas_stock,scraped,,,gallery,2026-04-16T22:29:40Z,
scripts/warhammer_com/images/orks/eng_speed_freeks/clean/60010603001_ENGSpeedFreeks04.jpg,gw_shop,,,,orks,eng_speed_freeks,scraped,,,gallery,2026-04-16T22:29:40Z,
scripts/warhammer_com/images/orks/eng_speed_freeks/clean/60010603001_ENGSpeedFreeks06.jpg,gw_shop,,,,orks,eng_speed_freeks,scraped,,,gallery,2026-04-16T22:29:40Z,
scripts/warhammer_com/images/orks/engkt_brutal_cunning/clean/99120103123_ENGKTBrutalCunning7.jpg,gw_shop,,,,orks,engkt_brutal_cunning,scraped,,,gallery,2026-04-16T22:29:40Z,
scripts/warhammer_com/images/orks/engkt_brutal_cunning/clean/99120103123_ENGKTBrutalCunning8.jpg,gw_shop,,,,orks,engkt_brutal_cunning,scraped,,,gallery,2026-04-16T22:29:40Z,
scripts/warhammer_com/images/orks/flash_gitz/clean/99120103033_FlashGitz01.jpg,gw_shop,,,,orks,flash_gitz,scraped,,,gallery,2026-04-16T22:29:40Z,
scripts/warhammer_com/images/orks/flash_gitz/clean/99120103033_FlashGitz02.jpg,gw_shop,,,,orks,flash_gitz,scraped,,,gallery,2026-04-16T22:29:40Z,
scripts/warhammer_com/images/orks/flash_gitz/clean/99120103033_FlashGitz03.jpg,gw_shop,,,,orks,flash_gitz,scraped,,,gallery,2026-04-16T22:29:40Z,
scripts/warhammer_com/images/orks/gorkanaut/clean/99120103034_Gorkanaut01.jpg,gw_shop,,,,orks,gorkanaut,scraped,,,gallery,2026-04-16T22:29:40Z,
scripts/warhammer_com/images/orks/gorkanaut_feature/clean/99120103088_GorkanautFeature.jpg,gw_shop,,,,orks,gorkanaut_feature,scraped,,,gallery,2026-04-16T22:29:40Z,
scripts/warhammer_com/images/orks/gorkanaut_scale/clean/99120103088_GorkanautScale.jpg,gw_shop,,,,orks,gorkanaut_scale,scraped,,,gallery,2026-04-16T22:29:40Z,
scripts/warhammer_com/images/orks/gunwagon/clean/99120103084_GunwagonLead.jpg,gw_shop,,,,orks,gunwagon,scraped,,,gallery,2026-04-16T22:29:40Z,
scripts/warhammer_com/images/orks/gunwagon_feature/clean/99120103084_GunwagonFeature.jpg,gw_shop,,,,orks,gunwagon_feature,scraped,,,gallery,2026-04-16T22:29:40Z,
scripts/warhammer_com/images/orks/kill_team_ork_kommandos_squad/clean/99120103127_KillTeamOrkKommandosSquad1.jpg,gw_shop,,,,orks,kill_team_ork_kommandos_squad,scraped,,,gallery,2026-04-16T22:29:40Z,
scripts/warhammer_com/images/orks/kill_team_ork_kommandos_squad/clean/99120103127_KillTeamOrkKommandosSquad2.jpg,gw_shop,,,,orks,kill_team_ork_kommandos_squad,scraped,,,gallery,2026-04-16T22:29:40Z,
scripts/warhammer_com/images/orks/killa_kans_new/clean/99120103024_KillaKansNEW01.jpg,gw_shop,,,,orks,killa_kans_new,scraped,,,gallery,2026-04-16T22:29:40Z,
scripts/warhammer_com/images/orks/killa_kans_new/clean/99120103024_KillaKansNEW02.jpg,gw_shop,,,,orks,killa_kans_new,scraped,,,gallery,2026-04-16T22:29:40Z,
scripts/warhammer_com/images/orks/killa_kans_new/clean/99120103024_KillaKansNEW03.jpg,gw_shop,,,,orks,killa_kans_new,scraped,,,gallery,2026-04-16T22:29:40Z,
scripts/warhammer_com/images/orks/killa_kans_new/clean/99120103024_KillaKansNEW04.jpg,gw_shop,,,,orks,killa_kans_new,scraped,,,gallery,2026-04-16T22:29:40Z,
scripts/warhammer_com/images/orks/killa_kanz_feature/clean/99120103085_KillaKanzFeature.jpg,gw_shop,,,,orks,killa_kanz_feature,scraped,,,gallery,2026-04-16T22:29:40Z,
scripts/warhammer_com/images/orks/killa_kanz_scale/clean/99120103085_KillaKanzScale.jpg,gw_shop,,,,orks,killa_kanz_scale,scraped,,,gallery,2026-04-16T22:29:40Z,
scripts/warhammer_com/images/orks/killa_kanz_stock/clean/99120103085_KillaKanzStock.jpg,gw_shop,,,,orks,killa_kanz_stock,scraped,,,gallery,2026-04-16T22:29:40Z,
scripts/warhammer_com/images/orks/kt2_group/clean/99120103127_KT2Group2.jpg,gw_shop,,,,orks,kt2_group,scraped,,,gallery,2026-04-16T22:29:40Z,
scripts/warhammer_com/images/orks/kt_kommandos/clean/99120103127_KTKommandos2.jpg,gw_shop,,,,orks,kt_kommandos,scraped,,,gallery,2026-04-16T22:29:40Z,
scripts/warhammer_com/images/orks/kt_wrecka_krew_box/clean/99120103123_KTWreckaKrewBOX.jpg,gw_shop,,,,orks,kt_wrecka_krew_box,scraped,,,gallery,2026-04-16T22:29:40Z,
scripts/warhammer_com/images/orks/kt_wrecka_krew_punch/clean/99120103123_KTWreckaKrewPUNCH.jpg,gw_shop,,,,orks,kt_wrecka_krew_punch,scraped,,,gallery,2026-04-16T22:29:40Z,
scripts/warhammer_com/images/orks/mega_nobz/clean/99120103035_MegaNobz02.jpg,gw_shop,,,,orks,mega_nobz,scraped,,,gallery,2026-04-16T22:29:40Z,
scripts/warhammer_com/images/orks/mega_nobz_oiler/clean/99120103035_MegaNobzOiler01.jpg,gw_shop,,,,orks,mega_nobz_oiler,scraped,,,gallery,2026-04-16T22:29:40Z,
scripts/warhammer_com/images/orks/megatrak_scrapjet/clean/99120103065_MegatrakScrapjet01.jpg,gw_shop,,,,orks,megatrak_scrapjet,scraped,,,gallery,2026-04-16T22:29:40Z,
scripts/warhammer_com/images/orks/megatrak_scrapjet/clean/99120103065_MegatrakScrapjet02.jpg,gw_shop,,,,orks,megatrak_scrapjet,scraped,,,gallery,2026-04-16T22:29:40Z,
scripts/warhammer_com/images/orks/megatrak_scrapjet/clean/99120103065_MegatrakScrapjet03.jpg,gw_shop,,,,orks,megatrak_scrapjet,scraped,,,gallery,2026-04-16T22:29:40Z,
scripts/warhammer_com/images/orks/morkanaut/clean/99120103034_Morkanaut01.jpg,gw_shop,,,,orks,morkanaut,scraped,,,gallery,2026-04-16T22:29:40Z,
scripts/warhammer_com/images/orks/morkanaut_feature/clean/99120103088_MorkanautFeature.jpg,gw_shop,,,,orks,morkanaut_feature,scraped,,,gallery,2026-04-16T22:29:40Z,
scripts/warhammer_com/images/orks/morkanaut_scale/clean/99120103088_MorkanautScale.jpg,gw_shop,,,,orks,morkanaut_scale,scraped,,,gallery,2026-04-16T22:29:40Z,
scripts/warhammer_com/images/orks/morkanaut_stock/clean/99120103088_MorkanautStock.jpg,gw_shop,,,,orks,morkanaut_stock,scraped,,,gallery,2026-04-16T22:29:40Z,
scripts/warhammer_com/images/orks/mozrog/clean/99120103075_MozrogLead.jpg,gw_shop,,,,orks,mozrog,scraped,,,gallery,2026-04-16T22:29:40Z,
scripts/warhammer_com/images/orks/mozrog_feature/clean/99120103075_MozrogFeature.jpg,gw_shop,,,,orks,mozrog_feature,scraped,,,gallery,2026-04-16T22:29:40Z,
scripts/warhammer_com/images/orks/mozrog_stock/clean/99120103075_MozrogStock.jpg,gw_shop,,,,orks,mozrog_stock,scraped,,,gallery,2026-04-16T22:29:40Z,
scripts/warhammer_com/images/orks/nobz/clean/99120103055_Nobz01.jpg,gw_shop,,,,orks,nobz,scraped,,,gallery,2026-04-16T22:29:40Z,
scripts/warhammer_com/images/orks/nobz/clean/99120103055_Nobz03.jpg,gw_shop,,,,orks,nobz,scraped,,,gallery,2026-04-16T22:29:40Z,
scripts/warhammer_com/images/orks/ork_big_mek/clean/99120103120_ORKBigMek01.jpg,gw_shop,,,,orks,ork_big_mek,scraped,,,gallery,2026-04-16T22:29:40Z,
scripts/warhammer_com/images/orks/ork_big_mek/clean/99120103120_ORKBigMek03.jpg,gw_shop,,,,orks,ork_big_mek,scraped,,,gallery,2026-04-16T22:29:40Z,
scripts/warhammer_com/images/orks/ork_blitza_bommer/clean/99120103043_OrkBlitzaBommer01.jpg,gw_shop,,,,orks,ork_blitza_bommer,scraped,,,gallery,2026-04-16T22:29:40Z,
scripts/warhammer_com/images/orks/ork_boyz/clean/99120103052_OrkBoyz01.jpg,gw_shop,,,,orks,ork_boyz,scraped,,,gallery,2026-04-16T22:29:40Z,
scripts/warhammer_com/images/orks/ork_boyz/clean/99120103106_OrkBoyzLead.jpg,gw_shop,,,,orks,ork_boyz,scraped,,,gallery,2026-04-16T22:29:40Z,
scripts/warhammer_com/images/orks/ork_boyz10_new/clean/99120103013_OrkBoyz10NEW06.jpg,gw_shop,,,,orks,ork_boyz10_new,scraped,,,gallery,2026-04-16T22:29:40Z,
scripts/warhammer_com/images/orks/ork_boyz10_new/clean/99120103013_OrkBoyz10NEW07.jpg,gw_shop,,,,orks,ork_boyz10_new,scraped,,,gallery,2026-04-16T22:29:40Z,
scripts/warhammer_com/images/orks/ork_boyz10_new/clean/99120103013_OrkBoyz10NEW08.jpg,gw_shop,,,,orks,ork_boyz10_new,scraped,,,gallery,2026-04-16T22:29:40Z,
scripts/warhammer_com/images/orks/ork_boyz_stock/clean/99120103106_ORKBoyzStock.jpg,gw_shop,,,,orks,ork_boyz_stock,scraped,,,gallery,2026-04-16T22:29:40Z,
scripts/warhammer_com/images/orks/ork_bubble_chukka/clean/99120103029_OrkBubbleChukka01.jpg,gw_shop,,,,orks,ork_bubble_chukka,scraped,,,gallery,2026-04-16T22:29:40Z,
scripts/warhammer_com/images/orks/ork_bubble_chukka/clean/99120103029_OrkBubbleChukka02.jpg,gw_shop,,,,orks,ork_bubble_chukka,scraped,,,gallery,2026-04-16T22:29:40Z,
scripts/warhammer_com/images/orks/ork_bubble_chukka/clean/99120103029_OrkBubbleChukka03.jpg,gw_shop,,,,orks,ork_bubble_chukka,scraped,,,gallery,2026-04-16T22:29:40Z,
scripts/warhammer_com/images/orks/ork_burna_bommer/clean/99120103043_OrkBurnaBommer01.jpg,gw_shop,,,,orks,ork_burna_bommer,scraped,,,gallery,2026-04-16T22:29:40Z,
scripts/warhammer_com/images/orks/ork_burna_boyz/clean/99120103054_OrkBurnaBoyz01.jpg,gw_shop,,,,orks,ork_burna_boyz,scraped,,,gallery,2026-04-16T22:29:40Z,
scripts/warhammer_com/images/orks/ork_burna_boyz/clean/99120103054_OrkBurnaBoyz02.jpg,gw_shop,,,,orks,ork_burna_boyz,scraped,,,gallery,2026-04-16T22:29:40Z,
scripts/warhammer_com/images/orks/ork_cp/clean/99120103115_OrkCP1.jpg,gw_shop,,,,orks,ork_cp,scraped,,,gallery,2026-04-16T22:29:40Z,
scripts/warhammer_com/images/orks/ork_cp/clean/99120103115_OrkCP2.jpg,gw_shop,,,,orks,ork_cp,scraped,,,gallery,2026-04-16T22:29:40Z,
scripts/warhammer_com/images/orks/ork_cp/clean/99120103115_OrkCP4.jpg,gw_shop,,,,orks,ork_cp,scraped,,,gallery,2026-04-16T22:29:40Z,
scripts/warhammer_com/images/orks/ork_cp/clean/99120103115_OrkCP5.jpg,gw_shop,,,,orks,ork_cp,scraped,,,gallery,2026-04-16T22:29:40Z,
scripts/warhammer_com/images/orks/ork_cp_stock/clean/99120103115_OrkCPStock.jpg,gw_shop,,,,orks,ork_cp_stock,scraped,,,gallery,2026-04-16T22:29:40Z,
scripts/warhammer_com/images/orks/ork_dakkajet_feature/clean/99120103090_OrkDakkajetFeature.jpg,gw_shop,,,,orks,ork_dakkajet_feature,scraped,,,gallery,2026-04-16T22:29:40Z,
scripts/warhammer_com/images/orks/ork_dakkajet_stock/clean/99120103089_OrkDakkajetStock.jpg,gw_shop,,,,orks,ork_dakkajet_stock,scraped,,,gallery,2026-04-16T22:29:40Z,
scripts/warhammer_com/images/orks/ork_deff_dread_x_box/clean/99120103023_OrkDeffDreadXBox.jpg,gw_shop,,,,orks,ork_deff_dread_x_box,scraped,,,gallery,2026-04-16T22:29:40Z,
scripts/warhammer_com/images/orks/ork_gargantuan_squiggoth_update/clean/99590103031_ORKGargantuanSquiggothUpdate1.jpg,gw_shop,,,,orks,ork_gargantuan_squiggoth_update,scraped,,,gallery,2026-04-16T22:29:40Z,
scripts/warhammer_com/images/orks/ork_gargantuan_squiggoth_update/clean/99590103031_ORKGargantuanSquiggothUpdate2.jpg,gw_shop,,,,orks,ork_gargantuan_squiggoth_update,scraped,,,gallery,2026-04-16T22:29:40Z,
scripts/warhammer_com/images/orks/ork_gretchin/clean/99120103053_OrkGretchin01.jpg,gw_shop,,,,orks,ork_gretchin,scraped,,,gallery,2026-04-16T22:29:40Z,
scripts/warhammer_com/images/orks/ork_gunz_crew/clean/99120103029_OrkGunzCrew01.jpg,gw_shop,,,,orks,ork_gunz_crew,scraped,,,gallery,2026-04-16T22:29:40Z,
scripts/warhammer_com/images/orks/ork_kustom_cannon/clean/99120103029_OrkKustomCannon01.jpg,gw_shop,,,,orks,ork_kustom_cannon,scraped,,,gallery,2026-04-16T22:29:40Z,
scripts/warhammer_com/images/orks/ork_kustom_cannon/clean/99120103029_OrkKustomCannon02.jpg,gw_shop,,,,orks,ork_kustom_cannon,scraped,,,gallery,2026-04-16T22:29:40Z,
scripts/warhammer_com/images/orks/ork_lootas/clean/99120103054_OrkLootas01.jpg,gw_shop,,,,orks,ork_lootas,scraped,,,gallery,2026-04-16T22:29:40Z,
scripts/warhammer_com/images/orks/ork_lootas/clean/99120103054_OrkLootas02.jpg,gw_shop,,,,orks,ork_lootas,scraped,,,gallery,2026-04-16T22:29:40Z,
scripts/warhammer_com/images/orks/ork_lootas/clean/99120103054_OrkLootas07.jpg,gw_shop,,,,orks,ork_lootas,scraped,,,gallery,2026-04-16T22:29:40Z,
scripts/warhammer_com/images/orks/ork_meganobz/clean/99120103089_OrkMeganobzLead.jpg,gw_shop,,,,orks,ork_meganobz,scraped,,,gallery,2026-04-16T22:29:40Z,
scripts/warhammer_com/images/orks/ork_meganobz_alt/clean/99120103089_OrkMeganobzAlt.jpg,gw_shop,,,,orks,ork_meganobz_alt,scraped,,,gallery,2026-04-16T22:29:40Z,
scripts/warhammer_com/images/orks/ork_meganobz_stock/clean/99120103089_OrkMeganobzStock.jpg,gw_shop,,,,orks,ork_meganobz_stock,scraped,,,gallery,2026-04-16T22:29:40Z,
scripts/warhammer_com/images/orks/ork_mek/clean/99070103004_OrkMek01.jpg,gw_shop,,,,orks,ork_mek,scraped,,,gallery,2026-04-16T22:29:40Z,
scripts/warhammer_com/images/orks/ork_mek/clean/99070103004_OrkMek02.jpg,gw_shop,,,,orks,ork_mek,scraped,,,gallery,2026-04-16T22:29:40Z,
scripts/warhammer_com/images/orks/ork_mek/clean/99070103004_OrkMek03.jpg,gw_shop,,,,orks,ork_mek,scraped,,,gallery,2026-04-16T22:29:40Z,
scripts/warhammer_com/images/orks/ork_mek_gun_stock/clean/99120103086_ORKMekGunStock.jpg,gw_shop,,,,orks,ork_mek_gun_stock,scraped,,,gallery,2026-04-16T22:29:40Z,
scripts/warhammer_com/images/orks/ork_smasha_gun/clean/99120103029_OrkSmashaGun01.jpg,gw_shop,,,,orks,ork_smasha_gun,scraped,,,gallery,2026-04-16T22:29:40Z,
scripts/warhammer_com/images/orks/ork_smasha_gun/clean/99120103029_OrkSmashaGun02.jpg,gw_shop,,,,orks,ork_smasha_gun,scraped,,,gallery,2026-04-16T22:29:40Z,
scripts/warhammer_com/images/orks/ork_smasha_gun/clean/99120103029_OrkSmashaGun03.jpg,gw_shop,,,,orks,ork_smasha_gun,scraped,,,gallery,2026-04-16T22:29:40Z,
scripts/warhammer_com/images/orks/ork_snagga_boyz/clean/99120103073_ORKSnaggaBoyzLead.jpg,gw_shop,,,,orks,ork_snagga_boyz,scraped,,,gallery,2026-04-16T22:29:40Z,
scripts/warhammer_com/images/orks/ork_snagga_boyz_stock/clean/99120103073_ORKSnaggaBoyzStock.jpg,gw_shop,,,,orks,ork_snagga_boyz_stock,scraped,,,gallery,2026-04-16T22:29:40Z,
scripts/warhammer_com/images/orks/ork_squighog_boyz_alt_feature/clean/99120103076_ORKSquighogBoyzALTFeature.jpg,gw_shop,,,,orks,ork_squighog_boyz_alt_feature,scraped,,,gallery,2026-04-16T22:29:40Z,
scripts/warhammer_com/images/orks/ork_squighog_boyz_group/clean/99120103076_ORKSquighogBoyzGroup1.jpg,gw_shop,,,,orks,ork_squighog_boyz_group,scraped,,,gallery,2026-04-16T22:29:40Z,
scripts/warhammer_com/images/orks/ork_squighog_boyz_group/clean/99120103076_ORKSquighogBoyzGroup2.jpg,gw_shop,,,,orks,ork_squighog_boyz_group,scraped,,,gallery,2026-04-16T22:29:40Z,
scripts/warhammer_com/images/orks/ork_squighog_boyz_nob/clean/99120103076_ORKSquighogBoyzNobLead.jpg,gw_shop,,,,orks,ork_squighog_boyz_nob,scraped,,,gallery,2026-04-16T22:29:40Z,
scripts/warhammer_com/images/orks/ork_squighog_boyz_stock/clean/99120103076_ORKSquighogBoyzStock.jpg,gw_shop,,,,orks,ork_squighog_boyz_stock,scraped,,,gallery,2026-04-16T22:29:40Z,
scripts/warhammer_com/images/orks/ork_traktor_cannon/clean/99120103029_OrkTraktorCannon01.jpg,gw_shop,,,,orks,ork_traktor_cannon,scraped,,,gallery,2026-04-16T22:29:40Z,
scripts/warhammer_com/images/orks/ork_zodgrod_wortsnagga_stock/clean/99120103076_ORKZodgrodWortsnaggaStock.jpg,gw_shop,,,,orks,ork_zodgrod_wortsnagga_stock,scraped,,,gallery,2026-04-16T22:29:40Z,
scripts/warhammer_com/images/orks/orkcp_feature_boyz/clean/99120103081_ORKCPFeatureBoyz1.jpg,gw_shop,,,,orks,orkcp_feature_boyz,scraped,,,gallery,2026-04-16T22:29:40Z,
scripts/warhammer_com/images/orks/orkcp_feature_boyz/clean/99120103081_ORKCPFeatureBoyz2.jpg,gw_shop,,,,orks,orkcp_feature_boyz,scraped,,,gallery,2026-04-16T22:29:40Z,
scripts/warhammer_com/images/orks/orkcp_feature_boyz_nobz/clean/99120103081_ORKCPFeatureBoyzNobz.jpg,gw_shop,,,,orks,orkcp_feature_boyz_nobz,scraped,,,gallery,2026-04-16T22:29:40Z,
scripts/warhammer_com/images/orks/orks_boomdakka_snazzwagon_stock/clean/99120103098_OrksBoomdakkaSnazzwagonStock.jpg,gw_shop,,,,orks,orks_boomdakka_snazzwagon_stock,scraped,,,gallery,2026-04-16T22:29:40Z,
scripts/warhammer_com/images/orks/orks_boyz_stock/clean/99120103091_OrksBoyzStock.jpg,gw_shop,,,,orks,orks_boyz_stock,scraped,,,gallery,2026-04-16T22:29:40Z,
scripts/warhammer_com/images/orks/orks_deffkilla_wartrike_stock/clean/99120103099_OrksDeffkillaWartrikeStock.jpg,gw_shop,,,,orks,orks_deffkilla_wartrike_stock,scraped,,,gallery,2026-04-16T22:29:40Z,
scripts/warhammer_com/images/orks/orks_flash_gitz_stock/clean/99120103087_OrksFlashGitzStock.jpg,gw_shop,,,,orks,orks_flash_gitz_stock,scraped,,,gallery,2026-04-16T22:29:40Z,
scripts/warhammer_com/images/orks/orks_kill_rig_hunta_rig/clean/99120103072_ORKSKillRigHuntaRigLead.jpg,gw_shop,,,,orks,orks_kill_rig_hunta_rig,scraped,,,gallery,2026-04-16T22:29:40Z,
scripts/warhammer_com/images/orks/orks_kill_rig_hunta_rig_feature/clean/99120103072_ORKSKillRigHuntaRigFeature01.jpg,gw_shop,,,,orks,orks_kill_rig_hunta_rig_feature,scraped,,,gallery,2026-04-16T22:29:40Z,
scripts/warhammer_com/images/orks/orks_kill_rig_hunta_rig_feature/clean/99120103072_ORKSKillRigHuntaRigFeature02.jpg,gw_shop,,,,orks,orks_kill_rig_hunta_rig_feature,scraped,,,gallery,2026-04-16T22:29:40Z,
scripts/warhammer_com/images/orks/orks_kill_rig_hunta_rig_lead_alt/clean/99120103072_ORKSKillRigHuntaRigLeadAlt.jpg,gw_shop,,,,orks,orks_kill_rig_hunta_rig_lead_alt,scraped,,,gallery,2026-04-16T22:29:40Z,
scripts/warhammer_com/images/orks/orks_kill_rig_hunta_rig_single/clean/99120103072_ORKSKillRigHuntaRigSingle.jpg,gw_shop,,,,orks,orks_kill_rig_hunta_rig_single,scraped,,,gallery,2026-04-16T22:29:40Z,
scripts/warhammer_com/images/orks/orks_kill_rig_hunta_rig_single/clean/99120103072_ORKSKillRigHuntaRigSingleALT.jpg,gw_shop,,,,orks,orks_kill_rig_hunta_rig_single,scraped,,,gallery,2026-04-16T22:29:40Z,
scripts/warhammer_com/images/orks/orks_kill_rig_hunta_rig_stock/clean/99120103072_ORKSKillRigHuntaRigStock.jpg,gw_shop,,,,orks,orks_kill_rig_hunta_rig_stock,scraped,,,gallery,2026-04-16T22:29:40Z,
scripts/warhammer_com/images/orks/orks_kustom_boosta_blasta_stock/clean/99120103100_OrksKustomBoostaBlastaStock.jpg,gw_shop,,,,orks,orks_kustom_boosta_blasta_stock,scraped,,,gallery,2026-04-16T22:29:40Z,
scripts/warhammer_com/images/orks/orks_lootas_stock/clean/99120103093_OrksLootasStock.jpg,gw_shop,,,,orks,orks_lootas_stock,scraped,,,gallery,2026-04-16T22:29:40Z,
scripts/warhammer_com/images/orks/orks_megatrakk_scrapjet_stock/clean/99120103101_OrksMegatrakkScrapjetStock.jpg,gw_shop,,,,orks,orks_megatrakk_scrapjet_stock,scraped,,,gallery,2026-04-16T22:29:40Z,
scripts/warhammer_com/images/orks/orks_nobz_stock/clean/99120103094_OrksNobzStock.jpg,gw_shop,,,,orks,orks_nobz_stock,scraped,,,gallery,2026-04-16T22:29:40Z,
scripts/warhammer_com/images/orks/orks_pain_boss/clean/99070103006_ORKSPainBossLead.jpg,gw_shop,,,,orks,orks_pain_boss,scraped,,,gallery,2026-04-16T22:29:40Z,
scripts/warhammer_com/images/orks/orks_pain_boss_lead_alt/clean/99070103006_ORKSPainBossLeadAlt.jpg,gw_shop,,,,orks,orks_pain_boss_lead_alt,scraped,,,gallery,2026-04-16T22:29:40Z,
scripts/warhammer_com/images/orks/orks_pain_boss_lead_feature/clean/99070103006_ORKSPainBossLeadFeature.jpg,gw_shop,,,,orks,orks_pain_boss_lead_feature,scraped,,,gallery,2026-04-16T22:29:40Z,
scripts/warhammer_com/images/orks/orks_painboy_feature/clean/99070103005_OrksPainboyFeature.jpg,gw_shop,,,,orks,orks_painboy_feature,scraped,,,gallery,2026-04-16T22:29:40Z,
scripts/warhammer_com/images/orks/orks_painboy_stock/clean/99070103005_OrksPainboyStock.jpg,gw_shop,,,,orks,orks_painboy_stock,scraped,,,gallery,2026-04-16T22:29:40Z,
scripts/warhammer_com/images/orks/orks_rukkatrakk_squibuggy_stock/clean/99120103102_OrksRukkatrakkSquibuggyStock.jpg,gw_shop,,,,orks,orks_rukkatrakk_squibuggy_stock,scraped,,,gallery,2026-04-16T22:29:40Z,
scripts/warhammer_com/images/orks/orks_runtherdand_gretchin_stock/clean/99120103092_OrksRuntherdandGretchinStock.jpg,gw_shop,,,,orks,orks_runtherdand_gretchin_stock,scraped,,,gallery,2026-04-16T22:29:40Z,
scripts/warhammer_com/images/orks/orks_shokkjump_dragsta_stock/clean/99120103103_OrksShokkjumpDragstaStock.jpg,gw_shop,,,,orks,orks_shokkjump_dragsta_stock,scraped,,,gallery,2026-04-16T22:29:40Z,
scripts/warhammer_com/images/orks/orks_stormboyz_stock/clean/99120103095_OrksStormboyzStock.jpg,gw_shop,,,,orks,orks_stormboyz_stock,scraped,,,gallery,2026-04-16T22:29:40Z,
scripts/warhammer_com/images/orks/orks_trukk_stock/clean/99120103083_OrksTrukkStock.jpg,gw_shop,,,,orks,orks_trukk_stock,scraped,,,gallery,2026-04-16T22:29:40Z,
scripts/warhammer_com/images/orks/orks_warbikes_stock/clean/99120103096_OrksWarbikesStock.jpg,gw_shop,,,,orks,orks_warbikes_stock,scraped,,,gallery,2026-04-16T22:29:40Z,
scripts/warhammer_com/images/orks/painboy/clean/99070103003_Painboy01.jpg,gw_shop,,,,orks,painboy,scraped,,,gallery,2026-04-16T22:29:40Z,
scripts/warhammer_com/images/orks/rukkatrukk_squigbuggy/clean/99120103066_RukkatrukkSquigbuggy01.jpg,gw_shop,,,,orks,rukkatrukk_squigbuggy,scraped,,,gallery,2026-04-16T22:29:40Z,
scripts/warhammer_com/images/orks/rukkatrukk_squigbuggy/clean/99120103066_RukkatrukkSquigbuggy02.jpg,gw_shop,,,,orks,rukkatrukk_squigbuggy,scraped,,,gallery,2026-04-16T22:29:40Z,
scripts/warhammer_com/images/orks/shokk_attack_gun/clean/99120103031_ShokkAttackGun01.jpg,gw_shop,,,,orks,shokk_attack_gun,scraped,,,gallery,2026-04-16T22:29:40Z,
scripts/warhammer_com/images/orks/shokk_attack_gun/clean/99120103031_ShokkAttackGun02.jpg,gw_shop,,,,orks,shokk_attack_gun,scraped,,,gallery,2026-04-16T22:29:40Z,
scripts/warhammer_com/images/orks/shokk_attack_gun/clean/99120103031_ShokkAttackGun03.jpg,gw_shop,,,,orks,shokk_attack_gun,scraped,,,gallery,2026-04-16T22:29:40Z,
scripts/warhammer_com/images/orks/shokkjump_dragsta/clean/99120103067_ShokkjumpDragsta01.jpg,gw_shop,,,,orks,shokkjump_dragsta,scraped,,,gallery,2026-04-16T22:29:40Z,
scripts/warhammer_com/images/orks/snikrot/clean/99120103114_Snikrot1.jpg,gw_shop,,,,orks,snikrot,scraped,,,gallery,2026-04-16T22:29:40Z,
scripts/warhammer_com/images/orks/snikrot_stock/clean/99120103114_SnikrotStock.jpg,gw_shop,,,,orks,snikrot_stock,scraped,,,gallery,2026-04-16T22:29:40Z,
scripts/warhammer_com/images/orks/stompa_new/clean/99120103021_StompaNEW01.jpg,gw_shop,,,,orks,stompa_new,scraped,,,gallery,2026-04-16T22:29:40Z,
scripts/warhammer_com/images/orks/stompa_new/clean/99120103021_StompaNEW02.jpg,gw_shop,,,,orks,stompa_new,scraped,,,gallery,2026-04-16T22:29:40Z,
scripts/warhammer_com/images/orks/stompa_new/clean/99120103021_StompaNEW03.jpg,gw_shop,,,,orks,stompa_new,scraped,,,gallery,2026-04-16T22:29:40Z,
scripts/warhammer_com/images/orks/stompa_new/clean/99120103021_StompaNEW04.jpg,gw_shop,,,,orks,stompa_new,scraped,,,gallery,2026-04-16T22:29:40Z,
scripts/warhammer_com/images/orks/stormboyz/clean/99120103056_Stormboyz01.jpg,gw_shop,,,,orks,stormboyz,scraped,,,gallery,2026-04-16T22:29:40Z,
scripts/warhammer_com/images/orks/stormboyz/clean/99120103056_Stormboyz02.jpg,gw_shop,,,,orks,stormboyz,scraped,,,gallery,2026-04-16T22:29:40Z,
scripts/warhammer_com/images/orks/thraka/clean/99120103079_ThrakaLead.jpg,gw_shop,,,,orks,thraka,scraped,,,gallery,2026-04-16T22:29:40Z,
scripts/warhammer_com/images/orks/thraka_feature/clean/99120103079_ThrakaFeature1.jpg,gw_shop,,,,orks,thraka_feature,scraped,,,gallery,2026-04-16T22:29:40Z,
scripts/warhammer_com/images/orks/thraka_feature/clean/99120103079_ThrakaFeature2.jpg,gw_shop,,,,orks,thraka_feature,scraped,,,gallery,2026-04-16T22:29:40Z,
scripts/warhammer_com/images/orks/thraka_feature/clean/99120103079_ThrakaFeature3.jpg,gw_shop,,,,orks,thraka_feature,scraped,,,gallery,2026-04-16T22:29:40Z,
scripts/warhammer_com/images/orks/thraka_stock/clean/99120103079_ThrakaStock.jpg,gw_shop,,,,orks,thraka_stock,scraped,,,gallery,2026-04-16T22:29:40Z,
scripts/warhammer_com/images/orks/trukk_new/clean/99120103012_TrukkNEW01.jpg,gw_shop,,,,orks,trukk_new,scraped,,,gallery,2026-04-16T22:29:40Z,
scripts/warhammer_com/images/orks/warbiker_mob/clean/99120103057_WarbikerMob01.jpg,gw_shop,,,,orks,warbiker_mob,scraped,,,gallery,2026-04-16T22:29:40Z,
scripts/warhammer_com/images/orks/warboss_attack_squig/clean/99120103111_WarbossAttackSquigLead.jpg,gw_shop,,,,orks,warboss_attack_squig,scraped,,,gallery,2026-04-16T22:29:40Z,
scripts/warhammer_com/images/orks/warboss_attack_squig_feature/clean/99120103111_WarbossAttackSquigFeature.jpg,gw_shop,,,,orks,warboss_attack_squig_feature,scraped,,,gallery,2026-04-16T22:29:40Z,
scripts/warhammer_com/images/orks/warboss_attack_squig_scale/clean/99120103111_WarbossAttackSquigScale.jpg,gw_shop,,,,orks,warboss_attack_squig_scale,scraped,,,gallery,2026-04-16T22:29:40Z,
scripts/warhammer_com/images/orks/warbossin_mega_armour/clean/99120103105_WarbossinMegaArmourLead.jpg,gw_shop,,,,orks,warbossin_mega_armour,scraped,,,gallery,2026-04-16T22:29:40Z,
scripts/warhammer_com/images/orks/warbossin_mega_armour_feature/clean/99120103105_WarbossinMegaArmourFeature.jpg,gw_shop,,,,orks,warbossin_mega_armour_feature,scraped,,,gallery,2026-04-16T22:29:40Z,
scripts/warhammer_com/images/orks/warbossin_mega_armour_scale/clean/99120103105_WarbossinMegaArmourScale.jpg,gw_shop,,,,orks,warbossin_mega_armour_scale,scraped,,,gallery,2026-04-16T22:29:40Z,
scripts/warhammer_com/images/orks/warbossin_mega_armour_stock/clean/99120103105_WarbossinMegaArmourStock.jpg,gw_shop,,,,orks,warbossin_mega_armour_stock,scraped,,,gallery,2026-04-16T22:29:40Z,
scripts/warhammer_com/images/orks/wazbom_blastajet/clean/99120103043_WazbomBlastajet01.jpg,gw_shop,,,,orks,wazbom_blastajet,scraped,,,gallery,2026-04-16T22:29:40Z,
scripts/warhammer_com/images/orks/wazbom_blastajet/clean/99120103043_WazbomBlastajet05.jpg,gw_shop,,,,orks,wazbom_blastajet,scraped,,,gallery,2026-04-16T22:29:40Z,
scripts/warhammer_com/images/orks/wazbom_feature/clean/99120103090_WazbomFeature.jpg,gw_shop,,,,orks,wazbom_feature,scraped,,,gallery,2026-04-16T22:29:40Z,
scripts/warhammer_com/images/orks/weirdboy_new/clean/99800103004_WeirdboyNEW01.jpg,gw_shop,,,,orks,weirdboy_new,scraped,,,gallery,2026-04-16T22:29:40Z,
scripts/warhammer_com/images/orks/wh/clean/99120103127_WH40KOrksKommandosSquadBOX.jpg,gw_shop,,,,orks,wh,scraped,,,gallery,2026-04-16T22:29:40Z,
scripts/warhammer_com/images/raven_guard/raven_guard_aethon_shaan/clean/99120101445_RavenGuardAethonShaan01.jpg,gw_shop,,,,raven_guard,raven_guard_aethon_shaan,scraped,,,gallery,2026-04-16T22:29:40Z,
scripts/warhammer_com/images/raven_guard/raven_guard_aethon_shaan/clean/99120101445_RavenGuardAethonShaan05.jpg,gw_shop,,,,raven_guard,raven_guard_aethon_shaan,scraped,,,gallery,2026-04-16T22:29:40Z,
scripts/warhammer_com/images/raven_guard/rg_kayvaan_shrike_stock/clean/99120101292_RGKayvaanShrikeStock.jpg,gw_shop,,,,raven_guard,rg_kayvaan_shrike_stock,scraped,,,gallery,2026-04-16T22:29:40Z,
scripts/warhammer_com/images/raven_guard/rg_primaris_upgrades/clean/99070101041_RGPrimarisUpgrades03.jpg,gw_shop,,,,raven_guard,rg_primaris_upgrades,scraped,,,gallery,2026-04-16T22:29:40Z,
scripts/warhammer_com/images/salamanders/adrax_agatone_stock/clean/99120101293_AdraxAgatoneStock.jpg,gw_shop,,,,salamanders,adrax_agatone_stock,scraped,,,gallery,2026-04-16T22:29:40Z,
scripts/warhammer_com/images/salamanders/sal_adrax_agatone/clean/99120101259_SALAdraxAgatone01.jpg,gw_shop,,,,salamanders,sal_adrax_agatone,scraped,,,gallery,2026-04-16T22:29:40Z,
scripts/warhammer_com/images/salamanders/sal_adrax_agatone/clean/99120101259_SALAdraxAgatone02.jpg,gw_shop,,,,salamanders,sal_adrax_agatone,scraped,,,gallery,2026-04-16T22:29:40Z,
scripts/warhammer_com/images/salamanders/sal_primaris_upgrades/clean/99070101044_SALPrimarisUpgrades01.jpg,gw_shop,,,,salamanders,sal_primaris_upgrades,scraped,,,gallery,2026-04-16T22:29:40Z,
scripts/warhammer_com/images/salamanders/sal_primaris_upgrades/clean/99070101044_SALPrimarisUpgrades03.jpg,gw_shop,,,,salamanders,sal_primaris_upgrades,scraped,,,gallery,2026-04-16T22:29:40Z,
scripts/warhammer_com/images/salamanders/space_marines_salamanders_vulkan_hestan/clean/99120101444_SpaceMarinesSalamandersVulkanHestan1.jpg,gw_shop,,,,salamanders,space_marines_salamanders_vulkan_hestan,scraped,,,gallery,2026-04-16T22:29:40Z,
scripts/warhammer_com/images/salamanders/space_marines_salamanders_vulkan_hestan/clean/99120101444_SpaceMarinesSalamandersVulkanHestan2.jpg,gw_shop,,,,salamanders,space_marines_salamanders_vulkan_hestan,scraped,,,gallery,2026-04-16T22:29:40Z,
scripts/warhammer_com/images/salamanders/space_marines_salamanders_vulkan_hestan/clean/99120101444_SpaceMarinesSalamandersVulkanHestan3.jpg,gw_shop,,,,salamanders,space_marines_salamanders_vulkan_hestan,scraped,,,gallery,2026-04-16T22:29:40Z,
scripts/warhammer_com/images/salamanders/space_marines_salamanders_vulkan_hestan/clean/99120101444_SpaceMarinesSalamandersVulkanHestan5.jpg,gw_shop,,,,salamanders,space_marines_salamanders_vulkan_hestan,scraped,,,gallery,2026-04-16T22:29:40Z,
scripts/warhammer_com/images/space_marines/adeptus_astartes_storm_hawk_interceptor/clean/99120101152_AdeptusAstartesStormHawkInterceptor02.jpg,gw_shop,,,,space_marines,adeptus_astartes_storm_hawk_interceptor,scraped,,,gallery,2026-04-16T22:29:40Z,
scripts/warhammer_com/images/space_marines/adeptus_astartes_storm_hawk_interceptor/clean/99120101152_AdeptusAstartesStormHawkInterceptor03.jpg,gw_shop,,,,space_marines,adeptus_astartes_storm_hawk_interceptor,scraped,,,gallery,2026-04-16T22:29:40Z,
scripts/warhammer_com/images/space_marines/astraeus_superheavy_tank/clean/99560101569_AstraeusSuperheavyTank01.jpg,gw_shop,,,,space_marines,astraeus_superheavy_tank,scraped,,,gallery,2026-04-16T22:29:40Z,
scripts/warhammer_com/images/space_marines/astraeus_superheavy_tank/clean/99560101569_AstraeusSuperheavyTank03.jpg,gw_shop,,,,space_marines,astraeus_superheavy_tank,scraped,,,gallery,2026-04-16T22:29:40Z,
scripts/warhammer_com/images/space_marines/astraeus_superheavy_tank/clean/99560101569_AstraeusSuperheavyTank04.jpg,gw_shop,,,,space_marines,astraeus_superheavy_tank,scraped,,,gallery,2026-04-16T22:29:40Z,
scripts/warhammer_com/images/space_marines/astraeus_superheavy_tank/clean/99560101569_AstraeusSuperheavyTank05.jpg,gw_shop,,,,space_marines,astraeus_superheavy_tank,scraped,,,gallery,2026-04-16T22:29:40Z,
scripts/warhammer_com/images/space_marines/ballistus_dreadnought/clean/99120101393_BallistusDreadnought1.jpg,gw_shop,,,,space_marines,ballistus_dreadnought,scraped,,,gallery,2026-04-16T22:29:40Z,
scripts/warhammer_com/images/space_marines/ballistus_dreadnought/clean/99120101393_BallistusDreadnought4.jpg,gw_shop,,,,space_marines,ballistus_dreadnought,scraped,,,gallery,2026-04-16T22:29:40Z,
scripts/warhammer_com/images/space_marines/ballistus_dreadnought_update_transfer/clean/99120101393_BallistusDreadnoughtUPDATETransfer.jpg,gw_shop,,,,space_marines,ballistus_dreadnought_update_transfer,scraped,,,gallery,2026-04-16T22:29:40Z,
scripts/warhammer_com/images/space_marines/blood_angels_chaplain_jumpack/clean/99070101017_BloodAngelsChaplainJumpack01.jpg,gw_shop,,,,space_marines,blood_angels_chaplain_jumpack,scraped,,,gallery,2026-04-16T22:29:40Z,
scripts/warhammer_com/images/space_marines/blood_angels_chaplain_jumpack/clean/99070101017_BloodAngelsChaplainJumpack02.jpg,gw_shop,,,,space_marines,blood_angels_chaplain_jumpack,scraped,,,gallery,2026-04-16T22:29:40Z,
scripts/warhammer_com/images/space_marines/blood_angels_chaplain_jumpack/clean/99070101017_BloodAngelsChaplainJumpack03.jpg,gw_shop,,,,space_marines,blood_angels_chaplain_jumpack,scraped,,,gallery,2026-04-16T22:29:40Z,
scripts/warhammer_com/images/space_marines/blood_angels_chaplain_jumpack/clean/99070101017_BloodAngelsChaplainJumpack04.jpg,gw_shop,,,,space_marines,blood_angels_chaplain_jumpack,scraped,,,gallery,2026-04-16T22:29:40Z,
scripts/warhammer_com/images/space_marines/blood_angels_chaplain_jumpack/clean/99070101017_BloodAngelsChaplainJumpack05.jpg,gw_shop,,,,space_marines,blood_angels_chaplain_jumpack,scraped,,,gallery,2026-04-16T22:29:40Z,
scripts/warhammer_com/images/space_marines/centurion_assault_squad_new/clean/99120101106_CenturionAssaultSquadNEW01.jpg,gw_shop,,,,space_marines,centurion_assault_squad_new,scraped,,,gallery,2026-04-16T22:29:40Z,
scripts/warhammer_com/images/space_marines/centurion_assault_squad_new/clean/99120101106_CenturionAssaultSquadNEW02.jpg,gw_shop,,,,space_marines,centurion_assault_squad_new,scraped,,,gallery,2026-04-16T22:29:40Z,
scripts/warhammer_com/images/space_marines/centurion_assault_squad_new/clean/99120101106_CenturionAssaultSquadNEW03.jpg,gw_shop,,,,space_marines,centurion_assault_squad_new,scraped,,,gallery,2026-04-16T22:29:40Z,
scripts/warhammer_com/images/space_marines/centurion_assault_squad_new/clean/99120101106_CenturionAssaultSquadNEW04.jpg,gw_shop,,,,space_marines,centurion_assault_squad_new,scraped,,,gallery,2026-04-16T22:29:40Z,
scripts/warhammer_com/images/space_marines/centurion_assault_squad_new/clean/99120101106_CenturionAssaultSquadNEW05.jpg,gw_shop,,,,space_marines,centurion_assault_squad_new,scraped,,,gallery,2026-04-16T22:29:40Z,
scripts/warhammer_com/images/space_marines/centurion_assault_squad_new/clean/99120101106_CenturionAssaultSquadNEW06.jpg,gw_shop,,,,space_marines,centurion_assault_squad_new,scraped,,,gallery,2026-04-16T22:29:40Z,
scripts/warhammer_com/images/space_marines/centurion_assault_squad_stock/clean/99120101313_CenturionAssaultSquadStock.jpg,gw_shop,,,,space_marines,centurion_assault_squad_stock,scraped,,,gallery,2026-04-16T22:29:40Z,
scripts/warhammer_com/images/space_marines/centurion_devastator_squad_new/clean/99120101106_CenturionDevastatorSquadNEW01.jpg,gw_shop,,,,space_marines,centurion_devastator_squad_new,scraped,,,gallery,2026-04-16T22:29:40Z,
scripts/warhammer_com/images/space_marines/centurion_devastator_squad_new/clean/99120101106_CenturionDevastatorSquadNEW02.jpg,gw_shop,,,,space_marines,centurion_devastator_squad_new,scraped,,,gallery,2026-04-16T22:29:40Z,
scripts/warhammer_com/images/space_marines/centurion_devastator_squad_new/clean/99120101106_CenturionDevastatorSquadNEW03.jpg,gw_shop,,,,space_marines,centurion_devastator_squad_new,scraped,,,gallery,2026-04-16T22:29:40Z,
scripts/warhammer_com/images/space_marines/centurion_devastator_squad_new/clean/99120101106_CenturionDevastatorSquadNEW04.jpg,gw_shop,,,,space_marines,centurion_devastator_squad_new,scraped,,,gallery,2026-04-16T22:29:40Z,
scripts/warhammer_com/images/space_marines/centurion_devastator_squad_new/clean/99120101106_CenturionDevastatorSquadNEW05.jpg,gw_shop,,,,space_marines,centurion_devastator_squad_new,scraped,,,gallery,2026-04-16T22:29:40Z,
scripts/warhammer_com/images/space_marines/custodian_landraider/clean/99120101061_CustodianLandraider01.jpg,gw_shop,,,,space_marines,custodian_landraider,scraped,,,gallery,2026-04-16T22:29:40Z,
scripts/warhammer_com/images/space_marines/eng_wh40_k_getting_started_with_tenth_edition/clean/60040199169_EngWH40KGettingStartedWithTenthEdition01.jpg,gw_shop,,,,space_marines,eng_wh40_k_getting_started_with_tenth_edition,scraped,,,gallery,2026-04-16T22:29:40Z,
scripts/warhammer_com/images/space_marines/eng_wh40_k_getting_started_with_tenth_edition/clean/60040199169_EngWH40KGettingStartedWithTenthEdition02.jpg,gw_shop,,,,space_marines,eng_wh40_k_getting_started_with_tenth_edition,scraped,,,gallery,2026-04-16T22:29:40Z,
scripts/warhammer_com/images/space_marines/eng_wh40_k_getting_started_with_tenth_edition/clean/60040199169_EngWH40KGettingStartedWithTenthEdition03.jpg,gw_shop,,,,space_marines,eng_wh40_k_getting_started_with_tenth_edition,scraped,,,gallery,2026-04-16T22:29:40Z,
scripts/warhammer_com/images/space_marines/eng_wh40_k_getting_started_with_tenth_edition/clean/60040199169_EngWH40KGettingStartedWithTenthEdition04.jpg,gw_shop,,,,space_marines,eng_wh40_k_getting_started_with_tenth_edition,scraped,,,gallery,2026-04-16T22:29:40Z,
scripts/warhammer_com/images/space_marines/engwh/clean/60010199058_ENGWH40kStarterSetStock.jpg,gw_shop,,,,space_marines,engwh,scraped,,,gallery,2026-04-16T22:29:40Z,
scripts/warhammer_com/images/space_marines/engwh/clean/60010199059_ENGWH40kIntroductoryStarterSetStock.jpg,gw_shop,,,,space_marines,engwh,scraped,,,gallery,2026-04-16T22:29:40Z,
scripts/warhammer_com/images/space_marines/engwh/clean/60010199067_ENGWH40KUltimateStarterCombatPatrolVersionBox.jpg,gw_shop,,,,space_marines,engwh,scraped,,,gallery,2026-04-16T22:29:40Z,
scripts/warhammer_com/images/space_marines/engwh/clean/60010199067_ENGWH40KUltimateStarterCombatPatrolVersionLEAD.jpg,gw_shop,,,,space_marines,engwh,scraped,,,gallery,2026-04-16T22:29:40Z,
scripts/warhammer_com/images/space_marines/engwh40k_introductory_starter_set/clean/60010199059_ENGWH40kIntroductoryStarterSet1.jpg,gw_shop,,,,space_marines,engwh40k_introductory_starter_set,scraped,,,gallery,2026-04-16T22:29:40Z,
scripts/warhammer_com/images/space_marines/engwh40k_introductory_starter_set/clean/60010199059_ENGWH40kIntroductoryStarterSet10.jpg,gw_shop,,,,space_marines,engwh40k_introductory_starter_set,scraped,,,gallery,2026-04-16T22:29:40Z,
scripts/warhammer_com/images/space_marines/engwh40k_introductory_starter_set/clean/60010199059_ENGWH40kIntroductoryStarterSet2.jpg,gw_shop,,,,space_marines,engwh40k_introductory_starter_set,scraped,,,gallery,2026-04-16T22:29:40Z,
scripts/warhammer_com/images/space_marines/engwh40k_introductory_starter_set/clean/60010199059_ENGWH40kIntroductoryStarterSet3.jpg,gw_shop,,,,space_marines,engwh40k_introductory_starter_set,scraped,,,gallery,2026-04-16T22:29:40Z,
scripts/warhammer_com/images/space_marines/engwh40k_introductory_starter_set/clean/60010199059_ENGWH40kIntroductoryStarterSet4.jpg,gw_shop,,,,space_marines,engwh40k_introductory_starter_set,scraped,,,gallery,2026-04-16T22:29:40Z,
scripts/warhammer_com/images/space_marines/engwh40k_introductory_starter_set/clean/60010199059_ENGWH40kIntroductoryStarterSet7.jpg,gw_shop,,,,space_marines,engwh40k_introductory_starter_set,scraped,,,gallery,2026-04-16T22:29:40Z,
scripts/warhammer_com/images/space_marines/engwh40k_introductory_starter_set/clean/60010199059_ENGWH40kIntroductoryStarterSet8.jpg,gw_shop,,,,space_marines,engwh40k_introductory_starter_set,scraped,,,gallery,2026-04-16T22:29:40Z,
scripts/warhammer_com/images/space_marines/engwh40k_introductory_starter_set/clean/60010199059_ENGWH40kIntroductoryStarterSet9.jpg,gw_shop,,,,space_marines,engwh40k_introductory_starter_set,scraped,,,gallery,2026-04-16T22:29:40Z,
scripts/warhammer_com/images/space_marines/engwh40k_starter_set/clean/60010199058_ENGWH40kStarterSet1.jpg,gw_shop,,,,space_marines,engwh40k_starter_set,scraped,,,gallery,2026-04-16T22:29:40Z,
scripts/warhammer_com/images/space_marines/engwh40k_starter_set/clean/60010199058_ENGWH40kStarterSet2.jpg,gw_shop,,,,space_marines,engwh40k_starter_set,scraped,,,gallery,2026-04-16T22:29:40Z,
scripts/warhammer_com/images/space_marines/engwh40k_starter_set/clean/60010199058_ENGWH40kStarterSet3.jpg,gw_shop,,,,space_marines,engwh40k_starter_set,scraped,,,gallery,2026-04-16T22:29:40Z,
scripts/warhammer_com/images/space_marines/engwh40k_starter_set/clean/60010199058_ENGWH40kStarterSet4.jpg,gw_shop,,,,space_marines,engwh40k_starter_set,scraped,,,gallery,2026-04-16T22:29:40Z,
scripts/warhammer_com/images/space_marines/eye_of_terror_battalion_sonsof_dorn/clean/99120101287_EyeOfTerrorBattalionSonsofDorn01.jpg,gw_shop,,,,space_marines,eye_of_terror_battalion_sonsof_dorn,scraped,,,gallery,2026-04-16T22:29:40Z,
scripts/warhammer_com/images/space_marines/eye_of_terror_battalion_sonsof_dorn/clean/99120101287_EyeOfTerrorBattalionSonsofDorn02.jpg,gw_shop,,,,space_marines,eye_of_terror_battalion_sonsof_dorn,scraped,,,gallery,2026-04-16T22:29:40Z,
scripts/warhammer_com/images/space_marines/eye_of_terror_battalion_sonsof_dorn/clean/99120101287_EyeOfTerrorBattalionSonsofDorn03.jpg,gw_shop,,,,space_marines,eye_of_terror_battalion_sonsof_dorn,scraped,,,gallery,2026-04-16T22:29:40Z,
scripts/warhammer_com/images/space_marines/eye_of_terror_battalion_sonsof_dorn/clean/99120101287_EyeOfTerrorBattalionSonsofDorn04.jpg,gw_shop,,,,space_marines,eye_of_terror_battalion_sonsof_dorn,scraped,,,gallery,2026-04-16T22:29:40Z,
scripts/warhammer_com/images/space_marines/eye_of_terror_battalion_sonsof_dorn/clean/99120101287_EyeOfTerrorBattalionSonsofDorn05.jpg,gw_shop,,,,space_marines,eye_of_terror_battalion_sonsof_dorn,scraped,,,gallery,2026-04-16T22:29:40Z,
scripts/warhammer_com/images/space_marines/eye_of_terror_battalion_sonsof_dorn/clean/99120101287_EyeOfTerrorBattalionSonsofDorn07.jpg,gw_shop,,,,space_marines,eye_of_terror_battalion_sonsof_dorn,scraped,,,gallery,2026-04-16T22:29:40Z,
scripts/warhammer_com/images/space_marines/gk_landraider/clean/99120101061_GKLandraider01.jpg,gw_shop,,,,space_marines,gk_landraider,scraped,,,gallery,2026-04-16T22:29:40Z,
scripts/warhammer_com/images/space_marines/gk_venerable_dread/clean/99120101083_GKVenerableDread01.jpg,gw_shop,,,,space_marines,gk_venerable_dread,scraped,,,gallery,2026-04-16T22:29:40Z,
scripts/warhammer_com/images/space_marines/honouredofthe_chapter/clean/99120101353_HonouredoftheChapterLead.jpg,gw_shop,,,,space_marines,honouredofthe_chapter,scraped,,,gallery,2026-04-16T22:29:40Z,
scripts/warhammer_com/images/space_marines/honouredofthe_chapter_eradicators_feature/clean/99120101353_HonouredoftheChapterEradicatorsFeature.jpg,gw_shop,,,,space_marines,honouredofthe_chapter_eradicators_feature,scraped,,,gallery,2026-04-16T22:29:40Z,
scripts/warhammer_com/images/space_marines/honouredofthe_chapter_feature/clean/99120101353_HonouredoftheChapterFeature1.jpg,gw_shop,,,,space_marines,honouredofthe_chapter_feature,scraped,,,gallery,2026-04-16T22:29:40Z,
scripts/warhammer_com/images/space_marines/honouredofthe_chapter_feature/clean/99120101353_HonouredoftheChapterFeature2.jpg,gw_shop,,,,space_marines,honouredofthe_chapter_feature,scraped,,,gallery,2026-04-16T22:29:40Z,
scripts/warhammer_com/images/space_marines/honouredofthe_chapter_feature/clean/99120101353_HonouredoftheChapterFeature3.jpg,gw_shop,,,,space_marines,honouredofthe_chapter_feature,scraped,,,gallery,2026-04-16T22:29:40Z,
scripts/warhammer_com/images/space_marines/impulsor_stock/clean/99120101324_ImpulsorStock.jpg,gw_shop,,,,space_marines,impulsor_stock,scraped,,,gallery,2026-04-16T22:29:40Z,
scripts/warhammer_com/images/space_marines/infernus_squad/clean/99120101391_InfernusSquad1.jpg,gw_shop,,,,space_marines,infernus_squad,scraped,,,gallery,2026-04-16T22:29:40Z,
scripts/warhammer_com/images/space_marines/infernus_squad/clean/99120101391_InfernusSquad2.jpg,gw_shop,,,,space_marines,infernus_squad,scraped,,,gallery,2026-04-16T22:29:40Z,
scripts/warhammer_com/images/space_marines/infernus_squad/clean/99120101391_InfernusSquad3.jpg,gw_shop,,,,space_marines,infernus_squad,scraped,,,gallery,2026-04-16T22:29:40Z,
scripts/warhammer_com/images/space_marines/infernus_squad/clean/99120101391_InfernusSquad4.jpg,gw_shop,,,,space_marines,infernus_squad,scraped,,,gallery,2026-04-16T22:29:40Z,
scripts/warhammer_com/images/space_marines/invictor_tactical_warsuit_stock/clean/99120101326_InvictorTacticalWarsuitStock.jpg,gw_shop,,,,space_marines,invictor_tactical_warsuit_stock,scraped,,,gallery,2026-04-16T22:29:40Z,
scripts/warhammer_com/images/space_marines/kt_salvation/clean/60010199064_KTSalvation6.jpg,gw_shop,,,,space_marines,kt_salvation,scraped,,,gallery,2026-04-16T22:29:40Z,
scripts/warhammer_com/images/space_marines/kt_salvation/clean/60010199064_KTSalvation7.jpg,gw_shop,,,,space_marines,kt_salvation,scraped,,,gallery,2026-04-16T22:29:40Z,
scripts/warhammer_com/images/space_marines/kt_scout_squad/clean/99120101422_KTScoutSquad1.jpg,gw_shop,,,,space_marines,kt_scout_squad,scraped,,,gallery,2026-04-16T22:29:40Z,
scripts/warhammer_com/images/space_marines/kt_scout_squad/clean/99120101422_KTScoutSquad2.jpg,gw_shop,,,,space_marines,kt_scout_squad,scraped,,,gallery,2026-04-16T22:29:40Z,
scripts/warhammer_com/images/space_marines/land_raider_crusader/clean/99120101070_LandRaiderCrusader01.jpg,gw_shop,,,,space_marines,land_raider_crusader,scraped,,,gallery,2026-04-16T22:29:40Z,
scripts/warhammer_com/images/space_marines/land_raider_crusader_new/clean/99120101070_LandRaiderCrusaderNEW01.jpg,gw_shop,,,,space_marines,land_raider_crusader_new,scraped,,,gallery,2026-04-16T22:29:40Z,
scripts/warhammer_com/images/space_marines/land_raider_redeemer_new/clean/99120101070_LandRaiderRedeemerNEW01.jpg,gw_shop,,,,space_marines,land_raider_redeemer_new,scraped,,,gallery,2026-04-16T22:29:40Z,
scripts/warhammer_com/images/space_marines/land_raider_redeemer_new/clean/99120101070_LandRaiderRedeemerNEW02.jpg,gw_shop,,,,space_marines,land_raider_redeemer_new,scraped,,,gallery,2026-04-16T22:29:40Z,
scripts/warhammer_com/images/space_marines/leviathan/clean/60010199057_Leviathan12.jpg,gw_shop,,,,space_marines,leviathan,scraped,,,gallery,2026-04-16T22:29:40Z,
scripts/warhammer_com/images/space_marines/leviathan_extra/clean/60010199057_LeviathanEXTRA10.jpg,gw_shop,,,,space_marines,leviathan_extra,scraped,,,gallery,2026-04-16T22:29:40Z,
scripts/warhammer_com/images/space_marines/leviathan_extra/clean/60010199057_LeviathanEXTRA17.jpg,gw_shop,,,,space_marines,leviathan_extra,scraped,,,gallery,2026-04-16T22:29:40Z,
scripts/warhammer_com/images/space_marines/leviathan_extra/clean/60010199057_LeviathanEXTRA2.jpg,gw_shop,,,,space_marines,leviathan_extra,scraped,,,gallery,2026-04-16T22:29:40Z,
scripts/warhammer_com/images/space_marines/leviathan_extra/clean/60010199057_LeviathanEXTRA3.jpg,gw_shop,,,,space_marines,leviathan_extra,scraped,,,gallery,2026-04-16T22:29:40Z,
scripts/warhammer_com/images/space_marines/leviathan_extra/clean/60010199057_LeviathanEXTRA6.jpg,gw_shop,,,,space_marines,leviathan_extra,scraped,,,gallery,2026-04-16T22:29:40Z,
scripts/warhammer_com/images/space_marines/leviathan_extra/clean/60010199057_LeviathanEXTRA7.jpg,gw_shop,,,,space_marines,leviathan_extra,scraped,,,gallery,2026-04-16T22:29:40Z,
scripts/warhammer_com/images/space_marines/leviathan_extra/clean/60010199057_LeviathanEXTRA9.jpg,gw_shop,,,,space_marines,leviathan_extra,scraped,,,gallery,2026-04-16T22:29:40Z,
scripts/warhammer_com/images/space_marines/librarian_terminator_armour_stock/clean/99120101387_LibrarianTerminatorArmourStock.jpg,gw_shop,,,,space_marines,librarian_terminator_armour_stock,scraped,,,gallery,2026-04-16T22:29:40Z,
scripts/warhammer_com/images/space_marines/mark3_marines/clean/99120101170_Mark3Marines09.jpg,gw_shop,,,,space_marines,mark3_marines,scraped,,,gallery,2026-04-16T22:29:40Z,
scripts/warhammer_com/images/space_marines/primaris_apothecary/clean/99120101178_PrimarisApothecary01.jpg,gw_shop,,,,space_marines,primaris_apothecary,scraped,,,gallery,2026-04-16T22:29:40Z,
scripts/warhammer_com/images/space_marines/primaris_apothecary/clean/99120101178_PrimarisApothecary02.jpg,gw_shop,,,,space_marines,primaris_apothecary,scraped,,,gallery,2026-04-16T22:29:40Z,
scripts/warhammer_com/images/space_marines/primaris_apothecary/clean/99120101178_PrimarisApothecary03.jpg,gw_shop,,,,space_marines,primaris_apothecary,scraped,,,gallery,2026-04-16T22:29:40Z,
scripts/warhammer_com/images/space_marines/primaris_captain/clean/99120101179_PrimarisCaptain01.jpg,gw_shop,,,,space_marines,primaris_captain,scraped,,,gallery,2026-04-16T22:29:40Z,
scripts/warhammer_com/images/space_marines/primaris_captain/clean/99120101179_PrimarisCaptain02.jpg,gw_shop,,,,space_marines,primaris_captain,scraped,,,gallery,2026-04-16T22:29:40Z,
scripts/warhammer_com/images/space_marines/primaris_captain/clean/99120101179_PrimarisCaptain03.jpg,gw_shop,,,,space_marines,primaris_captain,scraped,,,gallery,2026-04-16T22:29:40Z,
scripts/warhammer_com/images/space_marines/primaris_captain/clean/99120101179_PrimarisCaptain04.jpg,gw_shop,,,,space_marines,primaris_captain,scraped,,,gallery,2026-04-16T22:29:40Z,
scripts/warhammer_com/images/space_marines/primaris_captain/clean/99120101179_PrimarisCaptain05.jpg,gw_shop,,,,space_marines,primaris_captain,scraped,,,gallery,2026-04-16T22:29:40Z,
scripts/warhammer_com/images/space_marines/primaris_captain/clean/99120101179_PrimarisCaptain09.jpg,gw_shop,,,,space_marines,primaris_captain,scraped,,,gallery,2026-04-16T22:29:40Z,
scripts/warhammer_com/images/space_marines/primaris_chaplain/clean/99120101180_PrimarisChaplain01.jpg,gw_shop,,,,space_marines,primaris_chaplain,scraped,,,gallery,2026-04-16T22:29:40Z,
scripts/warhammer_com/images/space_marines/primaris_chaplain/clean/99120101180_PrimarisChaplain02.jpg,gw_shop,,,,space_marines,primaris_chaplain,scraped,,,gallery,2026-04-16T22:29:40Z,
scripts/warhammer_com/images/space_marines/primaris_firestrike_servo_turret/clean/99120101272_PrimarisFirestrikeServoTurretLead.jpg,gw_shop,,,,space_marines,primaris_firestrike_servo_turret,scraped,,,gallery,2026-04-16T22:29:40Z,
scripts/warhammer_com/images/space_marines/primaris_firestrike_servo_turret_feature/clean/99120101272_PrimarisFirestrikeServoTurretFeature01.jpg,gw_shop,,,,space_marines,primaris_firestrike_servo_turret_feature,scraped,,,gallery,2026-04-16T22:29:40Z,
scripts/warhammer_com/images/space_marines/primaris_firestrike_servo_turret_feature/clean/99120101272_PrimarisFirestrikeServoTurretFeature02.jpg,gw_shop,,,,space_marines,primaris_firestrike_servo_turret_feature,scraped,,,gallery,2026-04-16T22:29:40Z,
scripts/warhammer_com/images/space_marines/primaris_firestrike_servo_turret_stock/clean/99120101272_PrimarisFirestrikeServoTurretStock.jpg,gw_shop,,,,space_marines,primaris_firestrike_servo_turret_stock,scraped,,,gallery,2026-04-16T22:29:40Z,
scripts/warhammer_com/images/space_marines/primaris_hellblasters/clean/99120101189_PrimarisHellblasters01.jpg,gw_shop,,,,space_marines,primaris_hellblasters,scraped,,,gallery,2026-04-16T22:29:40Z,
scripts/warhammer_com/images/space_marines/primaris_hellblasters/clean/99120101189_PrimarisHellblasters02.jpg,gw_shop,,,,space_marines,primaris_hellblasters,scraped,,,gallery,2026-04-16T22:29:40Z,
scripts/warhammer_com/images/space_marines/primaris_hellblasters/clean/99120101189_PrimarisHellblasters04.jpg,gw_shop,,,,space_marines,primaris_hellblasters,scraped,,,gallery,2026-04-16T22:29:40Z,
scripts/warhammer_com/images/space_marines/primaris_hellblasters_stock/clean/99120101308_PrimarisHellblastersStock.jpg,gw_shop,,,,space_marines,primaris_hellblasters_stock,scraped,,,gallery,2026-04-16T22:29:40Z,
scripts/warhammer_com/images/space_marines/primaris_inceptors/clean/99120101193_PrimarisInceptors01.jpg,gw_shop,,,,space_marines,primaris_inceptors,scraped,,,gallery,2026-04-16T22:29:40Z,
scripts/warhammer_com/images/space_marines/primaris_inceptors/clean/99120101193_PrimarisInceptors02.jpg,gw_shop,,,,space_marines,primaris_inceptors,scraped,,,gallery,2026-04-16T22:29:40Z,
scripts/warhammer_com/images/space_marines/primaris_inceptors/clean/99120101193_PrimarisInceptors03.jpg,gw_shop,,,,space_marines,primaris_inceptors,scraped,,,gallery,2026-04-16T22:29:40Z,
scripts/warhammer_com/images/space_marines/primaris_inceptors/clean/99120101193_PrimarisInceptors04.jpg,gw_shop,,,,space_marines,primaris_inceptors,scraped,,,gallery,2026-04-16T22:29:40Z,
scripts/warhammer_com/images/space_marines/primaris_infiltrators_stock/clean/99120101325_PrimarisInfiltratorsStock.jpg,gw_shop,,,,space_marines,primaris_infiltrators_stock,scraped,,,gallery,2026-04-16T22:29:40Z,
scripts/warhammer_com/images/space_marines/primaris_intercessors/clean/99120101190_PrimarisIntercessors01.jpg,gw_shop,,,,space_marines,primaris_intercessors,scraped,,,gallery,2026-04-16T22:29:40Z,
scripts/warhammer_com/images/space_marines/primaris_intercessors/clean/99120101190_PrimarisIntercessors02.jpg,gw_shop,,,,space_marines,primaris_intercessors,scraped,,,gallery,2026-04-16T22:29:40Z,
scripts/warhammer_com/images/space_marines/primaris_invader_atv/clean/99120101271_PrimarisInvaderATVLead.jpg,gw_shop,,,,space_marines,primaris_invader_atv,scraped,,,gallery,2026-04-16T22:29:40Z,
scripts/warhammer_com/images/space_marines/primaris_invader_atv_feature/clean/99120101271_PrimarisInvaderATVFeature01.jpg,gw_shop,,,,space_marines,primaris_invader_atv_feature,scraped,,,gallery,2026-04-16T22:29:40Z,
scripts/warhammer_com/images/space_marines/primaris_invader_atv_feature/clean/99120101271_PrimarisInvaderATVFeature02.jpg,gw_shop,,,,space_marines,primaris_invader_atv_feature,scraped,,,gallery,2026-04-16T22:29:40Z,
scripts/warhammer_com/images/space_marines/primaris_invader_atv_stock/clean/99120101271_PrimarisInvaderATVStock.jpg,gw_shop,,,,space_marines,primaris_invader_atv_stock,scraped,,,gallery,2026-04-16T22:29:40Z,
scripts/warhammer_com/images/space_marines/primaris_librarian/clean/99120101181_PrimarisLibrarian01.jpg,gw_shop,,,,space_marines,primaris_librarian,scraped,,,gallery,2026-04-16T22:29:40Z,
scripts/warhammer_com/images/space_marines/primaris_librarian/clean/99120101181_PrimarisLibrarian02.jpg,gw_shop,,,,space_marines,primaris_librarian,scraped,,,gallery,2026-04-16T22:29:40Z,
scripts/warhammer_com/images/space_marines/primaris_librarian/clean/99120101181_PrimarisLibrarian03.jpg,gw_shop,,,,space_marines,primaris_librarian,scraped,,,gallery,2026-04-16T22:29:40Z,
scripts/warhammer_com/images/space_marines/primaris_reivers_stock/clean/99120101307_PrimarisReiversStock.jpg,gw_shop,,,,space_marines,primaris_reivers_stock,scraped,,,gallery,2026-04-16T22:29:40Z,
scripts/warhammer_com/images/space_marines/primaris_repulsor/clean/99120101192_PrimarisRepulsor01.jpg,gw_shop,,,,space_marines,primaris_repulsor,scraped,,,gallery,2026-04-16T22:29:40Z,
scripts/warhammer_com/images/space_marines/primaris_repulsor/clean/99120101192_PrimarisRepulsor02.jpg,gw_shop,,,,space_marines,primaris_repulsor,scraped,,,gallery,2026-04-16T22:29:40Z,
scripts/warhammer_com/images/space_marines/primaris_repulsor_executioner_stock/clean/99120101322_PrimarisRepulsorExecutionerStock.jpg,gw_shop,,,,space_marines,primaris_repulsor_executioner_stock,scraped,,,gallery,2026-04-16T22:29:40Z,
scripts/warhammer_com/images/space_marines/redemptor_dreadnought/clean/99120101191_RedemptorDreadnought01.jpg,gw_shop,,,,space_marines,redemptor_dreadnought,scraped,,,gallery,2026-04-16T22:29:40Z,
scripts/warhammer_com/images/space_marines/redemptor_dreadnought/clean/99120101191_RedemptorDreadnought02.jpg,gw_shop,,,,space_marines,redemptor_dreadnought,scraped,,,gallery,2026-04-16T22:29:40Z,
scripts/warhammer_com/images/space_marines/redemptor_dreadnought/clean/99120101191_RedemptorDreadnought03.jpg,gw_shop,,,,space_marines,redemptor_dreadnought,scraped,,,gallery,2026-04-16T22:29:40Z,
scripts/warhammer_com/images/space_marines/redemptor_dreadnought/clean/99120101191_RedemptorDreadnought05.jpg,gw_shop,,,,space_marines,redemptor_dreadnought,scraped,,,gallery,2026-04-16T22:29:40Z,
scripts/warhammer_com/images/space_marines/redemptor_dreadnought/clean/99120101191_RedemptorDreadnought07.jpg,gw_shop,,,,space_marines,redemptor_dreadnought,scraped,,,gallery,2026-04-16T22:29:40Z,
scripts/warhammer_com/images/space_marines/sm_assault_intercessors/clean/99120101283_SMAssaultIntercessorsLead.jpg,gw_shop,,,,space_marines,sm_assault_intercessors,scraped,,,gallery,2026-04-16T22:29:40Z,
scripts/warhammer_com/images/space_marines/sm_assault_intercessors_feature/clean/99120101283_SMAssaultIntercessorsFeature.jpg,gw_shop,,,,space_marines,sm_assault_intercessors_feature,scraped,,,gallery,2026-04-16T22:29:40Z,
scripts/warhammer_com/images/space_marines/sm_assault_intercessors_stock/clean/99120101283_SMAssaultIntercessorsStock.jpg,gw_shop,,,,space_marines,sm_assault_intercessors_stock,scraped,,,gallery,2026-04-16T22:29:40Z,
scripts/warhammer_com/images/space_marines/sm_bladeguard_veterans_feature/clean/99120101284_SMBladeguardVeteransFeature.jpg,gw_shop,,,,space_marines,sm_bladeguard_veterans_feature,scraped,,,gallery,2026-04-16T22:29:40Z,
scripts/warhammer_com/images/space_marines/sm_bladeguard_veterans_lead_ultramarines/clean/99120101284_SMBladeguardVeteransLeadUltramarines.jpg,gw_shop,,,,space_marines,sm_bladeguard_veterans_lead_ultramarines,scraped,,,gallery,2026-04-16T22:29:40Z,
scripts/warhammer_com/images/space_marines/sm_bladeguard_veterans_stock/clean/99120101284_SMBladeguardVeteransStock.jpg,gw_shop,,,,space_marines,sm_bladeguard_veterans_stock,scraped,,,gallery,2026-04-16T22:29:40Z,
scripts/warhammer_com/images/space_marines/sm_brutlis_dread/clean/99120101371_SMBrutlisDread1.jpg,gw_shop,,,,space_marines,sm_brutlis_dread,scraped,,,gallery,2026-04-16T22:29:40Z,
scripts/warhammer_com/images/space_marines/sm_brutlis_dread/clean/99120101371_SMBrutlisDread2.jpg,gw_shop,,,,space_marines,sm_brutlis_dread,scraped,,,gallery,2026-04-16T22:29:40Z,
scripts/warhammer_com/images/space_marines/sm_brutlis_dread/clean/99120101371_SMBrutlisDread3.jpg,gw_shop,,,,space_marines,sm_brutlis_dread,scraped,,,gallery,2026-04-16T22:29:40Z,
scripts/warhammer_com/images/space_marines/sm_brutlis_dread/clean/99120101371_SMBrutlisDread4.jpg,gw_shop,,,,space_marines,sm_brutlis_dread,scraped,,,gallery,2026-04-16T22:29:40Z,
scripts/warhammer_com/images/space_marines/sm_brutlis_dread/clean/99120101371_SMBrutlisDread8.jpg,gw_shop,,,,space_marines,sm_brutlis_dread,scraped,,,gallery,2026-04-16T22:29:40Z,
scripts/warhammer_com/images/space_marines/sm_captain_master_crafted_bolt_rifle/clean/99070101048_SMCaptainMasterCraftedBoltRifleLead.jpg,gw_shop,,,,space_marines,sm_captain_master_crafted_bolt_rifle,scraped,,,gallery,2026-04-16T22:29:40Z,
scripts/warhammer_com/images/space_marines/sm_captain_master_crafted_bolt_rifle_feature/clean/99070101048_SMCaptainMasterCraftedBoltRifleFeature.jpg,gw_shop,,,,space_marines,sm_captain_master_crafted_bolt_rifle_feature,scraped,,,gallery,2026-04-16T22:29:40Z,
scripts/warhammer_com/images/space_marines/sm_captain_storm_shield/clean/99120101396_SMCaptainStormShield1.jpg,gw_shop,,,,space_marines,sm_captain_storm_shield,scraped,,,gallery,2026-04-16T22:29:40Z,
scripts/warhammer_com/images/space_marines/sm_captain_storm_shield/clean/99120101396_SMCaptainStormShield3.jpg,gw_shop,,,,space_marines,sm_captain_storm_shield,scraped,,,gallery,2026-04-16T22:29:40Z,
scripts/warhammer_com/images/space_marines/sm_centurion_assault_devastator_squad_stock/clean/99120101313_SMCenturionAssaultDevastatorSquadStock.jpg,gw_shop,,,,space_marines,sm_centurion_assault_devastator_squad_stock,scraped,,,gallery,2026-04-16T22:29:40Z,
scripts/warhammer_com/images/space_marines/sm_chaplain_term_armour/clean/99120101399_SMChaplainTermArmour1.jpg,gw_shop,,,,space_marines,sm_chaplain_term_armour,scraped,,,gallery,2026-04-16T22:29:40Z,
scripts/warhammer_com/images/space_marines/sm_chaplain_term_armour/clean/99120101399_SMChaplainTermArmour2.jpg,gw_shop,,,,space_marines,sm_chaplain_term_armour,scraped,,,gallery,2026-04-16T22:29:40Z,
scripts/warhammer_com/images/space_marines/sm_chaplain_term_armour/clean/99120101399_SMChaplainTermArmour4.jpg,gw_shop,,,,space_marines,sm_chaplain_term_armour,scraped,,,gallery,2026-04-16T22:29:40Z,
scripts/warhammer_com/images/space_marines/sm_chapter_heroes/clean/99120101401_SMChapterHeroes1.jpg,gw_shop,,,,space_marines,sm_chapter_heroes,scraped,,,gallery,2026-04-16T22:29:40Z,
scripts/warhammer_com/images/space_marines/sm_chapter_heroes/clean/99120101401_SMChapterHeroes2.jpg,gw_shop,,,,space_marines,sm_chapter_heroes,scraped,,,gallery,2026-04-16T22:29:40Z,
scripts/warhammer_com/images/space_marines/sm_chapter_heroes/clean/99120101401_SMChapterHeroes3.jpg,gw_shop,,,,space_marines,sm_chapter_heroes,scraped,,,gallery,2026-04-16T22:29:40Z,
scripts/warhammer_com/images/space_marines/sm_chapter_heroes/clean/99120101401_SMChapterHeroes4.jpg,gw_shop,,,,space_marines,sm_chapter_heroes,scraped,,,gallery,2026-04-16T22:29:40Z,
scripts/warhammer_com/images/space_marines/sm_chapter_heroes/clean/99120101401_SMChapterHeroes5.jpg,gw_shop,,,,space_marines,sm_chapter_heroes,scraped,,,gallery,2026-04-16T22:29:40Z,
scripts/warhammer_com/images/space_marines/sm_co_heroes/clean/99120101389_SMCoHeroes1.jpg,gw_shop,,,,space_marines,sm_co_heroes,scraped,,,gallery,2026-04-16T22:29:40Z,
scripts/warhammer_com/images/space_marines/sm_co_heroes/clean/99120101389_SMCoHeroes2.jpg,gw_shop,,,,space_marines,sm_co_heroes,scraped,,,gallery,2026-04-16T22:29:40Z,
scripts/warhammer_com/images/space_marines/sm_co_heroes/clean/99120101389_SMCoHeroes3.jpg,gw_shop,,,,space_marines,sm_co_heroes,scraped,,,gallery,2026-04-16T22:29:40Z,
scripts/warhammer_com/images/space_marines/sm_co_heroes/clean/99120101389_SMCoHeroes4.jpg,gw_shop,,,,space_marines,sm_co_heroes,scraped,,,gallery,2026-04-16T22:29:40Z,
scripts/warhammer_com/images/space_marines/sm_co_heroes/clean/99120101389_SMCoHeroes7.jpg,gw_shop,,,,space_marines,sm_co_heroes,scraped,,,gallery,2026-04-16T22:29:40Z,
scripts/warhammer_com/images/space_marines/sm_combat_patrol/clean/99120101388_SMCombatPatrol01.jpg,gw_shop,,,,space_marines,sm_combat_patrol,scraped,,,gallery,2026-04-16T22:29:40Z,
scripts/warhammer_com/images/space_marines/sm_combat_patrol/clean/99120101388_SMCombatPatrol03.jpg,gw_shop,,,,space_marines,sm_combat_patrol,scraped,,,gallery,2026-04-16T22:29:40Z,
scripts/warhammer_com/images/space_marines/sm_cpt_term_armour/clean/99120101400_SMCptTermArmour1.jpg,gw_shop,,,,space_marines,sm_cpt_term_armour,scraped,,,gallery,2026-04-16T22:29:40Z,
scripts/warhammer_com/images/space_marines/sm_cpt_term_armour/clean/99120101400_SMCptTermArmour3.jpg,gw_shop,,,,space_marines,sm_cpt_term_armour,scraped,,,gallery,2026-04-16T22:29:40Z,
scripts/warhammer_com/images/space_marines/sm_cpt_term_armour/clean/99120101400_SMCptTermArmour5.jpg,gw_shop,,,,space_marines,sm_cpt_term_armour,scraped,,,gallery,2026-04-16T22:29:40Z,
scripts/warhammer_com/images/space_marines/sm_desolation_squad/clean/99120101377_SMDesolationSquad1.jpg,gw_shop,,,,space_marines,sm_desolation_squad,scraped,,,gallery,2026-04-16T22:29:40Z,
scripts/warhammer_com/images/space_marines/sm_desolation_squad/clean/99120101377_SMDesolationSquad2.jpg,gw_shop,,,,space_marines,sm_desolation_squad,scraped,,,gallery,2026-04-16T22:29:40Z,
scripts/warhammer_com/images/space_marines/sm_desolation_squad/clean/99120101377_SMDesolationSquad3.jpg,gw_shop,,,,space_marines,sm_desolation_squad,scraped,,,gallery,2026-04-16T22:29:40Z,
scripts/warhammer_com/images/space_marines/sm_desolation_squad/clean/99120101377_SMDesolationSquad6.jpg,gw_shop,,,,space_marines,sm_desolation_squad,scraped,,,gallery,2026-04-16T22:29:40Z,
scripts/warhammer_com/images/space_marines/sm_devastator_squad_ba/clean/99120101127_SMDevastatorSquadBA01.jpg,gw_shop,,,,space_marines,sm_devastator_squad_ba,scraped,,,gallery,2026-04-16T22:29:40Z,
scripts/warhammer_com/images/space_marines/sm_devastator_squad_da/clean/99120101127_SMDevastatorSquadDA01.jpg,gw_shop,,,,space_marines,sm_devastator_squad_da,scraped,,,gallery,2026-04-16T22:29:40Z,
scripts/warhammer_com/images/space_marines/sm_devastator_squad_stock/clean/99120101317_SMDevastatorSquadStock1.jpg,gw_shop,,,,space_marines,sm_devastator_squad_stock,scraped,,,gallery,2026-04-16T22:29:40Z,
scripts/warhammer_com/images/space_marines/sm_devastator_squad_ultra/clean/99120101127_SMDevastatorSquadUltra01.jpg,gw_shop,,,,space_marines,sm_devastator_squad_ultra,scraped,,,gallery,2026-04-16T22:29:40Z,
scripts/warhammer_com/images/space_marines/sm_devastator_squad_ultra/clean/99120101127_SMDevastatorSquadUltra02.jpg,gw_shop,,,,space_marines,sm_devastator_squad_ultra,scraped,,,gallery,2026-04-16T22:29:40Z,
scripts/warhammer_com/images/space_marines/sm_devastator_squad_ultra/clean/99120101127_SMDevastatorSquadUltra03.jpg,gw_shop,,,,space_marines,sm_devastator_squad_ultra,scraped,,,gallery,2026-04-16T22:29:40Z,
scripts/warhammer_com/images/space_marines/sm_devastator_squad_ultra/clean/99120101127_SMDevastatorSquadUltra04.jpg,gw_shop,,,,space_marines,sm_devastator_squad_ultra,scraped,,,gallery,2026-04-16T22:29:40Z,
scripts/warhammer_com/images/space_marines/sm_devastator_squad_ultra/clean/99120101127_SMDevastatorSquadUltra05.jpg,gw_shop,,,,space_marines,sm_devastator_squad_ultra,scraped,,,gallery,2026-04-16T22:29:40Z,
scripts/warhammer_com/images/space_marines/sm_gladiator_lancer_reaper_tank/clean/99120101282_SMGladiatorLancerReaperTankLead.jpg,gw_shop,,,,space_marines,sm_gladiator_lancer_reaper_tank,scraped,,,gallery,2026-04-16T22:29:40Z,
scripts/warhammer_com/images/space_marines/sm_gladiator_lancer_reaper_tank_feature/clean/99120101282_SMGladiatorLancerReaperTankFeature01.jpg,gw_shop,,,,space_marines,sm_gladiator_lancer_reaper_tank_feature,scraped,,,gallery,2026-04-16T22:29:40Z,
scripts/warhammer_com/images/space_marines/sm_gladiator_lancer_reaper_tank_feature/clean/99120101282_SMGladiatorLancerReaperTankFeature02.jpg,gw_shop,,,,space_marines,sm_gladiator_lancer_reaper_tank_feature,scraped,,,gallery,2026-04-16T22:29:40Z,
scripts/warhammer_com/images/space_marines/sm_gladiator_lancer_reaper_tank_stock/clean/99120101282_SMGladiatorLancerReaperTankStock.jpg,gw_shop,,,,space_marines,sm_gladiator_lancer_reaper_tank_stock,scraped,,,gallery,2026-04-16T22:29:40Z,
scripts/warhammer_com/images/space_marines/sm_gladiator_lancer_tank/clean/99120101282_SMGladiatorLancerTankLead.jpg,gw_shop,,,,space_marines,sm_gladiator_lancer_tank,scraped,,,gallery,2026-04-16T22:29:40Z,
scripts/warhammer_com/images/space_marines/sm_gladiator_lancer_tank_feature/clean/99120101282_SMGladiatorLancerTankFeature01.jpg,gw_shop,,,,space_marines,sm_gladiator_lancer_tank_feature,scraped,,,gallery,2026-04-16T22:29:40Z,
scripts/warhammer_com/images/space_marines/sm_gladiator_reaper_tank/clean/99120101282_SMGladiatorReaperTankLead.jpg,gw_shop,,,,space_marines,sm_gladiator_reaper_tank,scraped,,,gallery,2026-04-16T22:29:40Z,
scripts/warhammer_com/images/space_marines/sm_gladiator_reaper_tank_feature/clean/99120101282_SMGladiatorReaperTankFeature01.jpg,gw_shop,,,,space_marines,sm_gladiator_reaper_tank_feature,scraped,,,gallery,2026-04-16T22:29:40Z,
scripts/warhammer_com/images/space_marines/sm_hammerfall_bunker/clean/99120101294_SMHammerfallBunkerLead.jpg,gw_shop,,,,space_marines,sm_hammerfall_bunker,scraped,,,gallery,2026-04-16T22:29:40Z,
scripts/warhammer_com/images/space_marines/sm_hammerfall_bunker_feature/clean/99120101294_SMHammerfallBunkerFeature.jpg,gw_shop,,,,space_marines,sm_hammerfall_bunker_feature,scraped,,,gallery,2026-04-16T22:29:40Z,
scripts/warhammer_com/images/space_marines/sm_hammerfall_bunker_stock/clean/99120101294_SMHammerfallBunkerStock.jpg,gw_shop,,,,space_marines,sm_hammerfall_bunker_stock,scraped,,,gallery,2026-04-16T22:29:40Z,
scripts/warhammer_com/images/space_marines/sm_hammerstrike/clean/99120101274_SMHammerstrikeLead.jpg,gw_shop,,,,space_marines,sm_hammerstrike,scraped,,,gallery,2026-04-16T22:29:40Z,
scripts/warhammer_com/images/space_marines/sm_hammerstrike_feature/clean/99120101274_SMHammerstrikeFeature02.jpg,gw_shop,,,,space_marines,sm_hammerstrike_feature,scraped,,,gallery,2026-04-16T22:29:40Z,
scripts/warhammer_com/images/space_marines/sm_heavy_intercessors/clean/99120101288_SMHeavyIntercessorsLead.jpg,gw_shop,,,,space_marines,sm_heavy_intercessors,scraped,,,gallery,2026-04-16T22:29:40Z,
scripts/warhammer_com/images/space_marines/sm_heavy_intercessors_feature/clean/99120101288_SMHeavyIntercessorsFeature.jpg,gw_shop,,,,space_marines,sm_heavy_intercessors_feature,scraped,,,gallery,2026-04-16T22:29:40Z,
scripts/warhammer_com/images/space_marines/sm_heavy_intercessors_stock/clean/99120101288_SMHeavyIntercessorsStock.jpg,gw_shop,,,,space_marines,sm_heavy_intercessors_stock,scraped,,,gallery,2026-04-16T22:29:40Z,
scripts/warhammer_com/images/space_marines/sm_jump_pk_cpt/clean/99120101394_SMJumpPkCpt1.jpg,gw_shop,,,,space_marines,sm_jump_pk_cpt,scraped,,,gallery,2026-04-16T22:29:40Z,
scripts/warhammer_com/images/space_marines/sm_jump_pk_cpt_stock/clean/99120101394_SMJumpPkCptStock.jpg,gw_shop,,,,space_marines,sm_jump_pk_cpt_stock,scraped,,,gallery,2026-04-16T22:29:40Z,
scripts/warhammer_com/images/space_marines/sm_jump_pk_intercessors/clean/99120101392_SMJumpPkIntercessors1.jpg,gw_shop,,,,space_marines,sm_jump_pk_intercessors,scraped,,,gallery,2026-04-16T22:29:40Z,
scripts/warhammer_com/images/space_marines/sm_jump_pk_intercessors/clean/99120101392_SMJumpPkIntercessors2.jpg,gw_shop,,,,space_marines,sm_jump_pk_intercessors,scraped,,,gallery,2026-04-16T22:29:40Z,
scripts/warhammer_com/images/space_marines/sm_jump_pk_intercessors/clean/99120101392_SMJumpPkIntercessors3.jpg,gw_shop,,,,space_marines,sm_jump_pk_intercessors,scraped,,,gallery,2026-04-16T22:29:40Z,
scripts/warhammer_com/images/space_marines/sm_jump_pk_intercessors_stock/clean/99120101392_SMJumpPkIntercessorsStock.jpg,gw_shop,,,,space_marines,sm_jump_pk_intercessors_stock,scraped,,,gallery,2026-04-16T22:29:40Z,
scripts/warhammer_com/images/space_marines/sm_land_raider_crusaderand_redeemer/clean/99120101344_SMLandRaiderCrusaderandRedeemerLead.jpg,gw_shop,,,,space_marines,sm_land_raider_crusaderand_redeemer,scraped,,,gallery,2026-04-16T22:29:40Z,
scripts/warhammer_com/images/space_marines/sm_land_raider_crusaderand_redeemer_stock/clean/99120101344_SMLandRaiderCrusaderandRedeemerStock.jpg,gw_shop,,,,space_marines,sm_land_raider_crusaderand_redeemer_stock,scraped,,,gallery,2026-04-16T22:29:40Z,
scripts/warhammer_com/images/space_marines/sm_land_raider_redeemer_gk/clean/99120101344_SMLandRaiderRedeemerGK.jpg,gw_shop,,,,space_marines,sm_land_raider_redeemer_gk,scraped,,,gallery,2026-04-16T22:29:40Z,
scripts/warhammer_com/images/space_marines/sm_lieutenant/clean/99070101079_SMLieutenant1.jpg,gw_shop,,,,space_marines,sm_lieutenant,scraped,,,gallery,2026-04-16T22:29:40Z,
scripts/warhammer_com/images/space_marines/sm_lieutenant/clean/99070101079_SMLieutenant2.jpg,gw_shop,,,,space_marines,sm_lieutenant,scraped,,,gallery,2026-04-16T22:29:40Z,
scripts/warhammer_com/images/space_marines/sm_lt_storm_shield/clean/99070101080_SMLtStormShield1.jpg,gw_shop,,,,space_marines,sm_lt_storm_shield,scraped,,,gallery,2026-04-16T22:29:40Z,
scripts/warhammer_com/images/space_marines/sm_lt_storm_shield/clean/99070101080_SMLtStormShield2.jpg,gw_shop,,,,space_marines,sm_lt_storm_shield,scraped,,,gallery,2026-04-16T22:29:40Z,
scripts/warhammer_com/images/space_marines/sm_outriders/clean/99120101285_SMOutridersLead.jpg,gw_shop,,,,space_marines,sm_outriders,scraped,,,gallery,2026-04-16T22:29:40Z,
scripts/warhammer_com/images/space_marines/sm_outriders_feature/clean/99120101285_SMOutridersFeature.jpg,gw_shop,,,,space_marines,sm_outriders_feature,scraped,,,gallery,2026-04-16T22:29:40Z,
scripts/warhammer_com/images/space_marines/sm_outriders_stock/clean/99120101285_SMOutridersStock.jpg,gw_shop,,,,space_marines,sm_outriders_stock,scraped,,,gallery,2026-04-16T22:29:40Z,
scripts/warhammer_com/images/space_marines/sm_predator/clean/99120101247_SMPredator01.jpg,gw_shop,,,,space_marines,sm_predator,scraped,,,gallery,2026-04-16T22:29:40Z,
scripts/warhammer_com/images/space_marines/sm_predator/clean/99120101247_SMPredator01Alt.jpg,gw_shop,,,,space_marines,sm_predator,scraped,,,gallery,2026-04-16T22:29:40Z,
scripts/warhammer_com/images/space_marines/sm_predator_annihilator_feature/clean/99120101320_SMPredatorAnnihilatorFeature.jpg,gw_shop,,,,space_marines,sm_predator_annihilator_feature,scraped,,,gallery,2026-04-16T22:29:40Z,
scripts/warhammer_com/images/space_marines/sm_predator_destructor_feature/clean/99120101320_SMPredatorDestructorFeature.jpg,gw_shop,,,,space_marines,sm_predator_destructor_feature,scraped,,,gallery,2026-04-16T22:29:40Z,
scripts/warhammer_com/images/space_marines/sm_predator_stock/clean/99120101320_SMPredatorStock.jpg,gw_shop,,,,space_marines,sm_predator_stock,scraped,,,gallery,2026-04-16T22:29:40Z,
scripts/warhammer_com/images/space_marines/sm_primaris_aggressors_etb/clean/99120101306_SMPrimarisAggressorsETB.jpg,gw_shop,,,,space_marines,sm_primaris_aggressors_etb,scraped,,,gallery,2026-04-16T22:29:40Z,
scripts/warhammer_com/images/space_marines/sm_primaris_ancient/clean/99070101076_SMPrimarisAncientLead.jpg,gw_shop,,,,space_marines,sm_primaris_ancient,scraped,,,gallery,2026-04-16T22:29:40Z,
scripts/warhammer_com/images/space_marines/sm_primaris_ancient_feature/clean/99070101076_SMPrimarisAncientFeature.jpg,gw_shop,,,,space_marines,sm_primaris_ancient_feature,scraped,,,gallery,2026-04-16T22:29:40Z,
scripts/warhammer_com/images/space_marines/sm_primaris_captain_phobos_armour/clean/99070101046_SMPrimarisCaptainPhobosArmour01.jpg,gw_shop,,,,space_marines,sm_primaris_captain_phobos_armour,scraped,,,gallery,2026-04-16T22:29:40Z,
scripts/warhammer_com/images/space_marines/sm_primaris_captain_phobos_armour/clean/99070101046_SMPrimarisCaptainPhobosArmour02.jpg,gw_shop,,,,space_marines,sm_primaris_captain_phobos_armour,scraped,,,gallery,2026-04-16T22:29:40Z,
scripts/warhammer_com/images/space_marines/sm_primaris_captain_phobos_armour/clean/99070101046_SMPrimarisCaptainPhobosArmour06.jpg,gw_shop,,,,space_marines,sm_primaris_captain_phobos_armour,scraped,,,gallery,2026-04-16T22:29:40Z,
scripts/warhammer_com/images/space_marines/sm_primaris_chaplain_bike/clean/99120101273_SMPrimarisChaplainBikeLead.jpg,gw_shop,,,,space_marines,sm_primaris_chaplain_bike,scraped,,,gallery,2026-04-16T22:29:40Z,
scripts/warhammer_com/images/space_marines/sm_primaris_chaplain_bike_feature/clean/99120101273_SMPrimarisChaplainBikeFeature.jpg,gw_shop,,,,space_marines,sm_primaris_chaplain_bike_feature,scraped,,,gallery,2026-04-16T22:29:40Z,
scripts/warhammer_com/images/space_marines/sm_primaris_chaplain_bike_stock/clean/99120101273_SMPrimarisChaplainBikeStock.jpg,gw_shop,,,,space_marines,sm_primaris_chaplain_bike_stock,scraped,,,gallery,2026-04-16T22:29:40Z,
scripts/warhammer_com/images/space_marines/sm_primaris_eliminators/clean/99120101260_SMPrimarisEliminators01.jpg,gw_shop,,,,space_marines,sm_primaris_eliminators,scraped,,,gallery,2026-04-16T22:29:40Z,
scripts/warhammer_com/images/space_marines/sm_primaris_eliminators/clean/99120101260_SMPrimarisEliminators02.jpg,gw_shop,,,,space_marines,sm_primaris_eliminators,scraped,,,gallery,2026-04-16T22:29:40Z,
scripts/warhammer_com/images/space_marines/sm_primaris_eliminators_stock/clean/99120101323_SMPrimarisEliminatorsStock.jpg,gw_shop,,,,space_marines,sm_primaris_eliminators_stock,scraped,,,gallery,2026-04-16T22:29:40Z,
scripts/warhammer_com/images/space_marines/sm_primaris_eradicators/clean/99120101286_SMPrimarisEradicatorsLead.jpg,gw_shop,,,,space_marines,sm_primaris_eradicators,scraped,,,gallery,2026-04-16T22:29:40Z,
scripts/warhammer_com/images/space_marines/sm_primaris_eradicators_stock/clean/99120101286_SMPrimarisEradicatorsStock.jpg,gw_shop,,,,space_marines,sm_primaris_eradicators_stock,scraped,,,gallery,2026-04-16T22:29:40Z,
scripts/warhammer_com/images/space_marines/sm_primaris_impulsor/clean/99120101262_SMPrimarisImpulsor01.jpg,gw_shop,,,,space_marines,sm_primaris_impulsor,scraped,,,gallery,2026-04-16T22:29:40Z,
scripts/warhammer_com/images/space_marines/sm_primaris_impulsor/clean/99120101262_SMPrimarisImpulsor02.jpg,gw_shop,,,,space_marines,sm_primaris_impulsor,scraped,,,gallery,2026-04-16T22:29:40Z,
scripts/warhammer_com/images/space_marines/sm_primaris_impulsor/clean/99120101262_SMPrimarisImpulsor03.jpg,gw_shop,,,,space_marines,sm_primaris_impulsor,scraped,,,gallery,2026-04-16T22:29:40Z,
scripts/warhammer_com/images/space_marines/sm_primaris_inceptors_stock/clean/99120101312_SMPrimarisInceptorsStock.jpg,gw_shop,,,,space_marines,sm_primaris_inceptors_stock,scraped,,,gallery,2026-04-16T22:29:40Z,
scripts/warhammer_com/images/space_marines/sm_primaris_incursors/clean/99120101263_SMPrimarisIncursors01.jpg,gw_shop,,,,space_marines,sm_primaris_incursors,scraped,,,gallery,2026-04-16T22:29:40Z,
scripts/warhammer_com/images/space_marines/sm_primaris_infiltrators/clean/99120101263_SMPrimarisInfiltrators01.jpg,gw_shop,,,,space_marines,sm_primaris_infiltrators,scraped,,,gallery,2026-04-16T22:29:40Z,
scripts/warhammer_com/images/space_marines/sm_primaris_infiltrators/clean/99120101263_SMPrimarisInfiltrators02.jpg,gw_shop,,,,space_marines,sm_primaris_infiltrators,scraped,,,gallery,2026-04-16T22:29:40Z,
scripts/warhammer_com/images/space_marines/sm_primaris_intercessors_stock/clean/99120101309_SMPrimarisIntercessorsStock.jpg,gw_shop,,,,space_marines,sm_primaris_intercessors_stock,scraped,,,gallery,2026-04-16T22:29:40Z,
scripts/warhammer_com/images/space_marines/sm_primaris_invictus_tactical_warsuit/clean/99120101264_SMPrimarisInvictusTacticalWarsuit01.jpg,gw_shop,,,,space_marines,sm_primaris_invictus_tactical_warsuit,scraped,,,gallery,2026-04-16T22:29:40Z,
scripts/warhammer_com/images/space_marines/sm_primaris_invictus_tactical_warsuit/clean/99120101264_SMPrimarisInvictusTacticalWarsuit02.jpg,gw_shop,,,,space_marines,sm_primaris_invictus_tactical_warsuit,scraped,,,gallery,2026-04-16T22:29:40Z,
scripts/warhammer_com/images/space_marines/sm_primaris_invictus_tactical_warsuit/clean/99120101264_SMPrimarisInvictusTacticalWarsuit03.jpg,gw_shop,,,,space_marines,sm_primaris_invictus_tactical_warsuit,scraped,,,gallery,2026-04-16T22:29:40Z,
scripts/warhammer_com/images/space_marines/sm_primaris_librarian_phobos_armour/clean/99070101046_SMPrimarisLibrarianPhobosArmour01.jpg,gw_shop,,,,space_marines,sm_primaris_librarian_phobos_armour,scraped,,,gallery,2026-04-16T22:29:40Z,
scripts/warhammer_com/images/space_marines/sm_primaris_librarian_phobos_armour/clean/99070101046_SMPrimarisLibrarianPhobosArmour03.jpg,gw_shop,,,,space_marines,sm_primaris_librarian_phobos_armour,scraped,,,gallery,2026-04-16T22:29:40Z,
scripts/warhammer_com/images/space_marines/sm_primaris_librarian_phobos_armour/clean/99070101046_SMPrimarisLibrarianPhobosArmour06.jpg,gw_shop,,,,space_marines,sm_primaris_librarian_phobos_armour,scraped,,,gallery,2026-04-16T22:29:40Z,
scripts/warhammer_com/images/space_marines/sm_primaris_lieutenant_power_sword/clean/99070101032_SMPrimarisLieutenantPowerSword01.jpg,gw_shop,,,,space_marines,sm_primaris_lieutenant_power_sword,scraped,,,gallery,2026-04-16T22:29:40Z,
scripts/warhammer_com/images/space_marines/sm_primaris_lieutenantin_phobos_armour/clean/99070101045_SMPrimarisLieutenantinPhobosArmour01.jpg,gw_shop,,,,space_marines,sm_primaris_lieutenantin_phobos_armour,scraped,,,gallery,2026-04-16T22:29:40Z,
scripts/warhammer_com/images/space_marines/sm_primaris_lieutenantin_phobos_armour/clean/99070101045_SMPrimarisLieutenantinPhobosArmour05.jpg,gw_shop,,,,space_marines,sm_primaris_lieutenantin_phobos_armour,scraped,,,gallery,2026-04-16T22:29:40Z,
scripts/warhammer_com/images/space_marines/sm_primaris_redemptor_dreadnought_stock/clean/99120101310_SMPrimarisRedemptorDreadnoughtStock.jpg,gw_shop,,,,space_marines,sm_primaris_redemptor_dreadnought_stock,scraped,,,gallery,2026-04-16T22:29:40Z,
scripts/warhammer_com/images/space_marines/sm_primaris_repulsor_executioner/clean/99120101250_SMPrimarisRepulsorExecutioner01.jpg,gw_shop,,,,space_marines,sm_primaris_repulsor_executioner,scraped,,,gallery,2026-04-16T22:29:40Z,
scripts/warhammer_com/images/space_marines/sm_primaris_repulsor_executioner/clean/99120101250_SMPrimarisRepulsorExecutioner02.jpg,gw_shop,,,,space_marines,sm_primaris_repulsor_executioner,scraped,,,gallery,2026-04-16T22:29:40Z,
scripts/warhammer_com/images/space_marines/sm_primaris_repulsor_executioner/clean/99120101250_SMPrimarisRepulsorExecutioner03.jpg,gw_shop,,,,space_marines,sm_primaris_repulsor_executioner,scraped,,,gallery,2026-04-16T22:29:40Z,
scripts/warhammer_com/images/space_marines/sm_primaris_repulsor_stock/clean/99120101311_SMPrimarisRepulsorStock.jpg,gw_shop,,,,space_marines,sm_primaris_repulsor_stock,scraped,,,gallery,2026-04-16T22:29:40Z,
scripts/warhammer_com/images/space_marines/sm_primaris_techmarine/clean/99120101278_SMPrimarisTechmarineLead.jpg,gw_shop,,,,space_marines,sm_primaris_techmarine,scraped,,,gallery,2026-04-16T22:29:40Z,
scripts/warhammer_com/images/space_marines/sm_primaris_techmarine_feature/clean/99120101278_SMPrimarisTechmarineFeature.jpg,gw_shop,,,,space_marines,sm_primaris_techmarine_feature,scraped,,,gallery,2026-04-16T22:29:40Z,
scripts/warhammer_com/images/space_marines/sm_primaris_techmarine_stock/clean/99120101278_SMPrimarisTechmarineStock.jpg,gw_shop,,,,space_marines,sm_primaris_techmarine_stock,scraped,,,gallery,2026-04-16T22:29:40Z,
scripts/warhammer_com/images/space_marines/sm_razorback/clean/99120101245_SMRazorback01.jpg,gw_shop,,,,space_marines,sm_razorback,scraped,,,gallery,2026-04-16T22:29:40Z,
scripts/warhammer_com/images/space_marines/sm_razorback_heavy_boleter_laser_cannons/clean/99120101319_SMRazorbackHeavyBoleterLaserCannonsLead.jpg,gw_shop,,,,space_marines,sm_razorback_heavy_boleter_laser_cannons,scraped,,,gallery,2026-04-16T22:29:40Z,
scripts/warhammer_com/images/space_marines/sm_razorback_heavy_boleter_laser_cannons_feature/clean/99120101319_SMRazorbackHeavyBoleterLaserCannonsFeature.jpg,gw_shop,,,,space_marines,sm_razorback_heavy_boleter_laser_cannons_feature,scraped,,,gallery,2026-04-16T22:29:40Z,
scripts/warhammer_com/images/space_marines/sm_razorback_heavy_boleter_laser_cannons_stock/clean/99120101319_SMRazorbackHeavyBoleterLaserCannonsStock.jpg,gw_shop,,,,space_marines,sm_razorback_heavy_boleter_laser_cannons_stock,scraped,,,gallery,2026-04-16T22:29:40Z,
scripts/warhammer_com/images/space_marines/sm_sternguard_vet_squad/clean/99120101390_SMSternguardVetSquad1.jpg,gw_shop,,,,space_marines,sm_sternguard_vet_squad,scraped,,,gallery,2026-04-16T22:29:40Z,
scripts/warhammer_com/images/space_marines/sm_sternguard_vet_squad/clean/99120101390_SMSternguardVetSquad2.jpg,gw_shop,,,,space_marines,sm_sternguard_vet_squad,scraped,,,gallery,2026-04-16T22:29:40Z,
scripts/warhammer_com/images/space_marines/sm_sternguard_vet_squad/clean/99120101390_SMSternguardVetSquad3.jpg,gw_shop,,,,space_marines,sm_sternguard_vet_squad,scraped,,,gallery,2026-04-16T22:29:40Z,
scripts/warhammer_com/images/space_marines/sm_sternguard_vet_squad/clean/99120101390_SMSternguardVetSquad4.jpg,gw_shop,,,,space_marines,sm_sternguard_vet_squad,scraped,,,gallery,2026-04-16T22:29:40Z,
scripts/warhammer_com/images/space_marines/sm_sternguard_vet_squad/clean/99120101390_SMSternguardVetSquad8.jpg,gw_shop,,,,space_marines,sm_sternguard_vet_squad,scraped,,,gallery,2026-04-16T22:29:40Z,
scripts/warhammer_com/images/space_marines/sm_stormhawk_interceptor_feature/clean/99120101315_SMStormhawkInterceptorFeature.jpg,gw_shop,,,,space_marines,sm_stormhawk_interceptor_feature,scraped,,,gallery,2026-04-16T22:29:40Z,
scripts/warhammer_com/images/space_marines/sm_stormhawk_interceptor_lead/clean/99120101315_SMStormhawkInterceptorLeadNew.jpg,gw_shop,,,,space_marines,sm_stormhawk_interceptor_lead,scraped,,,gallery,2026-04-16T22:29:40Z,
scripts/warhammer_com/images/space_marines/sm_stormhawk_interceptor_stock/clean/99120101315_SMStormhawkInterceptorStock.jpg,gw_shop,,,,space_marines,sm_stormhawk_interceptor_stock,scraped,,,gallery,2026-04-16T22:29:40Z,
scripts/warhammer_com/images/space_marines/sm_stormraven_gunship/clean/99120101339_SMStormravenGunshipLead.jpg,gw_shop,,,,space_marines,sm_stormraven_gunship,scraped,,,gallery,2026-04-16T22:29:40Z,
scripts/warhammer_com/images/space_marines/sm_stormraven_gunship_stock/clean/99120101339_SMStormravenGunshipStock1.jpg,gw_shop,,,,space_marines,sm_stormraven_gunship_stock,scraped,,,gallery,2026-04-16T22:29:40Z,
scripts/warhammer_com/images/space_marines/sm_stormspeeder/clean/99120101274_SMStormspeederLead.jpg,gw_shop,,,,space_marines,sm_stormspeeder,scraped,,,gallery,2026-04-16T22:29:40Z,
scripts/warhammer_com/images/space_marines/sm_stormspeeder_feature/clean/99120101274_SMStormspeederFeature.jpg,gw_shop,,,,space_marines,sm_stormspeeder_feature,scraped,,,gallery,2026-04-16T22:29:40Z,
scripts/warhammer_com/images/space_marines/sm_stormspeeder_stock/clean/99120101274_SMStormspeederStock.jpg,gw_shop,,,,space_marines,sm_stormspeeder_stock,scraped,,,gallery,2026-04-16T22:29:40Z,
scripts/warhammer_com/images/space_marines/sm_tactical_squad_stock/clean/99120101316_SMTacticalSquadStock.jpg,gw_shop,,,,space_marines,sm_tactical_squad_stock,scraped,,,gallery,2026-04-16T22:29:40Z,
scripts/warhammer_com/images/space_marines/sm_term_squad/clean/99120101398_SMTermSquad1.jpg,gw_shop,,,,space_marines,sm_term_squad,scraped,,,gallery,2026-04-16T22:29:40Z,
scripts/warhammer_com/images/space_marines/sm_term_squad/clean/99120101398_SMTermSquad2.jpg,gw_shop,,,,space_marines,sm_term_squad,scraped,,,gallery,2026-04-16T22:29:40Z,
scripts/warhammer_com/images/space_marines/sm_term_squad/clean/99120101398_SMTermSquad4.jpg,gw_shop,,,,space_marines,sm_term_squad,scraped,,,gallery,2026-04-16T22:29:40Z,
scripts/warhammer_com/images/space_marines/sm_term_squad/clean/99120101398_SMTermSquad8.jpg,gw_shop,,,,space_marines,sm_term_squad,scraped,,,gallery,2026-04-16T22:29:40Z,
scripts/warhammer_com/images/space_marines/sm_thunderstrike/clean/99120101274_SMThunderstrikeLead.jpg,gw_shop,,,,space_marines,sm_thunderstrike,scraped,,,gallery,2026-04-16T22:29:40Z,
scripts/warhammer_com/images/space_marines/sm_vanguard/clean/99120101397_SMVanguard1.jpg,gw_shop,,,,space_marines,sm_vanguard,scraped,,,gallery,2026-04-16T22:29:40Z,
scripts/warhammer_com/images/space_marines/sm_vanguard/clean/99120101397_SMVanguard11.jpg,gw_shop,,,,space_marines,sm_vanguard,scraped,,,gallery,2026-04-16T22:29:40Z,
scripts/warhammer_com/images/space_marines/sm_vanguard/clean/99120101397_SMVanguard2.jpg,gw_shop,,,,space_marines,sm_vanguard,scraped,,,gallery,2026-04-16T22:29:40Z,
scripts/warhammer_com/images/space_marines/sm_vanguard/clean/99120101397_SMVanguard3.jpg,gw_shop,,,,space_marines,sm_vanguard,scraped,,,gallery,2026-04-16T22:29:40Z,
scripts/warhammer_com/images/space_marines/sm_vanguard/clean/99120101397_SMVanguard4.jpg,gw_shop,,,,space_marines,sm_vanguard,scraped,,,gallery,2026-04-16T22:29:40Z,
scripts/warhammer_com/images/space_marines/sm_vanguard/clean/99120101397_SMVanguard5.jpg,gw_shop,,,,space_marines,sm_vanguard,scraped,,,gallery,2026-04-16T22:29:40Z,
scripts/warhammer_com/images/space_marines/sm_vanguard/clean/99120101397_SMVanguard7.jpg,gw_shop,,,,space_marines,sm_vanguard,scraped,,,gallery,2026-04-16T22:29:40Z,
scripts/warhammer_com/images/space_marines/sm_venerable_dreadnought_stock/clean/99120101299_SMVenerableDreadnoughtStock.jpg,gw_shop,,,,space_marines,sm_venerable_dreadnought_stock,scraped,,,gallery,2026-04-16T22:29:40Z,
scripts/warhammer_com/images/space_marines/sm_vindicator_stock/clean/99120101341_SMVindicatorStock.jpg,gw_shop,,,,space_marines,sm_vindicator_stock,scraped,,,gallery,2026-04-16T22:29:40Z,
scripts/warhammer_com/images/space_marines/smcpt_gravis_armour/clean/99070101077_SMCPTGravisArmourALT.jpg,gw_shop,,,,space_marines,smcpt_gravis_armour,scraped,,,gallery,2026-04-16T22:29:40Z,
scripts/warhammer_com/images/space_marines/smcpt_gravis_armour/clean/99070101077_SMCPTGravisArmourLead.jpg,gw_shop,,,,space_marines,smcpt_gravis_armour,scraped,,,gallery,2026-04-16T22:29:40Z,
scripts/warhammer_com/images/space_marines/smcpt_gravis_armour_feature/clean/99070101077_SMCPTGravisArmourFeature.jpg,gw_shop,,,,space_marines,smcpt_gravis_armour_feature,scraped,,,gallery,2026-04-16T22:29:40Z,
scripts/warhammer_com/images/space_marines/smcpt_gravis_armour_stock/clean/99070101077_SMCPTGravisArmourStock.jpg,gw_shop,,,,space_marines,smcpt_gravis_armour_stock,scraped,,,gallery,2026-04-16T22:29:40Z,
scripts/warhammer_com/images/space_marines/space_marine_aggressors/clean/99120101184_SpaceMarineAggressors01.jpg,gw_shop,,,,space_marines,space_marine_aggressors,scraped,,,gallery,2026-04-16T22:29:40Z,
scripts/warhammer_com/images/space_marines/space_marine_aggressors/clean/99120101184_SpaceMarineAggressors02.jpg,gw_shop,,,,space_marines,space_marine_aggressors,scraped,,,gallery,2026-04-16T22:29:40Z,
scripts/warhammer_com/images/space_marines/space_marine_aggressors/clean/99120101184_SpaceMarineAggressors03.jpg,gw_shop,,,,space_marines,space_marine_aggressors,scraped,,,gallery,2026-04-16T22:29:40Z,
scripts/warhammer_com/images/space_marines/space_marine_aggressors/clean/99120101184_SpaceMarineAggressors05.jpg,gw_shop,,,,space_marines,space_marine_aggressors,scraped,,,gallery,2026-04-16T22:29:40Z,
scripts/warhammer_com/images/space_marines/space_marine_land_raider_new/clean/99120101061_SpaceMarineLandRaiderNEW01.jpg,gw_shop,,,,space_marines,space_marine_land_raider_new,scraped,,,gallery,2026-04-16T22:29:40Z,
scripts/warhammer_com/images/space_marines/space_marine_land_raider_new/clean/99120101061_SpaceMarineLandRaiderNEW03.jpg,gw_shop,,,,space_marines,space_marine_land_raider_new,scraped,,,gallery,2026-04-16T22:29:40Z,
scripts/warhammer_com/images/space_marines/space_marine_rhino_new/clean/99120101063_SpaceMarineRhinoNEW01.jpg,gw_shop,,,,space_marines,space_marine_rhino_new,scraped,,,gallery,2026-04-16T22:29:40Z,
scripts/warhammer_com/images/space_marines/space_marine_rhino_new/clean/99120101063_SpaceMarineRhinoNEW02.jpg,gw_shop,,,,space_marines,space_marine_rhino_new,scraped,,,gallery,2026-04-16T22:29:40Z,
scripts/warhammer_com/images/space_marines/space_marine_rhino_new/clean/99120101063_SpaceMarineRhinoNEW04.jpg,gw_shop,,,,space_marines,space_marine_rhino_new,scraped,,,gallery,2026-04-16T22:29:40Z,
scripts/warhammer_com/images/space_marines/space_marine_rievers/clean/99120101186_SpaceMarineRievers01.jpg,gw_shop,,,,space_marines,space_marine_rievers,scraped,,,gallery,2026-04-16T22:29:40Z,
scripts/warhammer_com/images/space_marines/space_marine_rievers/clean/99120101186_SpaceMarineRievers02.jpg,gw_shop,,,,space_marines,space_marine_rievers,scraped,,,gallery,2026-04-16T22:29:40Z,
scripts/warhammer_com/images/space_marines/space_marine_rievers/clean/99120101186_SpaceMarineRievers03.jpg,gw_shop,,,,space_marines,space_marine_rievers,scraped,,,gallery,2026-04-16T22:29:40Z,
scripts/warhammer_com/images/space_marines/space_marine_rievers/clean/99120101186_SpaceMarineRievers04.jpg,gw_shop,,,,space_marines,space_marine_rievers,scraped,,,gallery,2026-04-16T22:29:40Z,
scripts/warhammer_com/images/space_marines/space_marine_tactical_squad_reformat/clean/99120101128_SpaceMarineTacticalSquadReformat01.jpg,gw_shop,,,,space_marines,space_marine_tactical_squad_reformat,scraped,,,gallery,2026-04-16T22:29:40Z,
scripts/warhammer_com/images/space_marines/space_marine_tactical_squad_reformat/clean/99120101128_SpaceMarineTacticalSquadReformat02.jpg,gw_shop,,,,space_marines,space_marine_tactical_squad_reformat,scraped,,,gallery,2026-04-16T22:29:40Z,
scripts/warhammer_com/images/space_marines/space_marine_tactical_squad_reformat/clean/99120101128_SpaceMarineTacticalSquadReformat03.jpg,gw_shop,,,,space_marines,space_marine_tactical_squad_reformat,scraped,,,gallery,2026-04-16T22:29:40Z,
scripts/warhammer_com/images/space_marines/space_marine_tactical_squad_reformat/clean/99120101128_SpaceMarineTacticalSquadReformat04.jpg,gw_shop,,,,space_marines,space_marine_tactical_squad_reformat,scraped,,,gallery,2026-04-16T22:29:40Z,
scripts/warhammer_com/images/space_marines/space_marines_captainwith_jump_packand_relic_shield/clean/99120101492_SpaceMarinesCaptainwithJumpPackandRelicShield01.jpg,gw_shop,,,,space_marines,space_marines_captainwith_jump_packand_relic_shield,scraped,,,gallery,2026-04-16T22:29:40Z,
scripts/warhammer_com/images/space_marines/space_marines_captainwith_jump_packand_relic_shield/clean/99120101492_SpaceMarinesCaptainwithJumpPackandRelicShield02.jpg,gw_shop,,,,space_marines,space_marines_captainwith_jump_packand_relic_shield,scraped,,,gallery,2026-04-16T22:29:40Z,
scripts/warhammer_com/images/space_marines/space_marines_captainwith_jump_packand_relic_shield/clean/99120101492_SpaceMarinesCaptainwithJumpPackandRelicShield03.jpg,gw_shop,,,,space_marines,space_marines_captainwith_jump_packand_relic_shield,scraped,,,gallery,2026-04-16T22:29:40Z,
scripts/warhammer_com/images/space_marines/space_marines_captainwith_jump_packand_relic_shield_box/clean/99120101492_SpaceMarinesCaptainwithJumpPackandRelicShieldBox.jpg,gw_shop,,,,space_marines,space_marines_captainwith_jump_packand_relic_shield_box,scraped,,,gallery,2026-04-16T22:29:40Z,
scripts/warhammer_com/images/space_marines/space_marines_drop_pods/clean/99120101423_SpaceMarinesDropPods1.jpg,gw_shop,,,,space_marines,space_marines_drop_pods,scraped,,,gallery,2026-04-16T22:29:40Z,
scripts/warhammer_com/images/space_marines/space_marines_drop_pods/clean/99120101423_SpaceMarinesDropPods2.jpg,gw_shop,,,,space_marines,space_marines_drop_pods,scraped,,,gallery,2026-04-16T22:29:40Z,
scripts/warhammer_com/images/space_marines/space_marines_drop_pods/clean/99120101423_SpaceMarinesDropPods3.jpg,gw_shop,,,,space_marines,space_marines_drop_pods,scraped,,,gallery,2026-04-16T22:29:40Z,
scripts/warhammer_com/images/space_marines/space_marines_drop_pods/clean/99120101423_SpaceMarinesDropPods5.jpg,gw_shop,,,,space_marines,space_marines_drop_pods,scraped,,,gallery,2026-04-16T22:29:40Z,
scripts/warhammer_com/images/space_marines/space_marines_drop_pods/clean/99120101423_SpaceMarinesDropPods6.jpg,gw_shop,,,,space_marines,space_marines_drop_pods,scraped,,,gallery,2026-04-16T22:29:40Z,
scripts/warhammer_com/images/space_marines/space_marines_imperial_fists_combat_patrol/clean/99120101430_SpaceMarinesImperialFistsCombatPatrol9.jpg,gw_shop,,,,space_marines,space_marines_imperial_fists_combat_patrol,scraped,,,gallery,2026-04-16T22:29:40Z,
scripts/warhammer_com/images/space_marines/space_marines_iron_halo_strike_force_extra/clean/99120101454_SpaceMarinesIronHaloStrikeForceEXTRA02.jpg,gw_shop,,,,space_marines,space_marines_iron_halo_strike_force_extra,scraped,,,gallery,2026-04-16T22:29:40Z,
scripts/warhammer_com/images/space_marines/space_marines_linebreaker/clean/99020101153_SpaceMarinesLinebreaker02.jpg,gw_shop,,,,space_marines,space_marines_linebreaker,scraped,,,gallery,2026-04-16T22:29:40Z,
scripts/warhammer_com/images/space_marines/space_marines_vindicator_new/clean/99120101058_SpaceMarinesVindicatorNEW01.jpg,gw_shop,,,,space_marines,space_marines_vindicator_new,scraped,,,gallery,2026-04-16T22:29:40Z,
scripts/warhammer_com/images/space_marines/space_marines_vindicator_new/clean/99120101058_SpaceMarinesVindicatorNEW02.jpg,gw_shop,,,,space_marines,space_marines_vindicator_new,scraped,,,gallery,2026-04-16T22:29:40Z,
scripts/warhammer_com/images/space_marines/space_marines_vindicator_new/clean/99120101058_SpaceMarinesVindicatorNEW03.jpg,gw_shop,,,,space_marines,space_marines_vindicator_new,scraped,,,gallery,2026-04-16T22:29:40Z,
scripts/warhammer_com/images/space_marines/space_marines_whirlwind_new/clean/99120101065_SpaceMarinesWhirlwindNEW01.jpg,gw_shop,,,,space_marines,space_marines_whirlwind_new,scraped,,,gallery,2026-04-16T22:29:40Z,
scripts/warhammer_com/images/space_marines/spacemarines_ancient_in_terminator_armour/clean/99120101455_SPACEMARINESAncientInTerminatorArmour01.jpg,gw_shop,,,,space_marines,spacemarines_ancient_in_terminator_armour,scraped,,,gallery,2026-04-16T22:29:40Z,
scripts/warhammer_com/images/space_marines/spacemarines_ancient_in_terminator_armour/clean/99120101455_SPACEMARINESAncientInTerminatorArmour03.jpg,gw_shop,,,,space_marines,spacemarines_ancient_in_terminator_armour,scraped,,,gallery,2026-04-16T22:29:40Z,
scripts/warhammer_com/images/space_marines/spacemarines_ancient_in_terminator_armour/clean/99120101455_SPACEMARINESAncientInTerminatorArmour05.jpg,gw_shop,,,,space_marines,spacemarines_ancient_in_terminator_armour,scraped,,,gallery,2026-04-16T22:29:40Z,
scripts/warhammer_com/images/space_marines/spacemarines_terminator_assault_squad/clean/99120101454_SPACEMARINESTerminatorAssaultSquad01.jpg,gw_shop,,,,space_marines,spacemarines_terminator_assault_squad,scraped,,,gallery,2026-04-16T22:29:40Z,
scripts/warhammer_com/images/space_marines/spacemarines_terminator_assault_squad/clean/99120101454_SPACEMARINESTerminatorAssaultSquad02.jpg,gw_shop,,,,space_marines,spacemarines_terminator_assault_squad,scraped,,,gallery,2026-04-16T22:29:40Z,
scripts/warhammer_com/images/space_marines/spacemarines_terminator_assault_squad/clean/99120101454_SPACEMARINESTerminatorAssaultSquad03.jpg,gw_shop,,,,space_marines,spacemarines_terminator_assault_squad,scraped,,,gallery,2026-04-16T22:29:40Z,
scripts/warhammer_com/images/space_marines/spacemarines_terminator_assault_squad/clean/99120101454_SPACEMARINESTerminatorAssaultSquad04.jpg,gw_shop,,,,space_marines,spacemarines_terminator_assault_squad,scraped,,,gallery,2026-04-16T22:29:40Z,
scripts/warhammer_com/images/space_marines/spacemarines_terminator_assault_squad/clean/99120101454_SPACEMARINESTerminatorAssaultSquad05.jpg,gw_shop,,,,space_marines,spacemarines_terminator_assault_squad,scraped,,,gallery,2026-04-16T22:29:40Z,
scripts/warhammer_com/images/space_marines/spacemarines_terminator_assault_squad/clean/99120101454_SPACEMARINESTerminatorAssaultSquad07.jpg,gw_shop,,,,space_marines,spacemarines_terminator_assault_squad,scraped,,,gallery,2026-04-16T22:29:40Z,
scripts/warhammer_com/images/space_marines/stormhawk_talon_interceptor/clean/99120101315_StormhawkTalonInterceptorLead.jpg,gw_shop,,,,space_marines,stormhawk_talon_interceptor,scraped,,,gallery,2026-04-16T22:29:40Z,
scripts/warhammer_com/images/space_marines/stormhawk_talon_interceptor_feature/clean/99120101315_StormhawkTalonInterceptorFeature2.jpg,gw_shop,,,,space_marines,stormhawk_talon_interceptor_feature,scraped,,,gallery,2026-04-16T22:29:40Z,
scripts/warhammer_com/images/space_marines/stormtalon/clean/99120101152_Stormtalon01.jpg,gw_shop,,,,space_marines,stormtalon,scraped,,,gallery,2026-04-16T22:29:40Z,
scripts/warhammer_com/images/space_marines/stormtalon/clean/99120101152_Stormtalon02.jpg,gw_shop,,,,space_marines,stormtalon,scraped,,,gallery,2026-04-16T22:29:40Z,
scripts/warhammer_com/images/space_marines/stormtalon/clean/99120101152_Stormtalon04.jpg,gw_shop,,,,space_marines,stormtalon,scraped,,,gallery,2026-04-16T22:29:40Z,
scripts/warhammer_com/images/space_marines/thunderhawk/clean/99560101546_Thunderhawk01.jpg,gw_shop,,,,space_marines,thunderhawk,scraped,,,gallery,2026-04-16T22:29:40Z,
scripts/warhammer_com/images/space_marines/thunderhawk/clean/99560101546_Thunderhawk04.jpg,gw_shop,,,,space_marines,thunderhawk,scraped,,,gallery,2026-04-16T22:29:40Z,
scripts/warhammer_com/images/space_marines/thunderhawk/clean/99560101546_Thunderhawk07.jpg,gw_shop,,,,space_marines,thunderhawk,scraped,,,gallery,2026-04-16T22:29:40Z,
scripts/warhammer_com/images/space_marines/thunderhawk/clean/99560101546_Thunderhawk08.jpg,gw_shop,,,,space_marines,thunderhawk,scraped,,,gallery,2026-04-16T22:29:40Z,
scripts/warhammer_com/images/space_marines/vanguard/clean/99120101134_Vanguard01.jpg,gw_shop,,,,space_marines,vanguard,scraped,,,gallery,2026-04-16T22:29:40Z,
scripts/warhammer_com/images/space_marines/vanguard/clean/99120101134_Vanguard02.jpg,gw_shop,,,,space_marines,vanguard,scraped,,,gallery,2026-04-16T22:29:40Z,
scripts/warhammer_com/images/space_marines/vanguard/clean/99120101134_Vanguard03.jpg,gw_shop,,,,space_marines,vanguard,scraped,,,gallery,2026-04-16T22:29:40Z,
scripts/warhammer_com/images/space_marines/vanguard/clean/99120101134_Vanguard04.jpg,gw_shop,,,,space_marines,vanguard,scraped,,,gallery,2026-04-16T22:29:40Z,
scripts/warhammer_com/images/space_marines/vanguard/clean/99120101134_Vanguard05.jpg,gw_shop,,,,space_marines,vanguard,scraped,,,gallery,2026-04-16T22:29:40Z,
scripts/warhammer_com/images/space_marines/vanguard/clean/99120101134_Vanguard06.jpg,gw_shop,,,,space_marines,vanguard,scraped,,,gallery,2026-04-16T22:29:40Z,
scripts/warhammer_com/images/space_marines/vanguard_veteran_squad_stock/clean/99120101300_VanguardVeteranSquadStock.jpg,gw_shop,,,,space_marines,vanguard_veteran_squad_stock,scraped,,,gallery,2026-04-16T22:29:40Z,
scripts/warhammer_com/images/space_marines/venerable_dreadnought_new/clean/99120101083_VenerableDreadnoughtNEW01.jpg,gw_shop,,,,space_marines,venerable_dreadnought_new,scraped,,,gallery,2026-04-16T22:29:40Z,
scripts/warhammer_com/images/space_marines/venerable_dreadnought_new/clean/99120101083_VenerableDreadnoughtNEW04.jpg,gw_shop,,,,space_marines,venerable_dreadnought_new,scraped,,,gallery,2026-04-16T22:29:40Z,
scripts/warhammer_com/images/space_marines/venerable_dreadnought_new/clean/99120101083_VenerableDreadnoughtNEW05.jpg,gw_shop,,,,space_marines,venerable_dreadnought_new,scraped,,,gallery,2026-04-16T22:29:40Z,
scripts/warhammer_com/images/space_marines/venerable_dreadnought_new/clean/99120101083_VenerableDreadnoughtNEW08.jpg,gw_shop,,,,space_marines,venerable_dreadnought_new,scraped,,,gallery,2026-04-16T22:29:40Z,
scripts/warhammer_com/images/space_marines/venerable_dreadnought_new/clean/99120101083_VenerableDreadnoughtNEW09.jpg,gw_shop,,,,space_marines,venerable_dreadnought_new,scraped,,,gallery,2026-04-16T22:29:40Z,
scripts/warhammer_com/images/space_marines/venerable_dreadnought_new/clean/99120101083_VenerableDreadnoughtNEW12.jpg,gw_shop,,,,space_marines,venerable_dreadnought_new,scraped,,,gallery,2026-04-16T22:29:40Z,
scripts/warhammer_com/images/space_marines/web_space_marines_heads/clean/99120101488_WEBSpaceMarinesHeads1.jpg,gw_shop,,,,space_marines,web_space_marines_heads,scraped,,,gallery,2026-04-16T22:29:40Z,
scripts/warhammer_com/images/space_marines/wh40k_ultimate_starter_set/clean/60010199067_WH40kUltimateStarterSet2.jpg,gw_shop,,,,space_marines,wh40k_ultimate_starter_set,scraped,,,gallery,2026-04-16T22:29:40Z,
scripts/warhammer_com/images/space_marines/wh40k_ultimate_starter_set/clean/60010199067_WH40kUltimateStarterSet3.jpg,gw_shop,,,,space_marines,wh40k_ultimate_starter_set,scraped,,,gallery,2026-04-16T22:29:40Z,
scripts/warhammer_com/images/space_marines/wh40k_ultimate_starter_set/clean/60010199067_WH40kUltimateStarterSet6.jpg,gw_shop,,,,space_marines,wh40k_ultimate_starter_set,scraped,,,gallery,2026-04-16T22:29:40Z,
scripts/warhammer_com/images/space_marines/wh40k_ultimate_starter_set/clean/60010199067_WH40kUltimateStarterSet9.jpg,gw_shop,,,,space_marines,wh40k_ultimate_starter_set,scraped,,,gallery,2026-04-16T22:29:40Z,
scripts/warhammer_com/images/space_wolves/born_fellhanded/clean/99120101116_BornFellhanded01.jpg,gw_shop,,,,space_wolves,born_fellhanded,scraped,,,gallery,2026-04-16T22:29:40Z,
scripts/warhammer_com/images/space_wolves/born_fellhanded/clean/99120101116_BornFellhanded02.jpg,gw_shop,,,,space_wolves,born_fellhanded,scraped,,,gallery,2026-04-16T22:29:40Z,
scripts/warhammer_com/images/space_wolves/eng_kt_dead_silence/clean/60010199076_engKTDeadSilence11.jpg,gw_shop,,,,space_wolves,eng_kt_dead_silence,scraped,,,gallery,2026-04-16T22:29:40Z,
scripts/warhammer_com/images/space_wolves/engsm_space_wolves_army/clean/60010101008_ENGSMSpaceWolvesArmy18.jpg,gw_shop,,,,space_wolves,engsm_space_wolves_army,scraped,,,gallery,2026-04-16T22:29:40Z,
scripts/warhammer_com/images/space_wolves/fenrisian_wolves/clean/99120101252_FenrisianWolvesLead.jpg,gw_shop,,,,space_wolves,fenrisian_wolves,scraped,,,gallery,2026-04-16T22:29:40Z,
scripts/warhammer_com/images/space_wolves/fenrisian_wolves_feature/clean/99120101252_FenrisianWolvesFeature.jpg,gw_shop,,,,space_wolves,fenrisian_wolves_feature,scraped,,,gallery,2026-04-16T22:29:40Z,
scripts/warhammer_com/images/space_wolves/fenrisian_wolves_stock/clean/99120101352_FenrisianWolvesStock.jpg,gw_shop,,,,space_wolves,fenrisian_wolves_stock,scraped,,,gallery,2026-04-16T22:29:40Z,
scripts/warhammer_com/images/space_wolves/kt_wolf_scouts/clean/99120101457_KTWolfScouts01.jpg,gw_shop,,,,space_wolves,kt_wolf_scouts,scraped,,,gallery,2026-04-16T22:29:40Z,
scripts/warhammer_com/images/space_wolves/kt_wolf_scouts/clean/99120101457_KTWolfScouts02.jpg,gw_shop,,,,space_wolves,kt_wolf_scouts,scraped,,,gallery,2026-04-16T22:29:40Z,
scripts/warhammer_com/images/space_wolves/kt_wolf_scouts/clean/99120101457_KTWolfScouts03.jpg,gw_shop,,,,space_wolves,kt_wolf_scouts,scraped,,,gallery,2026-04-16T22:29:40Z,
scripts/warhammer_com/images/space_wolves/kt_wolf_scouts/clean/99120101457_KTWolfScouts05.jpg,gw_shop,,,,space_wolves,kt_wolf_scouts,scraped,,,gallery,2026-04-16T22:29:40Z,
scripts/warhammer_com/images/space_wolves/kt_wolf_scouts/clean/99120101457_KTWolfScouts06.jpg,gw_shop,,,,space_wolves,kt_wolf_scouts,scraped,,,gallery,2026-04-16T22:29:40Z,
scripts/warhammer_com/images/space_wolves/murderfang/clean/99120101116_Murderfang01.jpg,gw_shop,,,,space_wolves,murderfang,scraped,,,gallery,2026-04-16T22:29:40Z,
scripts/warhammer_com/images/space_wolves/murderfang/clean/99120101116_Murderfang02.jpg,gw_shop,,,,space_wolves,murderfang,scraped,,,gallery,2026-04-16T22:29:40Z,
scripts/warhammer_com/images/space_wolves/ragnar_blackmane/clean/99120101275_RagnarBlackmaneLead.jpg,gw_shop,,,,space_wolves,ragnar_blackmane,scraped,,,gallery,2026-04-16T22:29:40Z,
scripts/warhammer_com/images/space_wolves/ragnar_blackmane_feature/clean/99120101275_RagnarBlackmaneFeature1.jpg,gw_shop,,,,space_wolves,ragnar_blackmane_feature,scraped,,,gallery,2026-04-16T22:29:40Z,
scripts/warhammer_com/images/space_wolves/ragnar_blackmane_stock/clean/99120101275_RagnarBlackmaneStock.jpg,gw_shop,,,,space_wolves,ragnar_blackmane_stock,scraped,,,gallery,2026-04-16T22:29:40Z,
scripts/warhammer_com/images/space_wolves/smsw_ulrik_the_slayer_stock/clean/99070101066_SMSWUlrikTheSlayerStock.jpg,gw_shop,,,,space_wolves,smsw_ulrik_the_slayer_stock,scraped,,,gallery,2026-04-16T22:29:40Z,
scripts/warhammer_com/images/space_wolves/smsw_wulfen_stock/clean/99120101349_SMSWWulfenStock.jpg,gw_shop,,,,space_wolves,smsw_wulfen_stock,scraped,,,gallery,2026-04-16T22:29:40Z,
scripts/warhammer_com/images/space_wolves/space_wolves_arjac_rockfist/clean/99120101439_SpaceWolvesArjacRockfist1.jpg,gw_shop,,,,space_wolves,space_wolves_arjac_rockfist,scraped,,,gallery,2026-04-16T22:29:40Z,
scripts/warhammer_com/images/space_wolves/space_wolves_arjac_rockfist/clean/99120101439_SpaceWolvesArjacRockfist2.jpg,gw_shop,,,,space_wolves,space_wolves_arjac_rockfist,scraped,,,gallery,2026-04-16T22:29:40Z,
scripts/warhammer_com/images/space_wolves/space_wolves_arjac_rockfist/clean/99120101439_SpaceWolvesArjacRockfist4.jpg,gw_shop,,,,space_wolves,space_wolves_arjac_rockfist,scraped,,,gallery,2026-04-16T22:29:40Z,
scripts/warhammer_com/images/space_wolves/space_wolves_blood_claws/clean/99120101434_SpaceWolvesBloodClaws1.jpg,gw_shop,,,,space_wolves,space_wolves_blood_claws,scraped,,,gallery,2026-04-16T22:29:40Z,
scripts/warhammer_com/images/space_wolves/space_wolves_blood_claws/clean/99120101434_SpaceWolvesBloodClaws2.jpg,gw_shop,,,,space_wolves,space_wolves_blood_claws,scraped,,,gallery,2026-04-16T22:29:40Z,
scripts/warhammer_com/images/space_wolves/space_wolves_combat_patrol/clean/99120101426_SpaceWolvesCombatPatrol1.jpg,gw_shop,,,,space_wolves,space_wolves_combat_patrol,scraped,,,gallery,2026-04-16T22:29:40Z,
scripts/warhammer_com/images/space_wolves/space_wolves_combat_patrol/clean/99120101426_SpaceWolvesCombatPatrol2.jpg,gw_shop,,,,space_wolves,space_wolves_combat_patrol,scraped,,,gallery,2026-04-16T22:29:40Z,
scripts/warhammer_com/images/space_wolves/space_wolves_combat_patrol/clean/99120101426_SpaceWolvesCombatPatrol3.jpg,gw_shop,,,,space_wolves,space_wolves_combat_patrol,scraped,,,gallery,2026-04-16T22:29:40Z,
scripts/warhammer_com/images/space_wolves/space_wolves_grey_hunters_squad/clean/99120101433_SpaceWolvesGreyHuntersSquad1.jpg,gw_shop,,,,space_wolves,space_wolves_grey_hunters_squad,scraped,,,gallery,2026-04-16T22:29:40Z,
scripts/warhammer_com/images/space_wolves/space_wolves_grey_hunters_squad/clean/99120101433_SpaceWolvesGreyHuntersSquad2.jpg,gw_shop,,,,space_wolves,space_wolves_grey_hunters_squad,scraped,,,gallery,2026-04-16T22:29:40Z,
scripts/warhammer_com/images/space_wolves/space_wolves_iron_priest/clean/99070101018_SpaceWolvesIronPriest01.jpg,gw_shop,,,,space_wolves,space_wolves_iron_priest,scraped,,,gallery,2026-04-16T22:29:40Z,
scripts/warhammer_com/images/space_wolves/space_wolves_iron_priest/clean/99070101018_SpaceWolvesIronPriest02.jpg,gw_shop,,,,space_wolves,space_wolves_iron_priest,scraped,,,gallery,2026-04-16T22:29:40Z,
scripts/warhammer_com/images/space_wolves/space_wolves_iron_priest/clean/99070101018_SpaceWolvesIronPriest03.jpg,gw_shop,,,,space_wolves,space_wolves_iron_priest,scraped,,,gallery,2026-04-16T22:29:40Z,
scripts/warhammer_com/images/space_wolves/space_wolves_logan_grimnar/clean/99120101438_SpaceWolvesLoganGrimnar1.jpg,gw_shop,,,,space_wolves,space_wolves_logan_grimnar,scraped,,,gallery,2026-04-16T22:29:40Z,
scripts/warhammer_com/images/space_wolves/space_wolves_logan_grimnar/clean/99120101438_SpaceWolvesLoganGrimnar4.jpg,gw_shop,,,,space_wolves,space_wolves_logan_grimnar,scraped,,,gallery,2026-04-16T22:29:40Z,
scripts/warhammer_com/images/space_wolves/space_wolves_njal_stormcaller/clean/99120101440_SpaceWolvesNjalStormcaller1.jpg,gw_shop,,,,space_wolves,space_wolves_njal_stormcaller,scraped,,,gallery,2026-04-16T22:29:40Z,
scripts/warhammer_com/images/space_wolves/space_wolves_njal_stormcaller/clean/99120101440_SpaceWolvesNjalStormcaller2.jpg,gw_shop,,,,space_wolves,space_wolves_njal_stormcaller,scraped,,,gallery,2026-04-16T22:29:40Z,
scripts/warhammer_com/images/space_wolves/space_wolves_njal_stormcaller/clean/99120101440_SpaceWolvesNjalStormcaller3.jpg,gw_shop,,,,space_wolves,space_wolves_njal_stormcaller,scraped,,,gallery,2026-04-16T22:29:40Z,
scripts/warhammer_com/images/space_wolves/space_wolves_wolf_guard_battle_leader/clean/99120101436_SpaceWolvesWolfGuardBattleLeader1.jpg,gw_shop,,,,space_wolves,space_wolves_wolf_guard_battle_leader,scraped,,,gallery,2026-04-16T22:29:40Z,
scripts/warhammer_com/images/space_wolves/space_wolves_wolf_guard_battle_leader/clean/99120101436_SpaceWolvesWolfGuardBattleLeader2.jpg,gw_shop,,,,space_wolves,space_wolves_wolf_guard_battle_leader,scraped,,,gallery,2026-04-16T22:29:40Z,
scripts/warhammer_com/images/space_wolves/space_wolves_wolf_guard_battle_leader/clean/99120101436_SpaceWolvesWolfGuardBattleLeader3.jpg,gw_shop,,,,space_wolves,space_wolves_wolf_guard_battle_leader,scraped,,,gallery,2026-04-16T22:29:40Z,
scripts/warhammer_com/images/space_wolves/space_wolves_wolf_guard_battle_leader/clean/99120101436_SpaceWolvesWolfGuardBattleLeader4.jpg,gw_shop,,,,space_wolves,space_wolves_wolf_guard_battle_leader,scraped,,,gallery,2026-04-16T22:29:40Z,
scripts/warhammer_com/images/space_wolves/space_wolves_wolf_guard_headtakers/clean/99120101437_SpaceWolvesWolfGuardHeadtakers1.jpg,gw_shop,,,,space_wolves,space_wolves_wolf_guard_headtakers,scraped,,,gallery,2026-04-16T22:29:40Z,
scripts/warhammer_com/images/space_wolves/space_wolves_wolf_guard_headtakers/clean/99120101437_SpaceWolvesWolfGuardHeadtakers2.jpg,gw_shop,,,,space_wolves,space_wolves_wolf_guard_headtakers,scraped,,,gallery,2026-04-16T22:29:40Z,
scripts/warhammer_com/images/space_wolves/space_wolves_wolf_guard_terminators/clean/99120101441_SpaceWolvesWolfGuardTerminators1.jpg,gw_shop,,,,space_wolves,space_wolves_wolf_guard_terminators,scraped,,,gallery,2026-04-16T22:29:40Z,
scripts/warhammer_com/images/space_wolves/space_wolves_wolf_guard_terminators/clean/99120101441_SpaceWolvesWolfGuardTerminators2.jpg,gw_shop,,,,space_wolves,space_wolves_wolf_guard_terminators,scraped,,,gallery,2026-04-16T22:29:40Z,
scripts/warhammer_com/images/space_wolves/space_wolves_wolf_guard_terminators/clean/99120101441_SpaceWolvesWolfGuardTerminators5.jpg,gw_shop,,,,space_wolves,space_wolves_wolf_guard_terminators,scraped,,,gallery,2026-04-16T22:29:40Z,
scripts/warhammer_com/images/space_wolves/space_wolves_wolf_guard_terminators/clean/99120101441_SpaceWolvesWolfGuardTerminators6.jpg,gw_shop,,,,space_wolves,space_wolves_wolf_guard_terminators,scraped,,,gallery,2026-04-16T22:29:40Z,
scripts/warhammer_com/images/space_wolves/space_wolves_wolf_priest/clean/99120101435_SpaceWolvesWolfPriest1.jpg,gw_shop,,,,space_wolves,space_wolves_wolf_priest,scraped,,,gallery,2026-04-16T22:29:40Z,
scripts/warhammer_com/images/space_wolves/space_wolves_wolf_priest/clean/99120101435_SpaceWolvesWolfPriest2.jpg,gw_shop,,,,space_wolves,space_wolves_wolf_priest,scraped,,,gallery,2026-04-16T22:29:40Z,
scripts/warhammer_com/images/space_wolves/space_wolves_wulfen/clean/99120101140_SpaceWolvesWulfen01.jpg,gw_shop,,,,space_wolves,space_wolves_wulfen,scraped,,,gallery,2026-04-16T22:29:40Z,
scripts/warhammer_com/images/space_wolves/space_wolves_wulfen/clean/99120101140_SpaceWolvesWulfen02.jpg,gw_shop,,,,space_wolves,space_wolves_wulfen,scraped,,,gallery,2026-04-16T22:29:40Z,
scripts/warhammer_com/images/space_wolves/space_wolves_wulfen/clean/99120101140_SpaceWolvesWulfen03.jpg,gw_shop,,,,space_wolves,space_wolves_wulfen,scraped,,,gallery,2026-04-16T22:29:40Z,
scripts/warhammer_com/images/space_wolves/space_wolves_wulfen/clean/99120101140_SpaceWolvesWulfen04.jpg,gw_shop,,,,space_wolves,space_wolves_wulfen,scraped,,,gallery,2026-04-16T22:29:40Z,
scripts/warhammer_com/images/space_wolves/sw_primaris_upgrades/clean/99070101038_SWPrimarisUpgrades01.jpg,gw_shop,,,,space_wolves,sw_primaris_upgrades,scraped,,,gallery,2026-04-16T22:29:40Z,
scripts/warhammer_com/images/space_wolves/sw_ven_dreadnought_stock/clean/99120101348_SWVenDreadnoughtStock.jpg,gw_shop,,,,space_wolves,sw_ven_dreadnought_stock,scraped,,,gallery,2026-04-16T22:29:40Z,
scripts/warhammer_com/images/space_wolves/sw_venerable_dread/clean/99120101116_SWVenerableDread01.jpg,gw_shop,,,,space_wolves,sw_venerable_dread,scraped,,,gallery,2026-04-16T22:29:40Z,
scripts/warhammer_com/images/space_wolves/sw_venerable_dread/clean/99120101116_SWVenerableDread02.jpg,gw_shop,,,,space_wolves,sw_venerable_dread,scraped,,,gallery,2026-04-16T22:29:40Z,
scripts/warhammer_com/images/space_wolves/thunderwolf_cavalry_new/clean/99120101091_ThunderwolfCavalryNEW01.jpg,gw_shop,,,,space_wolves,thunderwolf_cavalry_new,scraped,,,gallery,2026-04-16T22:29:40Z,
scripts/warhammer_com/images/space_wolves/thunderwolf_cavalry_new/clean/99120101091_ThunderwolfCavalryNEW02.jpg,gw_shop,,,,space_wolves,thunderwolf_cavalry_new,scraped,,,gallery,2026-04-16T22:29:40Z,
scripts/warhammer_com/images/space_wolves/thunderwolf_cavalry_new/clean/99120101091_ThunderwolfCavalryNEW03.jpg,gw_shop,,,,space_wolves,thunderwolf_cavalry_new,scraped,,,gallery,2026-04-16T22:29:40Z,
scripts/warhammer_com/images/space_wolves/thunderwolf_cavalry_new/clean/99120101091_ThunderwolfCavalryNEW04.jpg,gw_shop,,,,space_wolves,thunderwolf_cavalry_new,scraped,,,gallery,2026-04-16T22:29:40Z,
scripts/warhammer_com/images/space_wolves/thunderwolf_cavalry_stock/clean/99120101350_ThunderwolfCavalryStock.jpg,gw_shop,,,,space_wolves,thunderwolf_cavalry_stock,scraped,,,gallery,2026-04-16T22:29:40Z,
scripts/warhammer_com/images/space_wolves/ulrik_the_slayer/clean/99070101019_UlrikTheSlayer01.jpg,gw_shop,,,,space_wolves,ulrik_the_slayer,scraped,,,gallery,2026-04-16T22:29:40Z,
scripts/warhammer_com/images/space_wolves/ulrik_the_slayer/clean/99070101019_UlrikTheSlayer02.jpg,gw_shop,,,,space_wolves,ulrik_the_slayer,scraped,,,gallery,2026-04-16T22:29:40Z,
scripts/warhammer_com/images/space_wolves/ulrik_the_slayer/clean/99070101019_UlrikTheSlayer03.jpg,gw_shop,,,,space_wolves,ulrik_the_slayer,scraped,,,gallery,2026-04-16T22:29:40Z,
scripts/warhammer_com/images/space_wolves/wh40k_sw_battle_priest/clean/99120101435_WH40kSWBattlePriest2.jpg,gw_shop,,,,space_wolves,wh40k_sw_battle_priest,scraped,,,gallery,2026-04-16T22:29:40Z,
scripts/warhammer_com/images/space_wolves/wh40k_sw_blood_claws/clean/99120101434_WH40kSWBloodClaws2.jpg,gw_shop,,,,space_wolves,wh40k_sw_blood_claws,scraped,,,gallery,2026-04-16T22:29:40Z,
scripts/warhammer_com/images/space_wolves/wh40k_sw_blood_claws/clean/99120101434_WH40kSWBloodClaws3.jpg,gw_shop,,,,space_wolves,wh40k_sw_blood_claws,scraped,,,gallery,2026-04-16T22:29:40Z,
scripts/warhammer_com/images/space_wolves/wh40k_sw_grey_hunters/clean/99120101433_WH40kSWGreyHunters2.jpg,gw_shop,,,,space_wolves,wh40k_sw_grey_hunters,scraped,,,gallery,2026-04-16T22:29:40Z,
scripts/warhammer_com/images/space_wolves/wh40k_sw_grey_hunters/clean/99120101433_WH40kSWGreyHunters3.jpg,gw_shop,,,,space_wolves,wh40k_sw_grey_hunters,scraped,,,gallery,2026-04-16T22:29:40Z,
scripts/warhammer_com/images/space_wolves/wh40k_sw_wolf_guard_battle_leader/clean/99120101436_WH40kSWWolfGuardBattleLeader2.jpg,gw_shop,,,,space_wolves,wh40k_sw_wolf_guard_battle_leader,scraped,,,gallery,2026-04-16T22:29:40Z,
scripts/warhammer_com/images/space_wolves/wh40k_sw_wolf_guard_headtakers/clean/99120101437_WH40kSWWolfGuardHeadtakers2.jpg,gw_shop,,,,space_wolves,wh40k_sw_wolf_guard_headtakers,scraped,,,gallery,2026-04-16T22:29:40Z,
scripts/warhammer_com/images/space_wolves/wh40k_sw_wolf_guard_headtakers/clean/99120101437_WH40kSWWolfGuardHeadtakers3.jpg,gw_shop,,,,space_wolves,wh40k_sw_wolf_guard_headtakers,scraped,,,gallery,2026-04-16T22:29:40Z,
scripts/warhammer_com/images/tau_empire/broadside_xv/clean/99120113082_BroadsideXV88BattlesuitFeature.jpg,gw_shop,,,,tau_empire,broadside_xv,scraped,,,gallery,2026-04-16T22:29:40Z,
scripts/warhammer_com/images/tau_empire/broadside_xv/clean/99120113082_BroadsideXV88BattlesuitStock.jpg,gw_shop,,,,tau_empire,broadside_xv,scraped,,,gallery,2026-04-16T22:29:40Z,
scripts/warhammer_com/images/tau_empire/cadre_fireblade/clean/99070113006_CadreFirebladeLead.jpg,gw_shop,,,,tau_empire,cadre_fireblade,scraped,,,gallery,2026-04-16T22:29:40Z,
scripts/warhammer_com/images/tau_empire/cadre_fireblade_feature/clean/99070113006_CadreFirebladeFeature.jpg,gw_shop,,,,tau_empire,cadre_fireblade_feature,scraped,,,gallery,2026-04-16T22:29:40Z,
scripts/warhammer_com/images/tau_empire/cadre_fireblade_stock/clean/99070113006_CadreFirebladeStock.jpg,gw_shop,,,,tau_empire,cadre_fireblade_stock,scraped,,,gallery,2026-04-16T22:29:40Z,
scripts/warhammer_com/images/tau_empire/com_shadowsun/clean/99120113066_ComShadowsun01.jpg,gw_shop,,,,tau_empire,com_shadowsun,scraped,,,gallery,2026-04-16T22:29:40Z,
scripts/warhammer_com/images/tau_empire/commander_coldstar_enforcer_battlesuit_stock/clean/99120113079_CommanderColdstarEnforcerBattlesuitStock.jpg,gw_shop,,,,tau_empire,commander_coldstar_enforcer_battlesuit_stock,scraped,,,gallery,2026-04-16T22:29:40Z,
scripts/warhammer_com/images/tau_empire/eng_kt_dead_silence/clean/60010199076_engKTDeadSilence06.jpg,gw_shop,,,,tau_empire,eng_kt_dead_silence,scraped,,,gallery,2026-04-16T22:29:40Z,
scripts/warhammer_com/images/tau_empire/eng_kt_dead_silence/clean/60010199076_engKTDeadSilence07.jpg,gw_shop,,,,tau_empire,eng_kt_dead_silence,scraped,,,gallery,2026-04-16T22:29:40Z,
scripts/warhammer_com/images/tau_empire/eng_kt_dead_silence/clean/60010199076_engKTDeadSilence12.jpg,gw_shop,,,,tau_empire,eng_kt_dead_silence,scraped,,,gallery,2026-04-16T22:29:40Z,
scripts/warhammer_com/images/tau_empire/ethereal/clean/99070113003_EtherealLive.jpg,gw_shop,,,,tau_empire,ethereal,scraped,,,gallery,2026-04-16T22:29:40Z,
scripts/warhammer_com/images/tau_empire/ethereal_feature/clean/99070113003_EtherealFeature.jpg,gw_shop,,,,tau_empire,ethereal_feature,scraped,,,gallery,2026-04-16T22:29:40Z,
scripts/warhammer_com/images/tau_empire/ghostkeel_feature/clean/99120113078_GhostkeelFeature.jpg,gw_shop,,,,tau_empire,ghostkeel_feature,scraped,,,gallery,2026-04-16T22:29:40Z,
scripts/warhammer_com/images/tau_empire/ghostkeel_stock/clean/99120113078_GhostkeelStock.jpg,gw_shop,,,,tau_empire,ghostkeel_stock,scraped,,,gallery,2026-04-16T22:29:40Z,
scripts/warhammer_com/images/tau_empire/kroot_carnivores/clean/99120113089_KrootCarnivores1.jpg,gw_shop,,,,tau_empire,kroot_carnivores,scraped,,,gallery,2026-04-16T22:29:40Z,
scripts/warhammer_com/images/tau_empire/kroot_carnivores/clean/99120113089_KrootCarnivores2.jpg,gw_shop,,,,tau_empire,kroot_carnivores,scraped,,,gallery,2026-04-16T22:29:40Z,
scripts/warhammer_com/images/tau_empire/kroot_carnivores/clean/99120113089_KrootCarnivores3.jpg,gw_shop,,,,tau_empire,kroot_carnivores,scraped,,,gallery,2026-04-16T22:29:40Z,
scripts/warhammer_com/images/tau_empire/kroot_carnivores/clean/99120113089_KrootCarnivores6.jpg,gw_shop,,,,tau_empire,kroot_carnivores,scraped,,,gallery,2026-04-16T22:29:40Z,
scripts/warhammer_com/images/tau_empire/kroot_flesh_shaper/clean/99070113008_KrootFleshShaper1.jpg,gw_shop,,,,tau_empire,kroot_flesh_shaper,scraped,,,gallery,2026-04-16T22:29:40Z,
scripts/warhammer_com/images/tau_empire/kroot_hounds/clean/99120113090_KrootHounds1.jpg,gw_shop,,,,tau_empire,kroot_hounds,scraped,,,gallery,2026-04-16T22:29:40Z,
scripts/warhammer_com/images/tau_empire/kroot_hounds/clean/99120113090_KrootHounds2.jpg,gw_shop,,,,tau_empire,kroot_hounds,scraped,,,gallery,2026-04-16T22:29:40Z,
scripts/warhammer_com/images/tau_empire/kroot_hounds/clean/99120113090_KrootHounds3.jpg,gw_shop,,,,tau_empire,kroot_hounds,scraped,,,gallery,2026-04-16T22:29:40Z,
scripts/warhammer_com/images/tau_empire/kroot_hounds_stock/clean/99120113090_KrootHoundsStock.jpg,gw_shop,,,,tau_empire,kroot_hounds_stock,scraped,,,gallery,2026-04-16T22:29:40Z,
scripts/warhammer_com/images/tau_empire/kroot_lone_spear/clean/99120113092_KrootLoneSpear1.jpg,gw_shop,,,,tau_empire,kroot_lone_spear,scraped,,,gallery,2026-04-16T22:29:40Z,
scripts/warhammer_com/images/tau_empire/kroot_lone_spear/clean/99120113092_KrootLoneSpear2.jpg,gw_shop,,,,tau_empire,kroot_lone_spear,scraped,,,gallery,2026-04-16T22:29:40Z,
scripts/warhammer_com/images/tau_empire/kroot_lone_spear_stock/clean/99120113092_KrootLoneSpearStock.jpg,gw_shop,,,,tau_empire,kroot_lone_spear_stock,scraped,,,gallery,2026-04-16T22:29:40Z,
scripts/warhammer_com/images/tau_empire/kroot_rampagers/clean/99120113088_KrootRampagers1.jpg,gw_shop,,,,tau_empire,kroot_rampagers,scraped,,,gallery,2026-04-16T22:29:40Z,
scripts/warhammer_com/images/tau_empire/kroot_rampagers/clean/99120113088_KrootRampagers2.jpg,gw_shop,,,,tau_empire,kroot_rampagers,scraped,,,gallery,2026-04-16T22:29:40Z,
scripts/warhammer_com/images/tau_empire/kroot_rampagers/clean/99120113088_KrootRampagers5.jpg,gw_shop,,,,tau_empire,kroot_rampagers,scraped,,,gallery,2026-04-16T22:29:40Z,
scripts/warhammer_com/images/tau_empire/kroot_rider/clean/99120113087_KrootRider1.jpg,gw_shop,,,,tau_empire,kroot_rider,scraped,,,gallery,2026-04-16T22:29:40Z,
scripts/warhammer_com/images/tau_empire/kroot_rider/clean/99120113087_KrootRider2.jpg,gw_shop,,,,tau_empire,kroot_rider,scraped,,,gallery,2026-04-16T22:29:40Z,
scripts/warhammer_com/images/tau_empire/kroot_rider/clean/99120113087_KrootRider3.jpg,gw_shop,,,,tau_empire,kroot_rider,scraped,,,gallery,2026-04-16T22:29:40Z,
scripts/warhammer_com/images/tau_empire/kroot_rider/clean/99120113087_KrootRider4.jpg,gw_shop,,,,tau_empire,kroot_rider,scraped,,,gallery,2026-04-16T22:29:40Z,
scripts/warhammer_com/images/tau_empire/kroot_rider/clean/99120113087_KrootRider7.jpg,gw_shop,,,,tau_empire,kroot_rider,scraped,,,gallery,2026-04-16T22:29:40Z,
scripts/warhammer_com/images/tau_empire/kroot_trail_shaper/clean/99070113007_KrootTrailShaper1.jpg,gw_shop,,,,tau_empire,kroot_trail_shaper,scraped,,,gallery,2026-04-16T22:29:40Z,
scripts/warhammer_com/images/tau_empire/kroot_trail_shaper/clean/99070113007_KrootTrailShaper2.jpg,gw_shop,,,,tau_empire,kroot_trail_shaper,scraped,,,gallery,2026-04-16T22:29:40Z,
scripts/warhammer_com/images/tau_empire/kroot_war_shaper/clean/99120113093_KrootWarShaper1.jpg,gw_shop,,,,tau_empire,kroot_war_shaper,scraped,,,gallery,2026-04-16T22:29:40Z,
scripts/warhammer_com/images/tau_empire/kroot_war_shaper/clean/99120113093_KrootWarShaper4.jpg,gw_shop,,,,tau_empire,kroot_war_shaper,scraped,,,gallery,2026-04-16T22:29:40Z,
scripts/warhammer_com/images/tau_empire/kt_farstalker_kinband/clean/99120114003_KTFarstalkerKinband3.jpg,gw_shop,,,,tau_empire,kt_farstalker_kinband,scraped,,,gallery,2026-04-16T22:29:40Z,
scripts/warhammer_com/images/tau_empire/kt_farstalker_kinband/clean/99120114003_KTFarstalkerKinband4.jpg,gw_shop,,,,tau_empire,kt_farstalker_kinband,scraped,,,gallery,2026-04-16T22:29:40Z,
scripts/warhammer_com/images/tau_empire/kt_farstalker_kinband/clean/99120114003_KTFarstalkerKinband5.jpg,gw_shop,,,,tau_empire,kt_farstalker_kinband,scraped,,,gallery,2026-04-16T22:29:40Z,
scripts/warhammer_com/images/tau_empire/kt_farstalker_kinband/clean/99120114003_KTFarstalkerKinband6.jpg,gw_shop,,,,tau_empire,kt_farstalker_kinband,scraped,,,gallery,2026-04-16T22:29:40Z,
scripts/warhammer_com/images/tau_empire/kt_hivestorm/clean/60010199070_KTHivestorm3New.jpg,gw_shop,,,,tau_empire,kt_hivestorm,scraped,,,gallery,2026-04-16T22:29:40Z,
scripts/warhammer_com/images/tau_empire/kt_hivestorm/clean/99120113096_KTHivestorm9.jpg,gw_shop,,,,tau_empire,kt_hivestorm,scraped,,,gallery,2026-04-16T22:29:40Z,
scripts/warhammer_com/images/tau_empire/kt_vespid_stingwings/clean/99120113096_KTVespidStingwings2.jpg,gw_shop,,,,tau_empire,kt_vespid_stingwings,scraped,,,gallery,2026-04-16T22:29:40Z,
scripts/warhammer_com/images/tau_empire/kt_vespid_stingwings/clean/99120113096_KTVespidStingwings3.jpg,gw_shop,,,,tau_empire,kt_vespid_stingwings,scraped,,,gallery,2026-04-16T22:29:40Z,
scripts/warhammer_com/images/tau_empire/ktxv26_stealth_battlesuits/clean/99120113102_KTXV26StealthBattlesuits03.jpg,gw_shop,,,,tau_empire,ktxv26_stealth_battlesuits,scraped,,,gallery,2026-04-16T22:29:40Z,
scripts/warhammer_com/images/tau_empire/ktxv26_stealth_battlesuits/clean/99120113102_KTXV26StealthBattlesuits04.jpg,gw_shop,,,,tau_empire,ktxv26_stealth_battlesuits,scraped,,,gallery,2026-04-16T22:29:40Z,
scripts/warhammer_com/images/tau_empire/ktxv26_stealth_battlesuits/clean/99120113102_KTXV26StealthBattlesuits05.jpg,gw_shop,,,,tau_empire,ktxv26_stealth_battlesuits,scraped,,,gallery,2026-04-16T22:29:40Z,
scripts/warhammer_com/images/tau_empire/kx139_taunar_supremacy_armour_body/clean/99020187137_KX139TaunarSupremacyArmourBody06.jpg,gw_shop,,,,tau_empire,kx139_taunar_supremacy_armour_body,scraped,,,gallery,2026-04-16T22:29:40Z,
scripts/warhammer_com/images/tau_empire/kx139_taunar_supremacy_armour_body/clean/99020187137_KX139TaunarSupremacyArmourBody07.jpg,gw_shop,,,,tau_empire,kx139_taunar_supremacy_armour_body,scraped,,,gallery,2026-04-16T22:29:40Z,
scripts/warhammer_com/images/tau_empire/kx139_taunar_supremacy_armour_body/clean/99020187137_KX139TaunarSupremacyArmourBody09.jpg,gw_shop,,,,tau_empire,kx139_taunar_supremacy_armour_body,scraped,,,gallery,2026-04-16T22:29:40Z,
scripts/warhammer_com/images/tau_empire/kx139_taunar_supremacy_armour_pulse_ordnance_multidriver/clean/99020187139_KX139TaunarSupremacyArmourPulseOrdnanceMultidriver02.jpg,gw_shop,,,,tau_empire,kx139_taunar_supremacy_armour_pulse_ordnance_multidriver,scraped,,,gallery,2026-04-16T22:29:40Z,
scripts/warhammer_com/images/tau_empire/kx139_taunar_supremacy_armour_triaxis_ion_cannon/clean/99020187138_KX139TaunarSupremacyArmourTriaxisIonCannon02.jpg,gw_shop,,,,tau_empire,kx139_taunar_supremacy_armour_triaxis_ion_cannon,scraped,,,gallery,2026-04-16T22:29:40Z,
scripts/warhammer_com/images/tau_empire/kx139_taunar_supremacy_armour_triaxis_ion_cannon/clean/99020187138_KX139TaunarSupremacyArmourTriaxisIonCannon03.jpg,gw_shop,,,,tau_empire,kx139_taunar_supremacy_armour_triaxis_ion_cannon,scraped,,,gallery,2026-04-16T22:29:40Z,
scripts/warhammer_com/images/tau_empire/kx139_taunar_supremacy_rail_cannon/clean/99560113054_KX139TaunarSupremacyRailCannon01.jpg,gw_shop,,,,tau_empire,kx139_taunar_supremacy_rail_cannon,scraped,,,gallery,2026-04-16T22:29:40Z,
scripts/warhammer_com/images/tau_empire/piranha_feature/clean/99120113073_PiranhaFeature1.jpg,gw_shop,,,,tau_empire,piranha_feature,scraped,,,gallery,2026-04-16T22:29:40Z,
scripts/warhammer_com/images/tau_empire/piranha_feature/clean/99120113073_PiranhaFeature2.jpg,gw_shop,,,,tau_empire,piranha_feature,scraped,,,gallery,2026-04-16T22:29:40Z,
scripts/warhammer_com/images/tau_empire/piranha_stock/clean/99120113073_PiranhaStock.jpg,gw_shop,,,,tau_empire,piranha_stock,scraped,,,gallery,2026-04-16T22:29:40Z,
scripts/warhammer_com/images/tau_empire/razorshark_fighter/clean/99120113029_RazorsharkFighter01.jpg,gw_shop,,,,tau_empire,razorshark_fighter,scraped,,,gallery,2026-04-16T22:29:40Z,
scripts/warhammer_com/images/tau_empire/razorshark_fighter/clean/99120113029_RazorsharkFighter02.jpg,gw_shop,,,,tau_empire,razorshark_fighter,scraped,,,gallery,2026-04-16T22:29:40Z,
scripts/warhammer_com/images/tau_empire/razorshark_fighter/clean/99120113029_RazorsharkFighter03.jpg,gw_shop,,,,tau_empire,razorshark_fighter,scraped,,,gallery,2026-04-16T22:29:40Z,
scripts/warhammer_com/images/tau_empire/razorshark_fighter/clean/99120113029_RazorsharkFighter04.jpg,gw_shop,,,,tau_empire,razorshark_fighter,scraped,,,gallery,2026-04-16T22:29:40Z,
scripts/warhammer_com/images/tau_empire/razorshark_fighter/clean/99120113029_RazorsharkFighter05.jpg,gw_shop,,,,tau_empire,razorshark_fighter,scraped,,,gallery,2026-04-16T22:29:40Z,
scripts/warhammer_com/images/tau_empire/sniper_drone_team_new/clean/99810113001_SniperDroneTeamNEW01.jpg,gw_shop,,,,tau_empire,sniper_drone_team_new,scraped,,,gallery,2026-04-16T22:29:40Z,
scripts/warhammer_com/images/tau_empire/stormsurge_feature/clean/99120113071_StormsurgeFeature.jpg,gw_shop,,,,tau_empire,stormsurge_feature,scraped,,,gallery,2026-04-16T22:29:40Z,
scripts/warhammer_com/images/tau_empire/stormsurge_stock/clean/99120113071_StormsurgeStock.jpg,gw_shop,,,,tau_empire,stormsurge_stock,scraped,,,gallery,2026-04-16T22:29:40Z,
scripts/warhammer_com/images/tau_empire/sunshark_bomber/clean/99120113029_SunsharkBomber01.jpg,gw_shop,,,,tau_empire,sunshark_bomber,scraped,,,gallery,2026-04-16T22:29:40Z,
scripts/warhammer_com/images/tau_empire/sunshark_bomber/clean/99120113029_SunsharkBomber02.jpg,gw_shop,,,,tau_empire,sunshark_bomber,scraped,,,gallery,2026-04-16T22:29:40Z,
scripts/warhammer_com/images/tau_empire/sunshark_bomber/clean/99120113029_SunsharkBomber03.jpg,gw_shop,,,,tau_empire,sunshark_bomber,scraped,,,gallery,2026-04-16T22:29:40Z,
scripts/warhammer_com/images/tau_empire/sunshark_bomber/clean/99120113029_SunsharkBomber04.jpg,gw_shop,,,,tau_empire,sunshark_bomber,scraped,,,gallery,2026-04-16T22:29:40Z,
scripts/warhammer_com/images/tau_empire/sunshark_bomber/clean/99120113029_SunsharkBomber05.jpg,gw_shop,,,,tau_empire,sunshark_bomber,scraped,,,gallery,2026-04-16T22:29:40Z,
scripts/warhammer_com/images/tau_empire/sunshark_bomber_box/clean/99120113029_SunsharkBomberBox01.jpg,gw_shop,,,,tau_empire,sunshark_bomber_box,scraped,,,gallery,2026-04-16T22:29:40Z,
scripts/warhammer_com/images/tau_empire/supremacysuitfusioneradicator/clean/99020187141_Supremacysuitfusioneradicator02.jpg,gw_shop,,,,tau_empire,supremacysuitfusioneradicator,scraped,,,gallery,2026-04-16T22:29:40Z,
scripts/warhammer_com/images/tau_empire/tau_ax1_tigershark/clean/99560113055_TauAX1Tigershark01NEW.jpg,gw_shop,,,,tau_empire,tau_ax1_tigershark,scraped,,,gallery,2026-04-16T22:29:40Z,
scripts/warhammer_com/images/tau_empire/tau_ax1_tigershark/clean/99560113055_TauAX1Tigershark03NEW.jpg,gw_shop,,,,tau_empire,tau_ax1_tigershark,scraped,,,gallery,2026-04-16T22:29:40Z,
scripts/warhammer_com/images/tau_empire/tau_ax1_tigershark/clean/99560113055_TauAX1Tigershark04NEW.jpg,gw_shop,,,,tau_empire,tau_ax1_tigershark,scraped,,,gallery,2026-04-16T22:29:40Z,
scripts/warhammer_com/images/tau_empire/tau_ax1_tigershark/clean/99560113055_TauAX1Tigershark05.jpg,gw_shop,,,,tau_empire,tau_ax1_tigershark,scraped,,,gallery,2026-04-16T22:29:40Z,
scripts/warhammer_com/images/tau_empire/tau_ax1_tigershark/clean/99560113055_TauAX1Tigershark05NEW.jpg,gw_shop,,,,tau_empire,tau_ax1_tigershark,scraped,,,gallery,2026-04-16T22:29:40Z,
scripts/warhammer_com/images/tau_empire/tau_ax1_tigershark/clean/99560113055_TauAX1Tigershark06NEW.jpg,gw_shop,,,,tau_empire,tau_ax1_tigershark,scraped,,,gallery,2026-04-16T22:29:40Z,
scripts/warhammer_com/images/tau_empire/tau_boarding_patrol/clean/99120113094_TAUBoardingPatrol01.jpg,gw_shop,,,,tau_empire,tau_boarding_patrol,scraped,,,gallery,2026-04-16T22:29:40Z,
scripts/warhammer_com/images/tau_empire/tau_breacher_team/clean/99120113039_TauBreacherTeam01.jpg,gw_shop,,,,tau_empire,tau_breacher_team,scraped,,,gallery,2026-04-16T22:29:40Z,
scripts/warhammer_com/images/tau_empire/tau_breacher_team/clean/99120113039_TauBreacherTeam02.jpg,gw_shop,,,,tau_empire,tau_breacher_team,scraped,,,gallery,2026-04-16T22:29:40Z,
scripts/warhammer_com/images/tau_empire/tau_breacher_team/clean/99120113039_TauBreacherTeam03.jpg,gw_shop,,,,tau_empire,tau_breacher_team,scraped,,,gallery,2026-04-16T22:29:40Z,
scripts/warhammer_com/images/tau_empire/tau_breacher_team/clean/99120113039_TauBreacherTeam04.jpg,gw_shop,,,,tau_empire,tau_breacher_team,scraped,,,gallery,2026-04-16T22:29:40Z,
scripts/warhammer_com/images/tau_empire/tau_breacher_team/clean/99120113039_TauBreacherTeam05.jpg,gw_shop,,,,tau_empire,tau_breacher_team,scraped,,,gallery,2026-04-16T22:29:40Z,
scripts/warhammer_com/images/tau_empire/tau_broadside/clean/99120113031_TauBroadside01.jpg,gw_shop,,,,tau_empire,tau_broadside,scraped,,,gallery,2026-04-16T22:29:40Z,
scripts/warhammer_com/images/tau_empire/tau_broadside/clean/99120113031_TauBroadside03.jpg,gw_shop,,,,tau_empire,tau_broadside,scraped,,,gallery,2026-04-16T22:29:40Z,
scripts/warhammer_com/images/tau_empire/tau_combat_patrol_kroot/clean/99120113100_TAUCombatPatrolKroot1.jpg,gw_shop,,,,tau_empire,tau_combat_patrol_kroot,scraped,,,gallery,2026-04-16T22:29:40Z,
scripts/warhammer_com/images/tau_empire/tau_combat_patrol_kroot/clean/99120113100_TAUCombatPatrolKroot10.jpg,gw_shop,,,,tau_empire,tau_combat_patrol_kroot,scraped,,,gallery,2026-04-16T22:29:40Z,
scripts/warhammer_com/images/tau_empire/tau_combat_patrol_kroot/clean/99120113100_TAUCombatPatrolKroot2.jpg,gw_shop,,,,tau_empire,tau_combat_patrol_kroot,scraped,,,gallery,2026-04-16T22:29:40Z,
scripts/warhammer_com/images/tau_empire/tau_combat_patrol_kroot/clean/99120113100_TAUCombatPatrolKroot3.jpg,gw_shop,,,,tau_empire,tau_combat_patrol_kroot,scraped,,,gallery,2026-04-16T22:29:40Z,
scripts/warhammer_com/images/tau_empire/tau_combat_patrol_kroot/clean/99120113100_TAUCombatPatrolKroot4.jpg,gw_shop,,,,tau_empire,tau_combat_patrol_kroot,scraped,,,gallery,2026-04-16T22:29:40Z,
scripts/warhammer_com/images/tau_empire/tau_combat_patrol_kroot/clean/99120113100_TAUCombatPatrolKroot5.jpg,gw_shop,,,,tau_empire,tau_combat_patrol_kroot,scraped,,,gallery,2026-04-16T22:29:40Z,
scripts/warhammer_com/images/tau_empire/tau_combat_patrol_kroot/clean/99120113100_TAUCombatPatrolKroot7.jpg,gw_shop,,,,tau_empire,tau_combat_patrol_kroot,scraped,,,gallery,2026-04-16T22:29:40Z,
scripts/warhammer_com/images/tau_empire/tau_combat_patrol_kroot/clean/99120113100_TAUCombatPatrolKroot8.jpg,gw_shop,,,,tau_empire,tau_combat_patrol_kroot,scraped,,,gallery,2026-04-16T22:29:40Z,
scripts/warhammer_com/images/tau_empire/tau_crisis_battlesuit/clean/99120113072_TAUCrisisBattlesuitLead.jpg,gw_shop,,,,tau_empire,tau_crisis_battlesuit,scraped,,,gallery,2026-04-16T22:29:40Z,
scripts/warhammer_com/images/tau_empire/tau_crisis_battlesuit_feature/clean/99120113072_TAUCrisisBattlesuitFeature.jpg,gw_shop,,,,tau_empire,tau_crisis_battlesuit_feature,scraped,,,gallery,2026-04-16T22:29:40Z,
scripts/warhammer_com/images/tau_empire/tau_crisis_battlesuit_stock/clean/99120113072_TAUCrisisBattlesuitStock.jpg,gw_shop,,,,tau_empire,tau_crisis_battlesuit_stock,scraped,,,gallery,2026-04-16T22:29:40Z,
scripts/warhammer_com/images/tau_empire/tau_darkstrider/clean/99070113005_TauDarkstriderLead.jpg,gw_shop,,,,tau_empire,tau_darkstrider,scraped,,,gallery,2026-04-16T22:29:40Z,
scripts/warhammer_com/images/tau_empire/tau_darkstrider_feature/clean/99070113005_TauDarkstriderFeature.jpg,gw_shop,,,,tau_empire,tau_darkstrider_feature,scraped,,,gallery,2026-04-16T22:29:40Z,
scripts/warhammer_com/images/tau_empire/tau_darkstrider_stock/clean/99070113005_TauDarkstriderStock.jpg,gw_shop,,,,tau_empire,tau_darkstrider_stock,scraped,,,gallery,2026-04-16T22:29:40Z,
scripts/warhammer_com/images/tau_empire/tau_devilfish_feature/clean/99120113074_TAUDevilfishFeature.jpg,gw_shop,,,,tau_empire,tau_devilfish_feature,scraped,,,gallery,2026-04-16T22:29:40Z,
scripts/warhammer_com/images/tau_empire/tau_devilfish_stock/clean/99120113074_TAUDevilfishStock.jpg,gw_shop,,,,tau_empire,tau_devilfish_stock,scraped,,,gallery,2026-04-16T22:29:40Z,
scripts/warhammer_com/images/tau_empire/tau_droneport/clean/99120113049_TauDroneport01.jpg,gw_shop,,,,tau_empire,tau_droneport,scraped,,,gallery,2026-04-16T22:29:40Z,
scripts/warhammer_com/images/tau_empire/tau_droneport/clean/99120113049_TauDroneport02.jpg,gw_shop,,,,tau_empire,tau_droneport,scraped,,,gallery,2026-04-16T22:29:40Z,
scripts/warhammer_com/images/tau_empire/tau_droneport/clean/99120113049_TauDroneport03.jpg,gw_shop,,,,tau_empire,tau_droneport,scraped,,,gallery,2026-04-16T22:29:40Z,
scripts/warhammer_com/images/tau_empire/tau_droneport/clean/99120113049_TauDroneport04.jpg,gw_shop,,,,tau_empire,tau_droneport,scraped,,,gallery,2026-04-16T22:29:40Z,
scripts/warhammer_com/images/tau_empire/tau_emp_commander_farsight/clean/99120113086_TAUEmpCommanderFarsight02.jpg,gw_shop,,,,tau_empire,tau_emp_commander_farsight,scraped,,,gallery,2026-04-16T22:29:40Z,
scripts/warhammer_com/images/tau_empire/tau_emp_commander_farsight/clean/99120113086_TAUEmpCommanderFarsight03.jpg,gw_shop,,,,tau_empire,tau_emp_commander_farsight,scraped,,,gallery,2026-04-16T22:29:40Z,
scripts/warhammer_com/images/tau_empire/tau_emp_commander_farsight/clean/99120113086_TAUEmpCommanderFarsight04.jpg,gw_shop,,,,tau_empire,tau_emp_commander_farsight,scraped,,,gallery,2026-04-16T22:29:40Z,
scripts/warhammer_com/images/tau_empire/tau_emp_commander_farsight/clean/99120113086_TAUEmpCommanderFarsight05.jpg,gw_shop,,,,tau_empire,tau_emp_commander_farsight,scraped,,,gallery,2026-04-16T22:29:40Z,
scripts/warhammer_com/images/tau_empire/tau_emp_commander_farsight/clean/99120113086_TAUEmpCommanderFarsight06.jpg,gw_shop,,,,tau_empire,tau_emp_commander_farsight,scraped,,,gallery,2026-04-16T22:29:40Z,
scripts/warhammer_com/images/tau_empire/tau_emp_commander_farsight/clean/99120113086_TAUEmpCommanderFarsight07.jpg,gw_shop,,,,tau_empire,tau_emp_commander_farsight,scraped,,,gallery,2026-04-16T22:29:40Z,
scripts/warhammer_com/images/tau_empire/tau_emp_commander_farsight/clean/99120113086_TAUEmpCommanderFarsight08.jpg,gw_shop,,,,tau_empire,tau_emp_commander_farsight,scraped,,,gallery,2026-04-16T22:29:40Z,
scripts/warhammer_com/images/tau_empire/tau_empire_commander_cold_star/clean/99120113037_TauEmpireCommanderColdStar01.jpg,gw_shop,,,,tau_empire,tau_empire_commander_cold_star,scraped,,,gallery,2026-04-16T22:29:40Z,
scripts/warhammer_com/images/tau_empire/tau_empire_commander_cold_star/clean/99120113037_TauEmpireCommanderColdStar02.jpg,gw_shop,,,,tau_empire,tau_empire_commander_cold_star,scraped,,,gallery,2026-04-16T22:29:40Z,
scripts/warhammer_com/images/tau_empire/tau_empire_commander_enforcer/clean/99120113037_TauEmpireCommanderEnforcer02.jpg,gw_shop,,,,tau_empire,tau_empire_commander_enforcer,scraped,,,gallery,2026-04-16T22:29:40Z,
scripts/warhammer_com/images/tau_empire/tau_empire_drones/clean/99070113002_TauEmpireDrones06.jpg,gw_shop,,,,tau_empire,tau_empire_drones,scraped,,,gallery,2026-04-16T22:29:40Z,
scripts/warhammer_com/images/tau_empire/tau_empire_ghostkeel/clean/99120113035_TauEmpireGhostkeel01.jpg,gw_shop,,,,tau_empire,tau_empire_ghostkeel,scraped,,,gallery,2026-04-16T22:29:40Z,
scripts/warhammer_com/images/tau_empire/tau_empire_ghostkeel/clean/99120113035_TauEmpireGhostkeel02.jpg,gw_shop,,,,tau_empire,tau_empire_ghostkeel,scraped,,,gallery,2026-04-16T22:29:40Z,
scripts/warhammer_com/images/tau_empire/tau_empire_path_finder_team/clean/99120113040_TauEmpirePathFinderTeam01.jpg,gw_shop,,,,tau_empire,tau_empire_path_finder_team,scraped,,,gallery,2026-04-16T22:29:40Z,
scripts/warhammer_com/images/tau_empire/tau_fire_warriors_feature/clean/99120113076_TAUFireWarriorsFeature.jpg,gw_shop,,,,tau_empire,tau_fire_warriors_feature,scraped,,,gallery,2026-04-16T22:29:40Z,
scripts/warhammer_com/images/tau_empire/tau_fire_warriors_stock/clean/99120113076_TAUFireWarriorsStock.jpg,gw_shop,,,,tau_empire,tau_fire_warriors_stock,scraped,,,gallery,2026-04-16T22:29:40Z,
scripts/warhammer_com/images/tau_empire/tau_firewarrior_team/clean/99120113039_TauFirewarriorTeam01.jpg,gw_shop,,,,tau_empire,tau_firewarrior_team,scraped,,,gallery,2026-04-16T22:29:40Z,
scripts/warhammer_com/images/tau_empire/tau_firewarrior_team/clean/99120113039_TauFirewarriorTeam02.jpg,gw_shop,,,,tau_empire,tau_firewarrior_team,scraped,,,gallery,2026-04-16T22:29:40Z,
scripts/warhammer_com/images/tau_empire/tau_firewarrior_team/clean/99120113039_TauFirewarriorTeam03.jpg,gw_shop,,,,tau_empire,tau_firewarrior_team,scraped,,,gallery,2026-04-16T22:29:40Z,
scripts/warhammer_com/images/tau_empire/tau_firewarrior_team/clean/99120113039_TauFirewarriorTeam04.jpg,gw_shop,,,,tau_empire,tau_firewarrior_team,scraped,,,gallery,2026-04-16T22:29:40Z,
scripts/warhammer_com/images/tau_empire/tau_firewarrior_team/clean/99120113039_TauFirewarriorTeam05.jpg,gw_shop,,,,tau_empire,tau_firewarrior_team,scraped,,,gallery,2026-04-16T22:29:40Z,
scripts/warhammer_com/images/tau_empire/tau_hammerhead/clean/99120113028_TauHammerhead01.jpg,gw_shop,,,,tau_empire,tau_hammerhead,scraped,,,gallery,2026-04-16T22:29:40Z,
scripts/warhammer_com/images/tau_empire/tau_hammerhead_gunship_feature/clean/99120113070_TAUHammerheadGunshipFeature.jpg,gw_shop,,,,tau_empire,tau_hammerhead_gunship_feature,scraped,,,gallery,2026-04-16T22:29:40Z,
scripts/warhammer_com/images/tau_empire/tau_hammerhead_gunship_stock/clean/99120113070_TAUHammerheadGunshipStock.jpg,gw_shop,,,,tau_empire,tau_hammerhead_gunship_stock,scraped,,,gallery,2026-04-16T22:29:40Z,
scripts/warhammer_com/images/tau_empire/tau_kv128_stormsurge/clean/99120113036_TauKV128Stormsurge01.jpg,gw_shop,,,,tau_empire,tau_kv128_stormsurge,scraped,,,gallery,2026-04-16T22:29:40Z,
scripts/warhammer_com/images/tau_empire/tau_manta/clean/99590113031_TauManta09NEW.jpg,gw_shop,,,,tau_empire,tau_manta,scraped,,,gallery,2026-04-16T22:29:40Z,
scripts/warhammer_com/images/tau_empire/tau_nexus_missile/clean/99560113052_TauNexusMissile01.jpg,gw_shop,,,,tau_empire,tau_nexus_missile,scraped,,,gallery,2026-04-16T22:29:40Z,
scripts/warhammer_com/images/tau_empire/tau_pathfinder_team_feature/clean/99120113080_TAUPathfinderTeamFeature.jpg,gw_shop,,,,tau_empire,tau_pathfinder_team_feature,scraped,,,gallery,2026-04-16T22:29:40Z,
scripts/warhammer_com/images/tau_empire/tau_pathfinder_team_stock/clean/99120113080_TAUPathfinderTeamStock.jpg,gw_shop,,,,tau_empire,tau_pathfinder_team_stock,scraped,,,gallery,2026-04-16T22:29:40Z,
scripts/warhammer_com/images/tau_empire/tau_piranha_new/clean/99120113009_TauPiranhaNEW01.jpg,gw_shop,,,,tau_empire,tau_piranha_new,scraped,,,gallery,2026-04-16T22:29:40Z,
scripts/warhammer_com/images/tau_empire/tau_riptide_battlesuit_feature/clean/99120113077_TAURiptideBattlesuitFeature01.jpg,gw_shop,,,,tau_empire,tau_riptide_battlesuit_feature,scraped,,,gallery,2026-04-16T22:29:40Z,
scripts/warhammer_com/images/tau_empire/tau_riptide_battlesuit_feature/clean/99120113077_TAURiptideBattlesuitFeature02.jpg,gw_shop,,,,tau_empire,tau_riptide_battlesuit_feature,scraped,,,gallery,2026-04-16T22:29:40Z,
scripts/warhammer_com/images/tau_empire/tau_riptide_battlesuit_stock/clean/99120113077_TAURiptideBattlesuitStock.jpg,gw_shop,,,,tau_empire,tau_riptide_battlesuit_stock,scraped,,,gallery,2026-04-16T22:29:40Z,
scripts/warhammer_com/images/tau_empire/tau_skyray/clean/99120113028_TauSkyray01.jpg,gw_shop,,,,tau_empire,tau_skyray,scraped,,,gallery,2026-04-16T22:29:40Z,
scripts/warhammer_com/images/tau_empire/tau_twin_lance/clean/99120113101_TAUTwinLance1.jpg,gw_shop,,,,tau_empire,tau_twin_lance,scraped,,,gallery,2026-04-16T22:29:40Z,
scripts/warhammer_com/images/tau_empire/tau_twin_lance/clean/99120113101_TAUTwinLance3.jpg,gw_shop,,,,tau_empire,tau_twin_lance,scraped,,,gallery,2026-04-16T22:29:40Z,
scripts/warhammer_com/images/tau_empire/tau_twin_lance/clean/99120113101_TAUTwinLance4.jpg,gw_shop,,,,tau_empire,tau_twin_lance,scraped,,,gallery,2026-04-16T22:29:40Z,
scripts/warhammer_com/images/tau_empire/tau_twin_lance/clean/99120113101_TAUTwinLance6.jpg,gw_shop,,,,tau_empire,tau_twin_lance,scraped,,,gallery,2026-04-16T22:29:40Z,
scripts/warhammer_com/images/tau_empire/tau_twin_lance/clean/99120113101_TAUTwinLance7.jpg,gw_shop,,,,tau_empire,tau_twin_lance,scraped,,,gallery,2026-04-16T22:29:40Z,
scripts/warhammer_com/images/tau_empire/tau_xv88_broad_side_battle_suit/clean/99120113045_TauXV88BroadSideBattleSuit01.jpg,gw_shop,,,,tau_empire,tau_xv88_broad_side_battle_suit,scraped,,,gallery,2026-04-16T22:29:40Z,
scripts/warhammer_com/images/tau_empire/taucp/clean/99120113091_TAUCP2.jpg,gw_shop,,,,tau_empire,taucp,scraped,,,gallery,2026-04-16T22:29:40Z,
scripts/warhammer_com/images/tau_empire/taucp/clean/99120113091_TAUCP6.jpg,gw_shop,,,,tau_empire,taucp,scraped,,,gallery,2026-04-16T22:29:40Z,
scripts/warhammer_com/images/tau_empire/taucp_extra/clean/99120113091_TAUCPExtra01.jpg,gw_shop,,,,tau_empire,taucp_extra,scraped,,,gallery,2026-04-16T22:29:40Z,
scripts/warhammer_com/images/tau_empire/taucp_extra/clean/99120113091_TAUCPExtra02.jpg,gw_shop,,,,tau_empire,taucp_extra,scraped,,,gallery,2026-04-16T22:29:40Z,
scripts/warhammer_com/images/tau_empire/taucp_stock/clean/99120113091_TAUCPStock.jpg,gw_shop,,,,tau_empire,taucp_stock,scraped,,,gallery,2026-04-16T22:29:40Z,
scripts/warhammer_com/images/tau_empire/taumv71_sniper_drones_firesight_marksman_update/clean/99810113001_TAUMV71SniperDronesFiresightMarksmanUpdate1.jpg,gw_shop,,,,tau_empire,taumv71_sniper_drones_firesight_marksman_update,scraped,,,gallery,2026-04-16T22:29:40Z,
scripts/warhammer_com/images/tau_empire/taumv71_sniper_drones_firesight_marksman_update/clean/99810113001_TAUMV71SniperDronesFiresightMarksmanUpdate2.jpg,gw_shop,,,,tau_empire,taumv71_sniper_drones_firesight_marksman_update,scraped,,,gallery,2026-04-16T22:29:40Z,
scripts/warhammer_com/images/tau_empire/tidewall_shieldline/clean/99120113075_TidewallShieldlineLead.jpg,gw_shop,,,,tau_empire,tidewall_shieldline,scraped,,,gallery,2026-04-16T22:29:40Z,
scripts/warhammer_com/images/tau_empire/tidewall_shieldline_context/clean/99120113075_TidewallShieldlineContext.jpg,gw_shop,,,,tau_empire,tidewall_shieldline_context,scraped,,,gallery,2026-04-16T22:29:40Z,
scripts/warhammer_com/images/tau_empire/tidewall_shieldline_feature/clean/99120113075_TidewallShieldlineFeature1.jpg,gw_shop,,,,tau_empire,tidewall_shieldline_feature,scraped,,,gallery,2026-04-16T22:29:40Z,
scripts/warhammer_com/images/tau_empire/tidewall_shieldline_feature/clean/99120113075_TidewallShieldlineFeature2.jpg,gw_shop,,,,tau_empire,tidewall_shieldline_feature,scraped,,,gallery,2026-04-16T22:29:40Z,
scripts/warhammer_com/images/tau_empire/tidewall_shieldline_stock/clean/99120113075_TidewallShieldlineStock.jpg,gw_shop,,,,tau_empire,tidewall_shieldline_stock,scraped,,,gallery,2026-04-16T22:29:40Z,
scripts/warhammer_com/images/thousand_sons/ahriman/clean/99120102064_Ahriman02.jpg,gw_shop,,,,thousand_sons,ahriman,scraped,,,gallery,2026-04-16T22:29:40Z,
scripts/warhammer_com/images/thousand_sons/ahriman/clean/99120102064_Ahriman03.jpg,gw_shop,,,,thousand_sons,ahriman,scraped,,,gallery,2026-04-16T22:29:40Z,
scripts/warhammer_com/images/thousand_sons/ahriman/clean/99120102064_Ahriman04.jpg,gw_shop,,,,thousand_sons,ahriman,scraped,,,gallery,2026-04-16T22:29:40Z,
scripts/warhammer_com/images/thousand_sons/ahriman/clean/99120102064_Ahriman06.jpg,gw_shop,,,,thousand_sons,ahriman,scraped,,,gallery,2026-04-16T22:29:40Z,
scripts/warhammer_com/images/thousand_sons/exhalted_sorcerers/clean/99120102067_ExhaltedSorcerers02.jpg,gw_shop,,,,thousand_sons,exhalted_sorcerers,scraped,,,gallery,2026-04-16T22:29:40Z,
scripts/warhammer_com/images/thousand_sons/exhalted_sorcerers/clean/99120102067_ExhaltedSorcerers03.jpg,gw_shop,,,,thousand_sons,exhalted_sorcerers,scraped,,,gallery,2026-04-16T22:29:40Z,
scripts/warhammer_com/images/thousand_sons/exhalted_sorcerers/clean/99120102067_ExhaltedSorcerers04.jpg,gw_shop,,,,thousand_sons,exhalted_sorcerers,scraped,,,gallery,2026-04-16T22:29:40Z,
scripts/warhammer_com/images/thousand_sons/exhalted_sorcerers/clean/99120102067_ExhaltedSorcerers05.jpg,gw_shop,,,,thousand_sons,exhalted_sorcerers,scraped,,,gallery,2026-04-16T22:29:40Z,
scripts/warhammer_com/images/thousand_sons/exhalted_sorcerers/clean/99120102067_ExhaltedSorcerers06.jpg,gw_shop,,,,thousand_sons,exhalted_sorcerers,scraped,,,gallery,2026-04-16T22:29:40Z,
scripts/warhammer_com/images/thousand_sons/exhalted_sorcerers/clean/99120102067_ExhaltedSorcerers07.jpg,gw_shop,,,,thousand_sons,exhalted_sorcerers,scraped,,,gallery,2026-04-16T22:29:40Z,
scripts/warhammer_com/images/thousand_sons/magnusthe_red/clean/99120102065_MagnustheRed02.jpg,gw_shop,,,,thousand_sons,magnusthe_red,scraped,,,gallery,2026-04-16T22:29:40Z,
scripts/warhammer_com/images/thousand_sons/magnusthe_red/clean/99120102065_MagnustheRed05.jpg,gw_shop,,,,thousand_sons,magnusthe_red,scraped,,,gallery,2026-04-16T22:29:40Z,
scripts/warhammer_com/images/thousand_sons/mutilith_vortex_beast/clean/99120201021_MutilithVortexBeast01.jpg,gw_shop,,,,thousand_sons,mutilith_vortex_beast,scraped,,,gallery,2026-04-16T22:29:40Z,
scripts/warhammer_com/images/thousand_sons/mutilith_vortex_beast/clean/99120201021_MutilithVortexBeast02.jpg,gw_shop,,,,thousand_sons,mutilith_vortex_beast,scraped,,,gallery,2026-04-16T22:29:40Z,
scripts/warhammer_com/images/thousand_sons/rubic_marines/clean/99120102063_RubicMarines02.jpg,gw_shop,,,,thousand_sons,rubic_marines,scraped,,,gallery,2026-04-16T22:29:40Z,
scripts/warhammer_com/images/thousand_sons/s2_d_daemon_prince/clean/99120201130_S2DDaemonPrince01.jpg,gw_shop,,,,thousand_sons,s2_d_daemon_prince,scraped,,,gallery,2026-04-16T22:29:40Z,
scripts/warhammer_com/images/thousand_sons/thousand_sons_sekhetar_robots_vehicle_squad/clean/99120102197_ThousandSonsSekhetarRobotsVehicleSquad01.jpg,gw_shop,,,,thousand_sons,thousand_sons_sekhetar_robots_vehicle_squad,scraped,,,gallery,2026-04-16T22:29:40Z,
scripts/warhammer_com/images/thousand_sons/thousand_sons_sekhetar_robots_vehicle_squad/clean/99120102197_ThousandSonsSekhetarRobotsVehicleSquad02.jpg,gw_shop,,,,thousand_sons,thousand_sons_sekhetar_robots_vehicle_squad,scraped,,,gallery,2026-04-16T22:29:40Z,
scripts/warhammer_com/images/thousand_sons/thousand_sons_sekhetar_robots_vehicle_squad/clean/99120102197_ThousandSonsSekhetarRobotsVehicleSquad04.jpg,gw_shop,,,,thousand_sons,thousand_sons_sekhetar_robots_vehicle_squad,scraped,,,gallery,2026-04-16T22:29:40Z,
scripts/warhammer_com/images/thousand_sons/thousand_sons_terminators/clean/99120102066_ThousandSonsTerminators02.jpg,gw_shop,,,,thousand_sons,thousand_sons_terminators,scraped,,,gallery,2026-04-16T22:29:40Z,
scripts/warhammer_com/images/thousand_sons/thousand_sons_terminators/clean/99120102066_ThousandSonsTerminators03.jpg,gw_shop,,,,thousand_sons,thousand_sons_terminators,scraped,,,gallery,2026-04-16T22:29:40Z,
scripts/warhammer_com/images/thousand_sons/thousand_sons_terminators/clean/99120102066_ThousandSonsTerminators04.jpg,gw_shop,,,,thousand_sons,thousand_sons_terminators,scraped,,,gallery,2026-04-16T22:29:40Z,
scripts/warhammer_com/images/thousand_sons/ts_combat_patrol/clean/99120102195_TSCombatPatrol01.jpg,gw_shop,,,,thousand_sons,ts_combat_patrol,scraped,,,gallery,2026-04-16T22:29:40Z,
scripts/warhammer_com/images/thousand_sons/ts_combat_patrol/clean/99120102195_TSCombatPatrol02.jpg,gw_shop,,,,thousand_sons,ts_combat_patrol,scraped,,,gallery,2026-04-16T22:29:40Z,
scripts/warhammer_com/images/thousand_sons/ts_combat_patrol/clean/99120102195_TSCombatPatrol03.jpg,gw_shop,,,,thousand_sons,ts_combat_patrol,scraped,,,gallery,2026-04-16T22:29:40Z,
scripts/warhammer_com/images/thousand_sons/ts_combat_patrol/clean/99120102195_TSCombatPatrol05.jpg,gw_shop,,,,thousand_sons,ts_combat_patrol,scraped,,,gallery,2026-04-16T22:29:40Z,
scripts/warhammer_com/images/thousand_sons/ts_exhalted_sorcerers_repackage_stock/clean/99120102134_TSExhaltedSorcerersRepackageStock.jpg,gw_shop,,,,thousand_sons,ts_exhalted_sorcerers_repackage_stock,scraped,,,gallery,2026-04-16T22:29:40Z,
scripts/warhammer_com/images/thousand_sons/ts_infernal_master/clean/99120102122_TSInfernalMasterLead.jpg,gw_shop,,,,thousand_sons,ts_infernal_master,scraped,,,gallery,2026-04-16T22:29:40Z,
scripts/warhammer_com/images/thousand_sons/ts_infernal_master_feature/clean/99120102122_TSInfernalMasterFeature.jpg,gw_shop,,,,thousand_sons,ts_infernal_master_feature,scraped,,,gallery,2026-04-16T22:29:40Z,
scripts/warhammer_com/images/thousand_sons/ts_infernal_master_stock/clean/99120102122_TSInfernalMasterStock.jpg,gw_shop,,,,thousand_sons,ts_infernal_master_stock,scraped,,,gallery,2026-04-16T22:29:40Z,
scripts/warhammer_com/images/thousand_sons/ts_magnusthe_red_repackage_stock/clean/99120102132_TSMagnustheRedRepackageStock.jpg,gw_shop,,,,thousand_sons,ts_magnusthe_red_repackage_stock,scraped,,,gallery,2026-04-16T22:29:40Z,
scripts/warhammer_com/images/thousand_sons/ts_scarab_occult_repackage_stock/clean/99120102133_TSScarabOccultRepackageStock.jpg,gw_shop,,,,thousand_sons,ts_scarab_occult_repackage_stock,scraped,,,gallery,2026-04-16T22:29:40Z,
scripts/warhammer_com/images/thousand_sons/ts_warpflame_thrallband/clean/99120102210_TSWarpflameThrallband04.jpg,gw_shop,,,,thousand_sons,ts_warpflame_thrallband,scraped,,,gallery,2026-04-16T22:29:40Z,
scripts/warhammer_com/images/thousand_sons/tzaangor_enlightened/clean/99120201064_TzaangorEnlightened01.jpg,gw_shop,,,,thousand_sons,tzaangor_enlightened,scraped,,,gallery,2026-04-16T22:29:40Z,
scripts/warhammer_com/images/thousand_sons/tzaangor_enlightened/clean/99120201064_TzaangorEnlightened04.jpg,gw_shop,,,,thousand_sons,tzaangor_enlightened,scraped,,,gallery,2026-04-16T22:29:40Z,
scripts/warhammer_com/images/thousand_sons/tzaangor_enlightened/clean/99120201064_TzaangorEnlightened05.jpg,gw_shop,,,,thousand_sons,tzaangor_enlightened,scraped,,,gallery,2026-04-16T22:29:40Z,
scripts/warhammer_com/images/thousand_sons/tzaangor_enlightened/clean/99120201064_TzaangorEnlightened06.jpg,gw_shop,,,,thousand_sons,tzaangor_enlightened,scraped,,,gallery,2026-04-16T22:29:40Z,
scripts/warhammer_com/images/thousand_sons/tzaangor_enlightened/clean/99120201064_TzaangorEnlightened07.jpg,gw_shop,,,,thousand_sons,tzaangor_enlightened,scraped,,,gallery,2026-04-16T22:29:40Z,
scripts/warhammer_com/images/thousand_sons/tzaangor_enlightened/clean/99120201064_TzaangorEnlightened08.jpg,gw_shop,,,,thousand_sons,tzaangor_enlightened,scraped,,,gallery,2026-04-16T22:29:40Z,
scripts/warhammer_com/images/thousand_sons/tzaangor_shamen/clean/99070201021_TzaangorShamen01.jpg,gw_shop,,,,thousand_sons,tzaangor_shamen,scraped,,,gallery,2026-04-16T22:29:40Z,
scripts/warhammer_com/images/thousand_sons/tzaangor_shamen/clean/99070201021_TzaangorShamen03.jpg,gw_shop,,,,thousand_sons,tzaangor_shamen,scraped,,,gallery,2026-04-16T22:29:40Z,
scripts/warhammer_com/images/thousand_sons/tzaangor_skyfires/clean/99120201064_TzaangorSkyfires04.jpg,gw_shop,,,,thousand_sons,tzaangor_skyfires,scraped,,,gallery,2026-04-16T22:29:40Z,
scripts/warhammer_com/images/thousand_sons/tzaangor_warriors/clean/99120201065_TzaangorWarriors01.jpg,gw_shop,,,,thousand_sons,tzaangor_warriors,scraped,,,gallery,2026-04-16T22:29:40Z,
scripts/warhammer_com/images/thousand_sons/tzaangor_warriors/clean/99120201065_TzaangorWarriors04.jpg,gw_shop,,,,thousand_sons,tzaangor_warriors,scraped,,,gallery,2026-04-16T22:29:40Z,
scripts/warhammer_com/images/thousand_sons/tzaangor_warriors/clean/99120201065_TzaangorWarriors05.jpg,gw_shop,,,,thousand_sons,tzaangor_warriors,scraped,,,gallery,2026-04-16T22:29:40Z,
scripts/warhammer_com/images/thousand_sons/tzaangor_warriors/clean/99120201065_TzaangorWarriors06.jpg,gw_shop,,,,thousand_sons,tzaangor_warriors,scraped,,,gallery,2026-04-16T22:29:40Z,
scripts/warhammer_com/images/thousand_sons/tzaangor_warriors/clean/99120201065_TzaangorWarriors07.jpg,gw_shop,,,,thousand_sons,tzaangor_warriors,scraped,,,gallery,2026-04-16T22:29:40Z,
scripts/warhammer_com/images/thousand_sons/wo_c_slaughterbrute/clean/99120201021_WoCSlaughterbruteLead.jpg,gw_shop,,,,thousand_sons,wo_c_slaughterbrute,scraped,,,gallery,2026-04-16T22:29:40Z,
scripts/warhammer_com/images/titanicus_traitoris/chaos_reaver_power_claw/clean/99590102101_ChaosReaverPowerClaw01.jpg,gw_shop,,,,titanicus_traitoris,chaos_reaver_power_claw,scraped,,,gallery,2026-04-16T22:29:40Z,
scripts/warhammer_com/images/titanicus_traitoris/chaos_reaver_titan_body/clean/99590102100_ChaosReaverTitanBody01.jpg,gw_shop,,,,titanicus_traitoris,chaos_reaver_titan_body,scraped,,,gallery,2026-04-16T22:29:40Z,
scripts/warhammer_com/images/titanicus_traitoris/chaos_vulcan_mega_bolter/clean/99590102097_ChaosVulcanMegaBolter01.jpg,gw_shop,,,,titanicus_traitoris,chaos_vulcan_mega_bolter,scraped,,,gallery,2026-04-16T22:29:40Z,
scripts/warhammer_com/images/titanicus_traitoris/chaos_warhound_plasma_blastgun/clean/99590102098_ChaosWarhoundPlasmaBlastgun01.jpg,gw_shop,,,,titanicus_traitoris,chaos_warhound_plasma_blastgun,scraped,,,gallery,2026-04-16T22:29:40Z,
scripts/warhammer_com/images/titanicus_traitoris/chaos_warhound_titan_body/clean/99590102096_ChaosWarhoundTitanBody01.jpg,gw_shop,,,,titanicus_traitoris,chaos_warhound_titan_body,scraped,,,gallery,2026-04-16T22:29:40Z,
scripts/warhammer_com/images/titanicus_traitoris/chaos_warhound_titan_body/clean/99590102096_ChaosWarhoundTitanBody03.jpg,gw_shop,,,,titanicus_traitoris,chaos_warhound_titan_body,scraped,,,gallery,2026-04-16T22:29:40Z,
scripts/warhammer_com/images/tyranids/barbgaunts/clean/99120106062_Barbgaunts1.jpg,gw_shop,,,,tyranids,barbgaunts,scraped,,,gallery,2026-04-16T22:29:40Z,
scripts/warhammer_com/images/tyranids/barbgaunts_stock/clean/99120106062_BarbgauntsStock.jpg,gw_shop,,,,tyranids,barbgaunts_stock,scraped,,,gallery,2026-04-16T22:29:40Z,
scripts/warhammer_com/images/tyranids/biovore/clean/99120106065_Biovore1.jpg,gw_shop,,,,tyranids,biovore,scraped,,,gallery,2026-04-16T22:29:40Z,
scripts/warhammer_com/images/tyranids/biovore/clean/99120106065_Biovore2.jpg,gw_shop,,,,tyranids,biovore,scraped,,,gallery,2026-04-16T22:29:40Z,
scripts/warhammer_com/images/tyranids/biovore_extra/clean/99120106065_BiovoreEXTRA.jpg,gw_shop,,,,tyranids,biovore_extra,scraped,,,gallery,2026-04-16T22:29:40Z,
scripts/warhammer_com/images/tyranids/biovore_stock/clean/99120106065_BiovoreStock.jpg,gw_shop,,,,tyranids,biovore_stock,scraped,,,gallery,2026-04-16T22:29:40Z,
scripts/warhammer_com/images/tyranids/broodlord/clean/99120106059_BroodlordLead.jpg,gw_shop,,,,tyranids,broodlord,scraped,,,gallery,2026-04-16T22:29:40Z,
scripts/warhammer_com/images/tyranids/broodlord_feature/clean/99120106059_BroodlordFeature.jpg,gw_shop,,,,tyranids,broodlord_feature,scraped,,,gallery,2026-04-16T22:29:40Z,
scripts/warhammer_com/images/tyranids/broodlord_scale/clean/99120106059_BroodlordScale.jpg,gw_shop,,,,tyranids,broodlord_scale,scraped,,,gallery,2026-04-16T22:29:40Z,
scripts/warhammer_com/images/tyranids/broodlord_stock/clean/99120106059_BroodlordStock.jpg,gw_shop,,,,tyranids,broodlord_stock,scraped,,,gallery,2026-04-16T22:29:40Z,
scripts/warhammer_com/images/tyranids/carnifex_brood/clean/99120106031_CarnifexBrood01.jpg,gw_shop,,,,tyranids,carnifex_brood,scraped,,,gallery,2026-04-16T22:29:40Z,
scripts/warhammer_com/images/tyranids/carnifex_brood/clean/99120106031_CarnifexBrood02.jpg,gw_shop,,,,tyranids,carnifex_brood,scraped,,,gallery,2026-04-16T22:29:40Z,
scripts/warhammer_com/images/tyranids/carnifex_brood/clean/99120106031_CarnifexBrood03.jpg,gw_shop,,,,tyranids,carnifex_brood,scraped,,,gallery,2026-04-16T22:29:40Z,
scripts/warhammer_com/images/tyranids/deathleaper/clean/99120106067_Deathleaper1.jpg,gw_shop,,,,tyranids,deathleaper,scraped,,,gallery,2026-04-16T22:29:40Z,
scripts/warhammer_com/images/tyranids/deathleaper/clean/99120106067_Deathleaper2.jpg,gw_shop,,,,tyranids,deathleaper,scraped,,,gallery,2026-04-16T22:29:40Z,
scripts/warhammer_com/images/tyranids/deathleaper_stock/clean/99120106067_DeathleaperStock.jpg,gw_shop,,,,tyranids,deathleaper_stock,scraped,,,gallery,2026-04-16T22:29:40Z,
scripts/warhammer_com/images/tyranids/eng_kill_team_typhon_core_game/clean/99120106083_ENGKillTeamTyphonCoreGame10.jpg,gw_shop,,,,tyranids,eng_kill_team_typhon_core_game,scraped,,,gallery,2026-04-16T22:29:40Z,
scripts/warhammer_com/images/tyranids/eng_kill_team_typhon_core_game/clean/99120106083_ENGKillTeamTyphonCoreGame11.jpg,gw_shop,,,,tyranids,eng_kill_team_typhon_core_game,scraped,,,gallery,2026-04-16T22:29:40Z,
scripts/warhammer_com/images/tyranids/exocrene/clean/99120106056_ExocreneLead.jpg,gw_shop,,,,tyranids,exocrene,scraped,,,gallery,2026-04-16T22:29:40Z,
scripts/warhammer_com/images/tyranids/exocrene_feature/clean/99120106056_ExocreneFeature.jpg,gw_shop,,,,tyranids,exocrene_feature,scraped,,,gallery,2026-04-16T22:29:40Z,
scripts/warhammer_com/images/tyranids/genestealers/clean/99120106068_Genestealers2.jpg,gw_shop,,,,tyranids,genestealers,scraped,,,gallery,2026-04-16T22:29:40Z,
scripts/warhammer_com/images/tyranids/genestealers/clean/99120106068_Genestealers3.jpg,gw_shop,,,,tyranids,genestealers,scraped,,,gallery,2026-04-16T22:29:40Z,
scripts/warhammer_com/images/tyranids/harpies/clean/99120106024_Harpies01.jpg,gw_shop,,,,tyranids,harpies,scraped,,,gallery,2026-04-16T22:29:40Z,
scripts/warhammer_com/images/tyranids/harpies/clean/99120106024_Harpies02.jpg,gw_shop,,,,tyranids,harpies,scraped,,,gallery,2026-04-16T22:29:40Z,
scripts/warhammer_com/images/tyranids/haruspex/clean/99120106026_Haruspex01.jpg,gw_shop,,,,tyranids,haruspex,scraped,,,gallery,2026-04-16T22:29:40Z,
scripts/warhammer_com/images/tyranids/haruspex_feature/clean/99120106056_HaruspexFeature.jpg,gw_shop,,,,tyranids,haruspex_feature,scraped,,,gallery,2026-04-16T22:29:40Z,
scripts/warhammer_com/images/tyranids/haruspex_stock/clean/99120106056_HaruspexStock.jpg,gw_shop,,,,tyranids,haruspex_stock,scraped,,,gallery,2026-04-16T22:29:40Z,
scripts/warhammer_com/images/tyranids/hive_crone/clean/99120106024_HiveCrone02.jpg,gw_shop,,,,tyranids,hive_crone,scraped,,,gallery,2026-04-16T22:29:40Z,
scripts/warhammer_com/images/tyranids/hive_tyrant/clean/99120106060_HiveTyrantLead.jpg,gw_shop,,,,tyranids,hive_tyrant,scraped,,,gallery,2026-04-16T22:29:40Z,
scripts/warhammer_com/images/tyranids/hive_tyrant_feature/clean/99120106060_HiveTyrantFeature.jpg,gw_shop,,,,tyranids,hive_tyrant_feature,scraped,,,gallery,2026-04-16T22:29:40Z,
scripts/warhammer_com/images/tyranids/hive_tyrant_scale/clean/99120106060_HiveTyrantScale.jpg,gw_shop,,,,tyranids,hive_tyrant_scale,scraped,,,gallery,2026-04-16T22:29:40Z,
scripts/warhammer_com/images/tyranids/hive_tyrant_stock/clean/99120106060_HiveTyrantStock.jpg,gw_shop,,,,tyranids,hive_tyrant_stock,scraped,,,gallery,2026-04-16T22:29:40Z,
scripts/warhammer_com/images/tyranids/hormagaunts/clean/99120106073_Hormagaunts1.jpg,gw_shop,,,,tyranids,hormagaunts,scraped,,,gallery,2026-04-16T22:29:40Z,
scripts/warhammer_com/images/tyranids/hormagaunts/clean/99120106073_Hormagaunts2.jpg,gw_shop,,,,tyranids,hormagaunts,scraped,,,gallery,2026-04-16T22:29:40Z,
scripts/warhammer_com/images/tyranids/hormagaunts/clean/99120106073_Hormagaunts3.jpg,gw_shop,,,,tyranids,hormagaunts,scraped,,,gallery,2026-04-16T22:29:40Z,
scripts/warhammer_com/images/tyranids/hormagaunts_stock/clean/99120106073_HormagauntsStock.jpg,gw_shop,,,,tyranids,hormagaunts_stock,scraped,,,gallery,2026-04-16T22:29:40Z,
scripts/warhammer_com/images/tyranids/horrors_hive/clean/99120106076_HorrorsHive1.jpg,gw_shop,,,,tyranids,horrors_hive,scraped,,,gallery,2026-04-16T22:29:40Z,
scripts/warhammer_com/images/tyranids/kill_team_raveners_squad/clean/99120106083_KillTeamRavenersSquad20251.jpg,gw_shop,,,,tyranids,kill_team_raveners_squad,scraped,,,gallery,2026-04-16T22:29:40Z,
scripts/warhammer_com/images/tyranids/kill_team_raveners_squad/clean/99120106083_KillTeamRavenersSquad20255.jpg,gw_shop,,,,tyranids,kill_team_raveners_squad,scraped,,,gallery,2026-04-16T22:29:40Z,
scripts/warhammer_com/images/tyranids/kill_team_raveners_squad_tokens/clean/99120106083_KillTeamRavenersSquadTOKENS.jpg,gw_shop,,,,tyranids,kill_team_raveners_squad_tokens,scraped,,,gallery,2026-04-16T22:29:40Z,
scripts/warhammer_com/images/tyranids/killzone_upgrade_tyranid_infestation/clean/99120106080_KillzoneUpgradeTyranidInfestation2.jpg,gw_shop,,,,tyranids,killzone_upgrade_tyranid_infestation,scraped,,,gallery,2026-04-16T22:29:40Z,
scripts/warhammer_com/images/tyranids/killzone_upgrade_tyranid_infestation/clean/99120106080_KillzoneUpgradeTyranidInfestation3.jpg,gw_shop,,,,tyranids,killzone_upgrade_tyranid_infestation,scraped,,,gallery,2026-04-16T22:29:40Z,
scripts/warhammer_com/images/tyranids/leviathan_extra/clean/60010199057_LeviathanEXTRA12.jpg,gw_shop,,,,tyranids,leviathan_extra,scraped,,,gallery,2026-04-16T22:29:40Z,
scripts/warhammer_com/images/tyranids/leviathan_extra/clean/60010199057_LeviathanEXTRA13.jpg,gw_shop,,,,tyranids,leviathan_extra,scraped,,,gallery,2026-04-16T22:29:40Z,
scripts/warhammer_com/images/tyranids/leviathan_extra/clean/60010199057_LeviathanEXTRA15.jpg,gw_shop,,,,tyranids,leviathan_extra,scraped,,,gallery,2026-04-16T22:29:40Z,
scripts/warhammer_com/images/tyranids/leviathan_extra/clean/60010199057_LeviathanEXTRA16.jpg,gw_shop,,,,tyranids,leviathan_extra,scraped,,,gallery,2026-04-16T22:29:40Z,
scripts/warhammer_com/images/tyranids/lictor/clean/99120106069_Lictor1.jpg,gw_shop,,,,tyranids,lictor,scraped,,,gallery,2026-04-16T22:29:40Z,
scripts/warhammer_com/images/tyranids/lictor/clean/99120106069_Lictor2.jpg,gw_shop,,,,tyranids,lictor,scraped,,,gallery,2026-04-16T22:29:40Z,
scripts/warhammer_com/images/tyranids/lictor/clean/99120106069_Lictor4.jpg,gw_shop,,,,tyranids,lictor,scraped,,,gallery,2026-04-16T22:29:40Z,
scripts/warhammer_com/images/tyranids/lictor_stock/clean/99120106069_LictorStock.jpg,gw_shop,,,,tyranids,lictor_stock,scraped,,,gallery,2026-04-16T22:29:40Z,
scripts/warhammer_com/images/tyranids/maleceptor/clean/99120106033_Maleceptor01.jpg,gw_shop,,,,tyranids,maleceptor,scraped,,,gallery,2026-04-16T22:29:40Z,
scripts/warhammer_com/images/tyranids/maleceptor/clean/99120106033_Maleceptor02.jpg,gw_shop,,,,tyranids,maleceptor,scraped,,,gallery,2026-04-16T22:29:40Z,
scripts/warhammer_com/images/tyranids/maleceptor/clean/99120106033_Maleceptor03.jpg,gw_shop,,,,tyranids,maleceptor,scraped,,,gallery,2026-04-16T22:29:40Z,
scripts/warhammer_com/images/tyranids/mawloc_new/clean/99120106019_MawlocNEW01.jpg,gw_shop,,,,tyranids,mawloc_new,scraped,,,gallery,2026-04-16T22:29:40Z,
scripts/warhammer_com/images/tyranids/neurogaunts/clean/99120106071_Neurogaunts1.jpg,gw_shop,,,,tyranids,neurogaunts,scraped,,,gallery,2026-04-16T22:29:40Z,
scripts/warhammer_com/images/tyranids/neurogaunts/clean/99120106071_Neurogaunts2.jpg,gw_shop,,,,tyranids,neurogaunts,scraped,,,gallery,2026-04-16T22:29:40Z,
scripts/warhammer_com/images/tyranids/neurogaunts/clean/99120106071_Neurogaunts3.jpg,gw_shop,,,,tyranids,neurogaunts,scraped,,,gallery,2026-04-16T22:29:40Z,
scripts/warhammer_com/images/tyranids/neurolictor/clean/99120106072_Neurolictor1.jpg,gw_shop,,,,tyranids,neurolictor,scraped,,,gallery,2026-04-16T22:29:40Z,
scripts/warhammer_com/images/tyranids/neurolictor/clean/99120106072_Neurolictor2.jpg,gw_shop,,,,tyranids,neurolictor,scraped,,,gallery,2026-04-16T22:29:40Z,
scripts/warhammer_com/images/tyranids/neurolictor_stock/clean/99120106072_NeurolictorStock.jpg,gw_shop,,,,tyranids,neurolictor_stock,scraped,,,gallery,2026-04-16T22:29:40Z,
scripts/warhammer_com/images/tyranids/neurothropes/clean/99120106057_NeurothropesLead.jpg,gw_shop,,,,tyranids,neurothropes,scraped,,,gallery,2026-04-16T22:29:40Z,
scripts/warhammer_com/images/tyranids/norn_assimilator/clean/99120106064_NornAssimilator1.jpg,gw_shop,,,,tyranids,norn_assimilator,scraped,,,gallery,2026-04-16T22:29:40Z,
scripts/warhammer_com/images/tyranids/norn_assimilator_stock/clean/99120106064_NornAssimilatorStock.jpg,gw_shop,,,,tyranids,norn_assimilator_stock,scraped,,,gallery,2026-04-16T22:29:40Z,
scripts/warhammer_com/images/tyranids/norn_emissary/clean/99120106064_NornEmissary1.jpg,gw_shop,,,,tyranids,norn_emissary,scraped,,,gallery,2026-04-16T22:29:40Z,
scripts/warhammer_com/images/tyranids/norn_emissary/clean/99120106064_NornEmissary2.jpg,gw_shop,,,,tyranids,norn_emissary,scraped,,,gallery,2026-04-16T22:29:40Z,
scripts/warhammer_com/images/tyranids/old_one_eye_brood/clean/99120106031_OldOneEyeBrood01.jpg,gw_shop,,,,tyranids,old_one_eye_brood,scraped,,,gallery,2026-04-16T22:29:40Z,
scripts/warhammer_com/images/tyranids/old_one_eye_brood/clean/99120106031_OldOneEyeBrood02.jpg,gw_shop,,,,tyranids,old_one_eye_brood,scraped,,,gallery,2026-04-16T22:29:40Z,
scripts/warhammer_com/images/tyranids/old_one_eye_brood/clean/99120106031_OldOneEyeBrood03.jpg,gw_shop,,,,tyranids,old_one_eye_brood,scraped,,,gallery,2026-04-16T22:29:40Z,
scripts/warhammer_com/images/tyranids/old_one_eye_brood/clean/99120106031_OldOneEyeBrood04.jpg,gw_shop,,,,tyranids,old_one_eye_brood,scraped,,,gallery,2026-04-16T22:29:40Z,
scripts/warhammer_com/images/tyranids/old_one_eye_brood/clean/99120106031_OldOneEyeBrood07.jpg,gw_shop,,,,tyranids,old_one_eye_brood,scraped,,,gallery,2026-04-16T22:29:40Z,
scripts/warhammer_com/images/tyranids/prime/clean/99120106075_Prime1.jpg,gw_shop,,,,tyranids,prime,scraped,,,gallery,2026-04-16T22:29:40Z,
scripts/warhammer_com/images/tyranids/prime/clean/99120106075_Prime3.jpg,gw_shop,,,,tyranids,prime,scraped,,,gallery,2026-04-16T22:29:40Z,
scripts/warhammer_com/images/tyranids/prime/clean/99120106075_Prime5.jpg,gw_shop,,,,tyranids,prime,scraped,,,gallery,2026-04-16T22:29:40Z,
scripts/warhammer_com/images/tyranids/psychophage/clean/99120106074_Psychophage1.jpg,gw_shop,,,,tyranids,psychophage,scraped,,,gallery,2026-04-16T22:29:40Z,
scripts/warhammer_com/images/tyranids/psychophage/clean/99120106074_Psychophage3.jpg,gw_shop,,,,tyranids,psychophage,scraped,,,gallery,2026-04-16T22:29:40Z,
scripts/warhammer_com/images/tyranids/psychophage/clean/99120106074_Psychophage4.jpg,gw_shop,,,,tyranids,psychophage,scraped,,,gallery,2026-04-16T22:29:40Z,
scripts/warhammer_com/images/tyranids/pyrovore/clean/99120106065_Pyrovore1.jpg,gw_shop,,,,tyranids,pyrovore,scraped,,,gallery,2026-04-16T22:29:40Z,
scripts/warhammer_com/images/tyranids/pyrovore/clean/99120106065_Pyrovore2.jpg,gw_shop,,,,tyranids,pyrovore,scraped,,,gallery,2026-04-16T22:29:40Z,
scripts/warhammer_com/images/tyranids/screamer_killer_brood/clean/99120106031_ScreamerKillerBrood01.jpg,gw_shop,,,,tyranids,screamer_killer_brood,scraped,,,gallery,2026-04-16T22:29:40Z,
scripts/warhammer_com/images/tyranids/sporocyst/clean/99120106034_Sporocyst01.jpg,gw_shop,,,,tyranids,sporocyst,scraped,,,gallery,2026-04-16T22:29:40Z,
scripts/warhammer_com/images/tyranids/sporocyst/clean/99120106034_Sporocyst02.jpg,gw_shop,,,,tyranids,sporocyst,scraped,,,gallery,2026-04-16T22:29:40Z,
scripts/warhammer_com/images/tyranids/swarmlord/clean/99120106060_SwarmlordLead.jpg,gw_shop,,,,tyranids,swarmlord,scraped,,,gallery,2026-04-16T22:29:40Z,
scripts/warhammer_com/images/tyranids/swarmlord_feature/clean/99120106060_SwarmlordFeature.jpg,gw_shop,,,,tyranids,swarmlord_feature,scraped,,,gallery,2026-04-16T22:29:40Z,
scripts/warhammer_com/images/tyranids/swarmlord_scale/clean/99120106060_SwarmlordScale.jpg,gw_shop,,,,tyranids,swarmlord_scale,scraped,,,gallery,2026-04-16T22:29:40Z,
scripts/warhammer_com/images/tyranids/termagaunts/clean/99120106066_Termagaunts1.jpg,gw_shop,,,,tyranids,termagaunts,scraped,,,gallery,2026-04-16T22:29:40Z,
scripts/warhammer_com/images/tyranids/termagaunts/clean/99120106066_Termagaunts2.jpg,gw_shop,,,,tyranids,termagaunts,scraped,,,gallery,2026-04-16T22:29:40Z,
scripts/warhammer_com/images/tyranids/termagaunts/clean/99120106066_Termagaunts3.jpg,gw_shop,,,,tyranids,termagaunts,scraped,,,gallery,2026-04-16T22:29:40Z,
scripts/warhammer_com/images/tyranids/termagaunts_stock/clean/99120106066_TermagauntsStock.jpg,gw_shop,,,,tyranids,termagaunts_stock,scraped,,,gallery,2026-04-16T22:29:40Z,
scripts/warhammer_com/images/tyranids/toxicrene/clean/99120106033_Toxicrene01.jpg,gw_shop,,,,tyranids,toxicrene,scraped,,,gallery,2026-04-16T22:29:40Z,
scripts/warhammer_com/images/tyranids/toxicrene/clean/99120106033_Toxicrene02.jpg,gw_shop,,,,tyranids,toxicrene,scraped,,,gallery,2026-04-16T22:29:40Z,
scripts/warhammer_com/images/tyranids/toxicrene/clean/99120106033_Toxicrene03.jpg,gw_shop,,,,tyranids,toxicrene,scraped,,,gallery,2026-04-16T22:29:40Z,
scripts/warhammer_com/images/tyranids/trygon_new/clean/99120106019_TrygonNEW01.jpg,gw_shop,,,,tyranids,trygon_new,scraped,,,gallery,2026-04-16T22:29:40Z,
scripts/warhammer_com/images/tyranids/tyr_gargoyles/clean/99120106052_TYRGargoylesLead.jpg,gw_shop,,,,tyranids,tyr_gargoyles,scraped,,,gallery,2026-04-16T22:29:40Z,
scripts/warhammer_com/images/tyranids/tyr_gargoyles_feature/clean/99120106052_TYRGargoylesFeature.jpg,gw_shop,,,,tyranids,tyr_gargoyles_feature,scraped,,,gallery,2026-04-16T22:29:40Z,
scripts/warhammer_com/images/tyranids/tyr_gargoyles_stock/clean/99120106052_TYRGargoylesStock.jpg,gw_shop,,,,tyranids,tyr_gargoyles_stock,scraped,,,gallery,2026-04-16T22:29:40Z,
scripts/warhammer_com/images/tyranids/tyr_hive_guard/clean/99120106055_TYRHiveGuardLead.jpg,gw_shop,,,,tyranids,tyr_hive_guard,scraped,,,gallery,2026-04-16T22:29:40Z,
scripts/warhammer_com/images/tyranids/tyr_hive_guard_feature/clean/99120106055_TYRHiveGuardFeature01.jpg,gw_shop,,,,tyranids,tyr_hive_guard_feature,scraped,,,gallery,2026-04-16T22:29:40Z,
scripts/warhammer_com/images/tyranids/tyr_hive_guard_feature_alt/clean/99120106055_TYRHiveGuardFeatureAlt.jpg,gw_shop,,,,tyranids,tyr_hive_guard_feature_alt,scraped,,,gallery,2026-04-16T22:29:40Z,
scripts/warhammer_com/images/tyranids/tyr_hive_guard_lead/clean/99120106055_TYRHiveGuardLeadALT.jpg,gw_shop,,,,tyranids,tyr_hive_guard_lead,scraped,,,gallery,2026-04-16T22:29:40Z,
scripts/warhammer_com/images/tyranids/tyr_hive_guard_stock/clean/99120106055_TYRHiveGuardStock.jpg,gw_shop,,,,tyranids,tyr_hive_guard_stock,scraped,,,gallery,2026-04-16T22:29:40Z,
scripts/warhammer_com/images/tyranids/tyr_parasiteof_mortrex/clean/99120106050_TYRParasiteofMortrexLead.jpg,gw_shop,,,,tyranids,tyr_parasiteof_mortrex,scraped,,,gallery,2026-04-16T22:29:40Z,
scripts/warhammer_com/images/tyranids/tyr_parasiteof_mortrex_feature/clean/99120106050_TYRParasiteofMortrexFeature.jpg,gw_shop,,,,tyranids,tyr_parasiteof_mortrex_feature,scraped,,,gallery,2026-04-16T22:29:40Z,
scripts/warhammer_com/images/tyranids/tyr_parasiteof_mortrex_stock/clean/99120106050_TYRParasiteofMortrexStock.jpg,gw_shop,,,,tyranids,tyr_parasiteof_mortrex_stock,scraped,,,gallery,2026-04-16T22:29:40Z,
scripts/warhammer_com/images/tyranids/tyr_tyrannofex/clean/99120106054_TYRTyrannofexLead.jpg,gw_shop,,,,tyranids,tyr_tyrannofex,scraped,,,gallery,2026-04-16T22:29:40Z,
scripts/warhammer_com/images/tyranids/tyr_tyrannofex_feature/clean/99120106054_TYRTyrannofexFeature.jpg,gw_shop,,,,tyranids,tyr_tyrannofex_feature,scraped,,,gallery,2026-04-16T22:29:40Z,
scripts/warhammer_com/images/tyranids/tyr_tyrannofex_feature/clean/99120106054_TYRTyrannofexFeatureALT.jpg,gw_shop,,,,tyranids,tyr_tyrannofex_feature,scraped,,,gallery,2026-04-16T22:29:40Z,
scripts/warhammer_com/images/tyranids/tyr_tyrannofex_lead/clean/99120106054_TYRTyrannofexLeadALT.jpg,gw_shop,,,,tyranids,tyr_tyrannofex_lead,scraped,,,gallery,2026-04-16T22:29:40Z,
scripts/warhammer_com/images/tyranids/tyr_tyrannofex_stock/clean/99120106054_TYRTyrannofexStock.jpg,gw_shop,,,,tyranids,tyr_tyrannofex_stock,scraped,,,gallery,2026-04-16T22:29:40Z,
scripts/warhammer_com/images/tyranids/tyr_warriors_feature/clean/99120106058_TYRWarriorsFeature.jpg,gw_shop,,,,tyranids,tyr_warriors_feature,scraped,,,gallery,2026-04-16T22:29:40Z,
scripts/warhammer_com/images/tyranids/tyr_warriors_lead_prime/clean/99120106058_TYRWarriorsLeadPrime.jpg,gw_shop,,,,tyranids,tyr_warriors_lead_prime,scraped,,,gallery,2026-04-16T22:29:40Z,
scripts/warhammer_com/images/tyranids/tyr_warriors_scale/clean/99120106058_TYRWarriorsScale.jpg,gw_shop,,,,tyranids,tyr_warriors_scale,scraped,,,gallery,2026-04-16T22:29:40Z,
scripts/warhammer_com/images/tyranids/tyr_warriors_stock/clean/99120106058_TYRWarriorsStock.jpg,gw_shop,,,,tyranids,tyr_warriors_stock,scraped,,,gallery,2026-04-16T22:29:40Z,
scripts/warhammer_com/images/tyranids/tyranid_assault_brood_combat_patrol/clean/99120106081_TyranidAssaultBroodCombatPatrol1.jpg,gw_shop,,,,tyranids,tyranid_assault_brood_combat_patrol,scraped,,,gallery,2026-04-16T22:29:40Z,
scripts/warhammer_com/images/tyranids/tyranid_assault_brood_combat_patrol/clean/99120106081_TyranidAssaultBroodCombatPatrol16.jpg,gw_shop,,,,tyranids,tyranid_assault_brood_combat_patrol,scraped,,,gallery,2026-04-16T22:29:40Z,
scripts/warhammer_com/images/tyranids/tyranid_assault_brood_combat_patrol/clean/99120106081_TyranidAssaultBroodCombatPatrol3.jpg,gw_shop,,,,tyranids,tyranid_assault_brood_combat_patrol,scraped,,,gallery,2026-04-16T22:29:40Z,
scripts/warhammer_com/images/tyranids/tyranid_assault_brood_combat_patrol/clean/99120106081_TyranidAssaultBroodCombatPatrol4.jpg,gw_shop,,,,tyranids,tyranid_assault_brood_combat_patrol,scraped,,,gallery,2026-04-16T22:29:40Z,
scripts/warhammer_com/images/tyranids/tyranid_harridan_gargoyle_clusters/clean/99590106024_TyranidHarridanGargoyleClusters01.jpg,gw_shop,,,,tyranids,tyranid_harridan_gargoyle_clusters,scraped,,,gallery,2026-04-16T22:29:40Z,
scripts/warhammer_com/images/tyranids/tyranid_primewith_lash_whip/clean/99120106084_TyranidPrimewithLashWhip01.jpg,gw_shop,,,,tyranids,tyranid_primewith_lash_whip,scraped,,,gallery,2026-04-16T22:29:40Z,
scripts/warhammer_com/images/tyranids/tyranid_primewith_lash_whip/clean/99120106084_TyranidPrimewithLashWhip02.jpg,gw_shop,,,,tyranids,tyranid_primewith_lash_whip,scraped,,,gallery,2026-04-16T22:29:40Z,
scripts/warhammer_com/images/tyranids/tyranid_primewith_lash_whip/clean/99120106084_TyranidPrimewithLashWhip03.jpg,gw_shop,,,,tyranids,tyranid_primewith_lash_whip,scraped,,,gallery,2026-04-16T22:29:40Z,
scripts/warhammer_com/images/tyranids/tyranid_primewith_lash_whip/clean/99120106084_TyranidPrimewithLashWhip05.jpg,gw_shop,,,,tyranids,tyranid_primewith_lash_whip,scraped,,,gallery,2026-04-16T22:29:40Z,
scripts/warhammer_com/images/tyranids/tyrannocyte/clean/99120106034_Tyrannocyte01.jpg,gw_shop,,,,tyranids,tyrannocyte,scraped,,,gallery,2026-04-16T22:29:40Z,
scripts/warhammer_com/images/tyranids/tyrannocyte/clean/99120106034_Tyrannocyte02.jpg,gw_shop,,,,tyranids,tyrannocyte,scraped,,,gallery,2026-04-16T22:29:40Z,
scripts/warhammer_com/images/tyranids/tyrannocyte/clean/99120106034_Tyrannocyte03.jpg,gw_shop,,,,tyranids,tyrannocyte,scraped,,,gallery,2026-04-16T22:29:40Z,
scripts/warhammer_com/images/tyranids/venomthropes/clean/99120106057_VenomthropesLead.jpg,gw_shop,,,,tyranids,venomthropes,scraped,,,gallery,2026-04-16T22:29:40Z,
scripts/warhammer_com/images/tyranids/venomthropes_feature/clean/99120106057_VenomthropesFeature.jpg,gw_shop,,,,tyranids,venomthropes_feature,scraped,,,gallery,2026-04-16T22:29:40Z,
scripts/warhammer_com/images/tyranids/venomthropes_stock/clean/99120106057_VenomthropesStock.jpg,gw_shop,,,,tyranids,venomthropes_stock,scraped,,,gallery,2026-04-16T22:29:40Z,
scripts/warhammer_com/images/tyranids/von_ryans_leapers/clean/99120106070_VonRyansLeapers1.jpg,gw_shop,,,,tyranids,von_ryans_leapers,scraped,,,gallery,2026-04-16T22:29:40Z,
scripts/warhammer_com/images/tyranids/von_ryans_leapers/clean/99120106070_VonRyansLeapers2.jpg,gw_shop,,,,tyranids,von_ryans_leapers,scraped,,,gallery,2026-04-16T22:29:40Z,
scripts/warhammer_com/images/tyranids/von_ryans_leapers/clean/99120106070_VonRyansLeapers3.jpg,gw_shop,,,,tyranids,von_ryans_leapers,scraped,,,gallery,2026-04-16T22:29:40Z,
scripts/warhammer_com/images/tyranids/winged_hive_tyrant/clean/99120106060_WingedHiveTyrantLead.jpg,gw_shop,,,,tyranids,winged_hive_tyrant,scraped,,,gallery,2026-04-16T22:29:40Z,
scripts/warhammer_com/images/tyranids/winged_hive_tyrant_feature/clean/99120106060_WingedHiveTyrantFeature.jpg,gw_shop,,,,tyranids,winged_hive_tyrant_feature,scraped,,,gallery,2026-04-16T22:29:40Z,
scripts/warhammer_com/images/tyranids/winged_hive_tyrant_scale/clean/99120106060_WingedHiveTyrantScale.jpg,gw_shop,,,,tyranids,winged_hive_tyrant_scale,scraped,,,gallery,2026-04-16T22:29:40Z,
scripts/warhammer_com/images/tyranids/zoanthropes/clean/99120106057_ZoanthropesLead.jpg,gw_shop,,,,tyranids,zoanthropes,scraped,,,gallery,2026-04-16T22:29:40Z,
scripts/warhammer_com/images/tyranids/zoanthropes_feature/clean/99120106057_ZoanthropesFeature.jpg,gw_shop,,,,tyranids,zoanthropes_feature,scraped,,,gallery,2026-04-16T22:29:40Z,
scripts/warhammer_com/images/ultramarines/sm_chief_librarian_tigurius_stock/clean/99120101329_SMChiefLibrarianTiguriusStock.jpg,gw_shop,,,,ultramarines,sm_chief_librarian_tigurius_stock,scraped,,,gallery,2026-04-16T22:29:40Z,
scripts/warhammer_com/images/ultramarines/sm_roboute_gulliman_stock/clean/99120101327_SMRobouteGullimanStock.jpg,gw_shop,,,,ultramarines,sm_roboute_gulliman_stock,scraped,,,gallery,2026-04-16T22:29:40Z,
scripts/warhammer_com/images/ultramarines/space_marine_ultramarines_upgrades_transfers/clean/99120101451_SpaceMarineUltramarinesUpgradesTransfers1.jpg,gw_shop,,,,ultramarines,space_marine_ultramarines_upgrades_transfers,scraped,,,gallery,2026-04-16T22:29:40Z,
scripts/warhammer_com/images/ultramarines/space_marine_ultramarines_upgrades_transfers/clean/99120101451_SpaceMarineUltramarinesUpgradesTransfers2.jpg,gw_shop,,,,ultramarines,space_marine_ultramarines_upgrades_transfers,scraped,,,gallery,2026-04-16T22:29:40Z,
scripts/warhammer_com/images/ultramarines/space_marine_ultramarines_upgrades_transfers/clean/99120101451_SpaceMarineUltramarinesUpgradesTransfers3.jpg,gw_shop,,,,ultramarines,space_marine_ultramarines_upgrades_transfers,scraped,,,gallery,2026-04-16T22:29:40Z,
scripts/warhammer_com/images/ultramarines/space_marine_ultramarines_upgrades_transfers/clean/99120101451_SpaceMarineUltramarinesUpgradesTransfers4.jpg,gw_shop,,,,ultramarines,space_marine_ultramarines_upgrades_transfers,scraped,,,gallery,2026-04-16T22:29:40Z,
scripts/warhammer_com/images/ultramarines/space_marine_ultramarines_upgrades_transfers/clean/99120101451_SpaceMarineUltramarinesUpgradesTransfers5.jpg,gw_shop,,,,ultramarines,space_marine_ultramarines_upgrades_transfers,scraped,,,gallery,2026-04-16T22:29:40Z,
scripts/warhammer_com/images/ultramarines/space_marines_titus_wardens/clean/99120101459_SpaceMarinesTitusWardens1.jpg,gw_shop,,,,ultramarines,space_marines_titus_wardens,scraped,,,gallery,2026-04-16T22:29:40Z,
scripts/warhammer_com/images/ultramarines/space_marines_titus_wardens/clean/99120101459_SpaceMarinesTitusWardens11.jpg,gw_shop,,,,ultramarines,space_marines_titus_wardens,scraped,,,gallery,2026-04-16T22:29:40Z,
scripts/warhammer_com/images/ultramarines/space_marines_titus_wardens/clean/99120101459_SpaceMarinesTitusWardens2.jpg,gw_shop,,,,ultramarines,space_marines_titus_wardens,scraped,,,gallery,2026-04-16T22:29:40Z,
scripts/warhammer_com/images/ultramarines/space_marines_titus_wardens/clean/99120101459_SpaceMarinesTitusWardens3.jpg,gw_shop,,,,ultramarines,space_marines_titus_wardens,scraped,,,gallery,2026-04-16T22:29:40Z,
scripts/warhammer_com/images/ultramarines/space_marines_titus_wardens/clean/99120101459_SpaceMarinesTitusWardens5.jpg,gw_shop,,,,ultramarines,space_marines_titus_wardens,scraped,,,gallery,2026-04-16T22:29:40Z,
scripts/warhammer_com/images/ultramarines/space_marines_titus_wardens/clean/99120101459_SpaceMarinesTitusWardens7.jpg,gw_shop,,,,ultramarines,space_marines_titus_wardens,scraped,,,gallery,2026-04-16T22:29:40Z,
scripts/warhammer_com/images/ultramarines/space_marines_titus_wardens/clean/99120101459_SpaceMarinesTitusWardens9.jpg,gw_shop,,,,ultramarines,space_marines_titus_wardens,scraped,,,gallery,2026-04-16T22:29:40Z,
scripts/warhammer_com/images/ultramarines/space_marines_titus_wardens_box/clean/99120101459_SpaceMarinesTitusWardensBOX.jpg,gw_shop,,,,ultramarines,space_marines_titus_wardens_box,scraped,,,gallery,2026-04-16T22:29:40Z,
scripts/warhammer_com/images/ultramarines/triumvirateofthe_primarch/clean/99120101177_TriumvirateofthePrimarch02.jpg,gw_shop,,,,ultramarines,triumvirateofthe_primarch,scraped,,,gallery,2026-04-16T22:29:40Z,
scripts/warhammer_com/images/ultramarines/triumvirateofthe_primarch/clean/99120101177_TriumvirateofthePrimarch03.jpg,gw_shop,,,,ultramarines,triumvirateofthe_primarch,scraped,,,gallery,2026-04-16T22:29:40Z,
scripts/warhammer_com/images/ultramarines/ultramarines_cato_sicarius/clean/99120101452_UltramarinesCatoSicarius1.jpg,gw_shop,,,,ultramarines,ultramarines_cato_sicarius,scraped,,,gallery,2026-04-16T22:29:40Z,
scripts/warhammer_com/images/ultramarines/ultramarines_cato_sicarius/clean/99120101452_UltramarinesCatoSicarius3.jpg,gw_shop,,,,ultramarines,ultramarines_cato_sicarius,scraped,,,gallery,2026-04-16T22:29:40Z,
scripts/warhammer_com/images/ultramarines/ultramarines_cato_sicarius/clean/99120101452_UltramarinesCatoSicarius4.jpg,gw_shop,,,,ultramarines,ultramarines_cato_sicarius,scraped,,,gallery,2026-04-16T22:29:40Z,
scripts/warhammer_com/images/ultramarines/ultramarines_cato_sicarius/clean/99120101452_UltramarinesCatoSicarius6.jpg,gw_shop,,,,ultramarines,ultramarines_cato_sicarius,scraped,,,gallery,2026-04-16T22:29:40Z,
scripts/warhammer_com/images/ultramarines/ultramarines_marneus_calgar_armour_antilochus/clean/99120101450_UltramarinesMarneusCalgarArmourAntilochus1.jpg,gw_shop,,,,ultramarines,ultramarines_marneus_calgar_armour_antilochus,scraped,,,gallery,2026-04-16T22:29:40Z,
scripts/warhammer_com/images/ultramarines/ultramarines_marneus_calgar_armour_antilochus/clean/99120101450_UltramarinesMarneusCalgarArmourAntilochus3.jpg,gw_shop,,,,ultramarines,ultramarines_marneus_calgar_armour_antilochus,scraped,,,gallery,2026-04-16T22:29:40Z,
scripts/warhammer_com/images/ultramarines/ultramarines_marneus_calgar_armour_antilochus/clean/99120101450_UltramarinesMarneusCalgarArmourAntilochus4.jpg,gw_shop,,,,ultramarines,ultramarines_marneus_calgar_armour_antilochus,scraped,,,gallery,2026-04-16T22:29:40Z,
scripts/warhammer_com/images/ultramarines/ultramarines_marneus_calgar_armour_antilochus/clean/99120101450_UltramarinesMarneusCalgarArmourAntilochus5.jpg,gw_shop,,,,ultramarines,ultramarines_marneus_calgar_armour_antilochus,scraped,,,gallery,2026-04-16T22:29:40Z,
scripts/warhammer_com/images/ultramarines/ultramarines_marneus_calgar_armour_antilochus/clean/99120101450_UltramarinesMarneusCalgarArmourAntilochus7.jpg,gw_shop,,,,ultramarines,ultramarines_marneus_calgar_armour_antilochus,scraped,,,gallery,2026-04-16T22:29:40Z,
scripts/warhammer_com/images/ultramarines/ultramarines_victrix_honour_guard/clean/99120101453_UltramarinesVictrixHonourGuard1.jpg,gw_shop,,,,ultramarines,ultramarines_victrix_honour_guard,scraped,,,gallery,2026-04-16T22:29:40Z,
scripts/warhammer_com/images/ultramarines/ultramarines_victrix_honour_guard/clean/99120101453_UltramarinesVictrixHonourGuard10.jpg,gw_shop,,,,ultramarines,ultramarines_victrix_honour_guard,scraped,,,gallery,2026-04-16T22:29:40Z,
scripts/warhammer_com/images/ultramarines/ultramarines_victrix_honour_guard/clean/99120101453_UltramarinesVictrixHonourGuard2.jpg,gw_shop,,,,ultramarines,ultramarines_victrix_honour_guard,scraped,,,gallery,2026-04-16T22:29:40Z,
scripts/warhammer_com/images/ultramarines/ultramarines_victrix_honour_guard/clean/99120101453_UltramarinesVictrixHonourGuard3.jpg,gw_shop,,,,ultramarines,ultramarines_victrix_honour_guard,scraped,,,gallery,2026-04-16T22:29:40Z,
scripts/warhammer_com/images/ultramarines/ultramarines_victrix_honour_guard/clean/99120101453_UltramarinesVictrixHonourGuard4.jpg,gw_shop,,,,ultramarines,ultramarines_victrix_honour_guard,scraped,,,gallery,2026-04-16T22:29:40Z,
scripts/warhammer_com/images/ultramarines/ultramarines_victrix_honour_guard/clean/99120101453_UltramarinesVictrixHonourGuard7.jpg,gw_shop,,,,ultramarines,ultramarines_victrix_honour_guard,scraped,,,gallery,2026-04-16T22:29:40Z,
scripts/warhammer_com/images/ultramarines/ultramarines_victrix_honour_guard/clean/99120101453_UltramarinesVictrixHonourGuard8.jpg,gw_shop,,,,ultramarines,ultramarines_victrix_honour_guard,scraped,,,gallery,2026-04-16T22:29:40Z,
scripts/warhammer_com/images/ultramarines/um_chief_librarian/clean/99120101254_UMChiefLibrarian01.jpg,gw_shop,,,,ultramarines,um_chief_librarian,scraped,,,gallery,2026-04-16T22:29:40Z,
scripts/warhammer_com/images/ultramarines/um_chief_librarian/clean/99120101254_UMChiefLibrarian02.jpg,gw_shop,,,,ultramarines,um_chief_librarian,scraped,,,gallery,2026-04-16T22:29:40Z,
scripts/warhammer_com/images/unknown/armoured_containers/clean/99120199092_ArmouredContainersLead.jpg,gw_shop,,,,unknown,armoured_containers,scraped,,,gallery,2026-04-16T22:29:40Z,
scripts/warhammer_com/images/unknown/armoured_containers_feature/clean/99120199092_ArmouredContainersFeature.jpg,gw_shop,,,,unknown,armoured_containers_feature,scraped,,,gallery,2026-04-16T22:29:40Z,
scripts/warhammer_com/images/unknown/armoured_containers_stock/clean/99120199092_ArmouredContainersStock.jpg,gw_shop,,,,unknown,armoured_containers_stock,scraped,,,gallery,2026-04-16T22:29:40Z,
scripts/warhammer_com/images/unknown/awakened_wyldwood/clean/99120204023_AwakenedWyldwood01.jpg,gw_shop,,,,unknown,awakened_wyldwood,scraped,,,gallery,2026-04-16T22:29:40Z,
scripts/warhammer_com/images/unknown/awakened_wyldwood/clean/99120204023_AwakenedWyldwood04.jpg,gw_shop,,,,unknown,awakened_wyldwood,scraped,,,gallery,2026-04-16T22:29:40Z,
scripts/warhammer_com/images/unknown/awakened_wyldwood/clean/99120204023_AwakenedWyldwood05.jpg,gw_shop,,,,unknown,awakened_wyldwood,scraped,,,gallery,2026-04-16T22:29:40Z,
scripts/warhammer_com/images/unknown/awakened_wyldwood_box/clean/99120204023_AwakenedWyldwoodBox.jpg,gw_shop,,,,unknown,awakened_wyldwood_box,scraped,,,gallery,2026-04-16T22:29:40Z,
scripts/warhammer_com/images/unknown/b_zone_fronteris_vox_antenna_auspex_shrine_scale/clean/99120199095_BZoneFronterisVoxAntennaAuspexShrineScale.jpg,gw_shop,,,,unknown,b_zone_fronteris_vox_antenna_auspex_shrine_scale,scraped,,,gallery,2026-04-16T22:29:40Z,
scripts/warhammer_com/images/unknown/battlezone_manufactorum_autochoral_transmitter/clean/99120199146_BattlezoneManufactorumAutochoralTransmitter1.jpg,gw_shop,,,,unknown,battlezone_manufactorum_autochoral_transmitter,scraped,,,gallery,2026-04-16T22:29:40Z,
scripts/warhammer_com/images/unknown/battlezone_manufactorum_thermoexchange_shrine/clean/99120199145_BattlezoneManufactorumThermoexchangeShrine1.jpg,gw_shop,,,,unknown,battlezone_manufactorum_thermoexchange_shrine,scraped,,,gallery,2026-04-16T22:29:40Z,
scripts/warhammer_com/images/unknown/boarding_actions_terrain_set_tomb_world/clean/99120199151_BoardingActionsTerrainSetTombWorld01.jpg,gw_shop,,,,unknown,boarding_actions_terrain_set_tomb_world,scraped,,,gallery,2026-04-16T22:29:40Z,
scripts/warhammer_com/images/unknown/boarding_actions_terrain_set_tomb_world/clean/99120199151_BoardingActionsTerrainSetTombWorld03.jpg,gw_shop,,,,unknown,boarding_actions_terrain_set_tomb_world,scraped,,,gallery,2026-04-16T22:29:40Z,
scripts/warhammer_com/images/unknown/boarding_actions_terrain_set_tomb_world/clean/99120199151_BoardingActionsTerrainSetTombWorld05.jpg,gw_shop,,,,unknown,boarding_actions_terrain_set_tomb_world,scraped,,,gallery,2026-04-16T22:29:40Z,
scripts/warhammer_com/images/unknown/boarding_actions_terrain_set_tomb_world/clean/99120199151_BoardingActionsTerrainSetTombWorld06.jpg,gw_shop,,,,unknown,boarding_actions_terrain_set_tomb_world,scraped,,,gallery,2026-04-16T22:29:40Z,
scripts/warhammer_com/images/unknown/bz_fronteris_landing_pad/clean/99120199096_BZFronterisLandingPadLead.jpg,gw_shop,,,,unknown,bz_fronteris_landing_pad,scraped,,,gallery,2026-04-16T22:29:40Z,
scripts/warhammer_com/images/unknown/bz_fronteris_landing_pad_feature/clean/99120199096_BZFronterisLandingPadFeature.jpg,gw_shop,,,,unknown,bz_fronteris_landing_pad_feature,scraped,,,gallery,2026-04-16T22:29:40Z,
scripts/warhammer_com/images/unknown/bz_fronteris_landing_pad_stock/clean/99120199096_BZFronterisLandingPadStock.jpg,gw_shop,,,,unknown,bz_fronteris_landing_pad_stock,scraped,,,gallery,2026-04-16T22:29:40Z,
scripts/warhammer_com/images/unknown/bzf_hab_bunkerand_stockades_feature/clean/99120199094_BZFHabBunkerandStockadesFeature.jpg,gw_shop,,,,unknown,bzf_hab_bunkerand_stockades_feature,scraped,,,gallery,2026-04-16T22:29:40Z,
scripts/warhammer_com/images/unknown/bzf_hab_bunkerand_stockades_scale/clean/99120199094_BZFHabBunkerandStockadesScale.jpg,gw_shop,,,,unknown,bzf_hab_bunkerand_stockades_scale,scraped,,,gallery,2026-04-16T22:29:40Z,
scripts/warhammer_com/images/unknown/bzf_hab_bunkerand_stockades_stock/clean/99120199094_BZFHabBunkerandStockadesStock.jpg,gw_shop,,,,unknown,bzf_hab_bunkerand_stockades_stock,scraped,,,gallery,2026-04-16T22:29:40Z,
scripts/warhammer_com/images/unknown/bzf_vox_antennaand_auspex_shrine_feature/clean/99120199095_BZFVoxAntennaandAuspexShrineFeature.jpg,gw_shop,,,,unknown,bzf_vox_antennaand_auspex_shrine_feature,scraped,,,gallery,2026-04-16T22:29:40Z,
scripts/warhammer_com/images/unknown/bzf_vox_antennaand_auspex_shrine_stock/clean/99120199095_BZFVoxAntennaandAuspexShrineStock.jpg,gw_shop,,,,unknown,bzf_vox_antennaand_auspex_shrine_stock,scraped,,,gallery,2026-04-16T22:29:40Z,
scripts/warhammer_com/images/unknown/citadel_skulls/clean/99129999012_CitadelSkulls01.jpg,gw_shop,,,,unknown,citadel_skulls,scraped,,,gallery,2026-04-16T22:29:40Z,
scripts/warhammer_com/images/unknown/citadel_skulls/clean/99129999012_CitadelSkulls02.jpg,gw_shop,,,,unknown,citadel_skulls,scraped,,,gallery,2026-04-16T22:29:40Z,
scripts/warhammer_com/images/unknown/citadel_skulls/clean/99129999012_CitadelSkulls03.jpg,gw_shop,,,,unknown,citadel_skulls,scraped,,,gallery,2026-04-16T22:29:40Z,
scripts/warhammer_com/images/unknown/citadel_skulls/clean/99129999012_CitadelSkulls08.jpg,gw_shop,,,,unknown,citadel_skulls,scraped,,,gallery,2026-04-16T22:29:40Z,
scripts/warhammer_com/images/unknown/forgeshrine/clean/99120199066_Forgeshrine01.jpg,gw_shop,,,,unknown,forgeshrine,scraped,,,gallery,2026-04-16T22:29:40Z,
scripts/warhammer_com/images/unknown/forgeshrine/clean/99120199066_Forgeshrine02.jpg,gw_shop,,,,unknown,forgeshrine,scraped,,,gallery,2026-04-16T22:29:40Z,
scripts/warhammer_com/images/unknown/forgeshrine/clean/99120199066_Forgeshrine05.jpg,gw_shop,,,,unknown,forgeshrine,scraped,,,gallery,2026-04-16T22:29:40Z,
scripts/warhammer_com/images/unknown/forgeshrine/clean/99120199066_Forgeshrine09.jpg,gw_shop,,,,unknown,forgeshrine,scraped,,,gallery,2026-04-16T22:29:40Z,
scripts/warhammer_com/images/unknown/ktkz_volkus/clean/99120199129_KTKZVolkus1.jpg,gw_shop,,,,unknown,ktkz_volkus,scraped,,,gallery,2026-04-16T22:29:40Z,
scripts/warhammer_com/images/unknown/ktkz_volkus/clean/99120199129_KTKZVolkus3.jpg,gw_shop,,,,unknown,ktkz_volkus,scraped,,,gallery,2026-04-16T22:29:40Z,
scripts/warhammer_com/images/unknown/ktkz_volkus/clean/99120199129_KTKZVolkus4.jpg,gw_shop,,,,unknown,ktkz_volkus,scraped,,,gallery,2026-04-16T22:29:40Z,
scripts/warhammer_com/images/unknown/ktkz_volkus/clean/99120199129_KTKZVolkus5.jpg,gw_shop,,,,unknown,ktkz_volkus,scraped,,,gallery,2026-04-16T22:29:40Z,
scripts/warhammer_com/images/unknown/sanctum_administratus/clean/99120199076_SanctumAdministratusLead.jpg,gw_shop,,,,unknown,sanctum_administratus,scraped,,,gallery,2026-04-16T22:29:40Z,
scripts/warhammer_com/images/unknown/sanctum_administratus_detail/clean/99120199076_SanctumAdministratusDetail.jpg,gw_shop,,,,unknown,sanctum_administratus_detail,scraped,,,gallery,2026-04-16T22:29:40Z,
scripts/warhammer_com/images/unknown/sanctum_administratus_detail/clean/99120199076_SanctumAdministratusDetail2.jpg,gw_shop,,,,unknown,sanctum_administratus_detail,scraped,,,gallery,2026-04-16T22:29:40Z,
scripts/warhammer_com/images/unknown/sanctum_administratus_stock/clean/99120199076_SanctumAdministratusStock.jpg,gw_shop,,,,unknown,sanctum_administratus_stock,scraped,,,gallery,2026-04-16T22:29:40Z,
scripts/warhammer_com/images/unknown/sector_imperialis_ruins/clean/99120199056_SectorImperialisRuins01.jpg,gw_shop,,,,unknown,sector_imperialis_ruins,scraped,,,gallery,2026-04-16T22:29:40Z,
scripts/warhammer_com/images/unknown/sector_imperialis_ruins/clean/99120199056_SectorImperialisRuins06.jpg,gw_shop,,,,unknown,sector_imperialis_ruins,scraped,,,gallery,2026-04-16T22:29:40Z,
scripts/warhammer_com/images/unknown/wh40_k_battlefield_trophies/clean/99120199131_WH40KBattlefieldTrophies1.jpg,gw_shop,,,,unknown,wh40_k_battlefield_trophies,scraped,,,gallery,2026-04-16T22:29:40Z,
scripts/warhammer_com/images/unknown/wh40_k_battlefield_trophies/clean/99120199131_WH40KBattlefieldTrophies3.jpg,gw_shop,,,,unknown,wh40_k_battlefield_trophies,scraped,,,gallery,2026-04-16T22:29:40Z,
scripts/warhammer_com/images/unknown/wh40_k_boarding_actions_terrain_set/clean/99120199105_WH40KBoardingActionsTerrainSet01.jpg,gw_shop,,,,unknown,wh40_k_boarding_actions_terrain_set,scraped,,,gallery,2026-04-16T22:29:40Z,
scripts/warhammer_com/images/unknown/wh40_k_boarding_actions_terrain_set/clean/99120199105_WH40KBoardingActionsTerrainSet03.jpg,gw_shop,,,,unknown,wh40_k_boarding_actions_terrain_set,scraped,,,gallery,2026-04-16T22:29:40Z,
scripts/warhammer_com/images/unknown/wh40_k_boarding_actions_terrain_set/clean/99120199105_WH40KBoardingActionsTerrainSet04.jpg,gw_shop,,,,unknown,wh40_k_boarding_actions_terrain_set,scraped,,,gallery,2026-04-16T22:29:40Z,
scripts/warhammer_com/images/unknown/wh40_k_paint_and_tool_set/clean/52170199001_WH40KPaintAndToolSet01.jpg,gw_shop,,,,unknown,wh40_k_paint_and_tool_set,scraped,,,gallery,2026-04-16T22:29:40Z,
scripts/warhammer_com/images/unknown/wh40_k_paint_and_tool_set/clean/52170199001_WH40KPaintAndToolSet02.jpg,gw_shop,,,,unknown,wh40_k_paint_and_tool_set,scraped,,,gallery,2026-04-16T22:29:40Z,
scripts/warhammer_com/images/unknown/wh40_k_paint_and_tool_set/clean/52170199001_WH40KPaintAndToolSet07.jpg,gw_shop,,,,unknown,wh40_k_paint_and_tool_set,scraped,,,gallery,2026-04-16T22:29:40Z,
scripts/warhammer_com/images/white_scars/korsarro_khan_stock/clean/99120101330_KorsarroKhanStock.jpg,gw_shop,,,,white_scars,korsarro_khan_stock,scraped,,,gallery,2026-04-16T22:29:40Z,
scripts/warhammer_com/images/white_scars/spacemarines_white_scars_suboden_khan/clean/99120101448_SPACEMARINESWhiteScarsSubodenKhan01.jpg,gw_shop,,,,white_scars,spacemarines_white_scars_suboden_khan,scraped,,,gallery,2026-04-16T22:29:40Z,
scripts/warhammer_com/images/white_scars/spacemarines_white_scars_suboden_khan/clean/99120101448_SPACEMARINESWhiteScarsSubodenKhan02.jpg,gw_shop,,,,white_scars,spacemarines_white_scars_suboden_khan,scraped,,,gallery,2026-04-16T22:29:40Z,
scripts/warhammer_com/images/white_scars/spacemarines_white_scars_suboden_khan/clean/99120101448_SPACEMARINESWhiteScarsSubodenKhan03.jpg,gw_shop,,,,white_scars,spacemarines_white_scars_suboden_khan,scraped,,,gallery,2026-04-16T22:29:40Z,
scripts/warhammer_com/images/white_scars/spacemarines_white_scars_suboden_khan/clean/99120101448_SPACEMARINESWhiteScarsSubodenKhan05.jpg,gw_shop,,,,white_scars,spacemarines_white_scars_suboden_khan,scraped,,,gallery,2026-04-16T22:29:40Z,
scripts/warhammer_com/images/white_scars/ws_korsarro_khan/clean/99120101255_WSKorsarroKhan01.jpg,gw_shop,,,,white_scars,ws_korsarro_khan,scraped,,,gallery,2026-04-16T22:29:40Z,
scripts/warhammer_com/images/white_scars/ws_primaris_upgrades_transfers/clean/99070101040_WSPrimarisUpgradesTransfers01.jpg,gw_shop,,,,white_scars,ws_primaris_upgrades_transfers,scraped,,,gallery,2026-04-16T22:29:40Z,
scripts/warhammer_com/images/white_scars/ws_primaris_upgrades_transfers/clean/99070101040_WSPrimarisUpgradesTransfers03.jpg,gw_shop,,,,white_scars,ws_primaris_upgrades_transfers,scraped,,,gallery,2026-04-16T22:29:40Z,
scripts/warhammer_com/images/white_scars/ws_primaris_upgrades_transfers/clean/99070101040_WSPrimarisUpgradesTransfers06.jpg,gw_shop,,,,white_scars,ws_primaris_upgrades_transfers,scraped,,,gallery,2026-04-16T22:29:40Z,
scripts/warhammer_com/images/world_eaters/angron_daemon_primarch/clean/99120102152_AngronDaemonPrimarch1.jpg,gw_shop,,,,world_eaters,angron_daemon_primarch,scraped,,,gallery,2026-04-16T22:29:40Z,
scripts/warhammer_com/images/world_eaters/angron_daemon_primarch/clean/99120102152_AngronDaemonPrimarch2.jpg,gw_shop,,,,world_eaters,angron_daemon_primarch,scraped,,,gallery,2026-04-16T22:29:40Z,
scripts/warhammer_com/images/world_eaters/angron_daemon_primarch/clean/99120102152_AngronDaemonPrimarch3.jpg,gw_shop,,,,world_eaters,angron_daemon_primarch,scraped,,,gallery,2026-04-16T22:29:40Z,
scripts/warhammer_com/images/world_eaters/angron_daemon_primarch_stock/clean/99120102152_AngronDaemonPrimarchStock.jpg,gw_shop,,,,world_eaters,angron_daemon_primarch_stock,scraped,,,gallery,2026-04-16T22:29:40Z,
scripts/warhammer_com/images/world_eaters/chaos_space_marine_world_eaters_slaughterbound/clean/99120102199_ChaosSpaceMarineWorldEatersSlaughterbound1.jpg,gw_shop,,,,world_eaters,chaos_space_marine_world_eaters_slaughterbound,scraped,,,gallery,2026-04-16T22:29:40Z,
scripts/warhammer_com/images/world_eaters/chaos_space_marine_world_eaters_slaughterbound/clean/99120102199_ChaosSpaceMarineWorldEatersSlaughterbound4.jpg,gw_shop,,,,world_eaters,chaos_space_marine_world_eaters_slaughterbound,scraped,,,gallery,2026-04-16T22:29:40Z,
scripts/warhammer_com/images/world_eaters/exhalted_eightbound/clean/99120102154_ExhaltedEightbound1.jpg,gw_shop,,,,world_eaters,exhalted_eightbound,scraped,,,gallery,2026-04-16T22:29:40Z,
scripts/warhammer_com/images/world_eaters/exhalted_eightbound/clean/99120102154_ExhaltedEightbound2.jpg,gw_shop,,,,world_eaters,exhalted_eightbound,scraped,,,gallery,2026-04-16T22:29:40Z,
scripts/warhammer_com/images/world_eaters/exhalted_eightbound_stock/clean/99120102154_ExhaltedEightboundStock.jpg,gw_shop,,,,world_eaters,exhalted_eightbound_stock,scraped,,,gallery,2026-04-16T22:29:40Z,
scripts/warhammer_com/images/world_eaters/kill_team_goremongers/clean/99120102208_KillTeamGoremongers01.jpg,gw_shop,,,,world_eaters,kill_team_goremongers,scraped,,,gallery,2026-04-16T22:29:40Z,
scripts/warhammer_com/images/world_eaters/kill_team_goremongers/clean/99120102208_KillTeamGoremongers04.jpg,gw_shop,,,,world_eaters,kill_team_goremongers,scraped,,,gallery,2026-04-16T22:29:40Z,
scripts/warhammer_com/images/world_eaters/kill_team_goremongers/clean/99120102208_KillTeamGoremongers2.jpg,gw_shop,,,,world_eaters,kill_team_goremongers,scraped,,,gallery,2026-04-16T22:29:40Z,
scripts/warhammer_com/images/world_eaters/kill_team_goremongers/clean/99120102208_KillTeamGoremongers5.jpg,gw_shop,,,,world_eaters,kill_team_goremongers,scraped,,,gallery,2026-04-16T22:29:40Z,
scripts/warhammer_com/images/world_eaters/we_eightbound/clean/99120102154_WEEightbound1.jpg,gw_shop,,,,world_eaters,we_eightbound,scraped,,,gallery,2026-04-16T22:29:40Z,
scripts/warhammer_com/images/world_eaters/we_eightbound/clean/99120102154_WEEightbound2.jpg,gw_shop,,,,world_eaters,we_eightbound,scraped,,,gallery,2026-04-16T22:29:40Z,
scripts/warhammer_com/images/world_eaters/we_jakhals/clean/99120102156_WEJakhals01.jpg,gw_shop,,,,world_eaters,we_jakhals,scraped,,,gallery,2026-04-16T22:29:40Z,
scripts/warhammer_com/images/world_eaters/we_jakhals/clean/99120102156_WEJakhals015.jpg,gw_shop,,,,world_eaters,we_jakhals,scraped,,,gallery,2026-04-16T22:29:40Z,
scripts/warhammer_com/images/world_eaters/we_jakhals/clean/99120102156_WEJakhals02.jpg,gw_shop,,,,world_eaters,we_jakhals,scraped,,,gallery,2026-04-16T22:29:40Z,
scripts/warhammer_com/images/world_eaters/we_jakhals_stock/clean/99120102156_WEJakhalsStock.jpg,gw_shop,,,,world_eaters,we_jakhals_stock,scraped,,,gallery,2026-04-16T22:29:40Z,
scripts/warhammer_com/images/world_eaters/we_kharn_the_betrayer/clean/99120102184_WEKharnTheBetrayer01.jpg,gw_shop,,,,world_eaters,we_kharn_the_betrayer,scraped,,,gallery,2026-04-16T22:29:40Z,
scripts/warhammer_com/images/world_eaters/we_kharn_the_betrayer/clean/99120102184_WEKharnTheBetrayer02.jpg,gw_shop,,,,world_eaters,we_kharn_the_betrayer,scraped,,,gallery,2026-04-16T22:29:40Z,
scripts/warhammer_com/images/world_eaters/we_kharn_the_betrayer_stock/clean/99120102184_WEKharnTheBetrayerStock.jpg,gw_shop,,,,world_eaters,we_kharn_the_betrayer_stock,scraped,,,gallery,2026-04-16T22:29:40Z,
scripts/warhammer_com/images/world_eaters/we_lord_invocatus/clean/99120102155_WELordInvocatus01.jpg,gw_shop,,,,world_eaters,we_lord_invocatus,scraped,,,gallery,2026-04-16T22:29:40Z,
scripts/warhammer_com/images/world_eaters/we_lord_invocatus/clean/99120102155_WELordInvocatus02.jpg,gw_shop,,,,world_eaters,we_lord_invocatus,scraped,,,gallery,2026-04-16T22:29:40Z,
scripts/warhammer_com/images/world_eaters/we_lord_invocatus/clean/99120102155_WELordInvocatus03.jpg,gw_shop,,,,world_eaters,we_lord_invocatus,scraped,,,gallery,2026-04-16T22:29:40Z,
scripts/warhammer_com/images/world_eaters/we_lord_invocatus/clean/99120102155_WELordInvocatus04.jpg,gw_shop,,,,world_eaters,we_lord_invocatus,scraped,,,gallery,2026-04-16T22:29:40Z,
scripts/warhammer_com/images/world_eaters/we_lord_invocatus/clean/99120102155_WELordInvocatus05.jpg,gw_shop,,,,world_eaters,we_lord_invocatus,scraped,,,gallery,2026-04-16T22:29:40Z,
scripts/warhammer_com/images/world_eaters/we_lord_invocatus/clean/99120102155_WELordInvocatus08.jpg,gw_shop,,,,world_eaters,we_lord_invocatus,scraped,,,gallery,2026-04-16T22:29:40Z,
scripts/warhammer_com/images/world_eaters/we_transfer_sheet/clean/99120102156_WETransferSheet.jpg,gw_shop,,,,world_eaters,we_transfer_sheet,scraped,,,gallery,2026-04-16T22:29:40Z,
scripts/warhammer_com/images/world_eaters/world_eaters_combat_patrol/clean/99120102196_WorldEatersCombatPatrol1.jpg,gw_shop,,,,world_eaters,world_eaters_combat_patrol,scraped,,,gallery,2026-04-16T22:29:40Z,
scripts/warhammer_com/images/world_eaters/world_eaters_combat_patrol/clean/99120102196_WorldEatersCombatPatrol10.jpg,gw_shop,,,,world_eaters,world_eaters_combat_patrol,scraped,,,gallery,2026-04-16T22:29:40Z,
scripts/warhammer_com/images/world_eaters/world_eaters_combat_patrol/clean/99120102196_WorldEatersCombatPatrol2.jpg,gw_shop,,,,world_eaters,world_eaters_combat_patrol,scraped,,,gallery,2026-04-16T22:29:40Z,
scripts/warhammer_com/images/world_eaters/world_eaters_combat_patrol/clean/99120102196_WorldEatersCombatPatrol3.jpg,gw_shop,,,,world_eaters,world_eaters_combat_patrol,scraped,,,gallery,2026-04-16T22:29:40Z,
scripts/warhammer_com/images/world_eaters/world_eaters_combat_patrol/clean/99120102196_WorldEatersCombatPatrol4.jpg,gw_shop,,,,world_eaters,world_eaters_combat_patrol,scraped,,,gallery,2026-04-16T22:29:40Z,
scripts/warhammer_com/images/world_eaters/world_eaters_combat_patrol/clean/99120102196_WorldEatersCombatPatrol5.jpg,gw_shop,,,,world_eaters,world_eaters_combat_patrol,scraped,,,gallery,2026-04-16T22:29:40Z,
scripts/warhammer_com/images/world_eaters/world_eaters_combat_patrol/clean/99120102196_WorldEatersCombatPatrol7.jpg,gw_shop,,,,world_eaters,world_eaters_combat_patrol,scraped,,,gallery,2026-04-16T22:29:40Z,
scripts/warhammer_com/images/world_eaters/world_eaters_combat_patrol/clean/99120102196_WorldEatersCombatPatrol8.jpg,gw_shop,,,,world_eaters,world_eaters_combat_patrol,scraped,,,gallery,2026-04-16T22:29:40Z,
scripts/warhammer_com/images/world_eaters/world_eaters_combat_patrol/clean/99120102196_WorldEatersCombatPatrol9.jpg,gw_shop,,,,world_eaters,world_eaters_combat_patrol,scraped,,,gallery,2026-04-16T22:29:40Z,
data/crops/cmon/145728/00_00.jpg,cmon,cmon:145728,cmon:145728,0,orks,battlewagon,human,1.0000,human,,2026-04-17T12:51:47Z,detector_conf=0.653; detector_faction=orks; title: 'Orks Waaagh Volmax BurnaBoyzBattlewagon'; artist: 'AzhrarnX'; multi-box
data/crops/cmon/145728/00_01.jpg,cmon,cmon:145728,cmon:145728,0,orks,battlewagon,human,1.0000,human,,2026-04-17T12:54:50Z,detector_conf=0.648; detector_faction=orks; title: 'Orks Waaagh Volmax BurnaBoyzBattlewagon'; artist: 'AzhrarnX'; multi-box
data/crops/cmon/145728/00_02.jpg,cmon,cmon:145728,cmon:145728,0,orks,attack_fighta,human,1.0000,human,,2026-04-17T12:54:51Z,detector_conf=0.523; detector_faction=orks; title: 'Orks Waaagh Volmax BurnaBoyzBattlewagon'; artist: 'AzhrarnX'; multi-box
data/crops/cmon/145728/00_04.jpg,cmon,cmon:145728,cmon:145728,0,orks,,weak_regex:faction_kw,0.6500,,,2026-04-17T11:55:59Z,detector_conf=0.458; detector_faction=death_guard; title: 'Orks Waaagh Volmax BurnaBoyzBattlewagon'; artist: 'AzhrarnX'; multi-box
data/crops/cmon/145728/00_05.jpg,cmon,cmon:145728,cmon:145728,0,orks,,weak_regex:faction_kw,0.6500,,,2026-04-17T11:56:00Z,detector_conf=0.348; detector_faction=chaos_space_marines; title: 'Orks Waaagh Volmax BurnaBoyzBattlewagon'; artist: 'AzhrarnX'; multi-box
data/crops/cmon/145728/00_06.jpg,cmon,cmon:145728,cmon:145728,0,orks,,weak_regex:faction_kw,0.6500,,,2026-04-17T11:56:00Z,detector_conf=0.305; detector_faction=orks; title: 'Orks Waaagh Volmax BurnaBoyzBattlewagon'; artist: 'AzhrarnX'; multi-box
data/crops/cmon/145728/00_07.jpg,cmon,cmon:145728,cmon:145728,0,orks,,weak_regex:faction_kw,0.6500,,,2026-04-17T11:56:00Z,detector_conf=0.274; detector_faction=orks; title: 'Orks Waaagh Volmax BurnaBoyzBattlewagon'; artist: 'AzhrarnX'; multi-box
data/crops/cmon/145729/00_00.jpg,cmon,cmon:145729,cmon:145729,0,orks,,weak_regex:faction_kw,0.6500,,,2026-04-17T11:56:00Z,detector_conf=0.271; detector_faction=imperial_guard; title: 'Orks Waaagh VolMax Ork Force'; artist: 'AzhrarnX'
data/crops/cmon/145730/00_00.jpg,cmon,cmon:145730,cmon:145730,0,orks,,weak_regex:faction_kw,0.6500,,,2026-04-17T10:10:11Z,detector_conf=0.660; detector_faction=eldar; title: 'Orks Waaagh VolMax part2 Turbo Bugaloo!!'; artist: 'AzhrarnX'; multi-box; flag:title_detector_conflict
data/crops/cmon/145730/00_01.jpg,cmon,cmon:145730,cmon:145730,0,orks,,weak_regex:faction_kw,0.6500,,,2026-04-17T10:10:11Z,detector_conf=0.620; detector_faction=eldar; title: 'Orks Waaagh VolMax part2 Turbo Bugaloo!!'; artist: 'AzhrarnX'; multi-box; flag:title_detector_conflict
data/crops/cmon/145730/00_02.jpg,cmon,cmon:145730,cmon:145730,0,orks,,weak_regex:faction_kw,0.6500,,,2026-04-17T10:10:11Z,detector_conf=0.617; detector_faction=eldar; title: 'Orks Waaagh VolMax part2 Turbo Bugaloo!!'; artist: 'AzhrarnX'; multi-box; flag:title_detector_conflict
data/crops/cmon/145730/00_03.jpg,cmon,cmon:145730,cmon:145730,0,orks,,weak_regex:faction_kw,0.6500,,,2026-04-17T10:10:11Z,detector_conf=0.598; detector_faction=eldar; title: 'Orks Waaagh VolMax part2 Turbo Bugaloo!!'; artist: 'AzhrarnX'; multi-box
data/crops/cmon/145730/00_04.jpg,cmon,cmon:145730,cmon:145730,0,orks,,weak_regex:faction_kw,0.6500,,,2026-04-17T10:10:11Z,detector_conf=0.497; detector_faction=eldar; title: 'Orks Waaagh VolMax part2 Turbo Bugaloo!!'; artist: 'AzhrarnX'; multi-box
data/crops/cmon/145730/00_05.jpg,cmon,cmon:145730,cmon:145730,0,orks,,weak_regex:faction_kw,0.6500,,,2026-04-17T10:10:11Z,detector_conf=0.481; detector_faction=eldar; title: 'Orks Waaagh VolMax part2 Turbo Bugaloo!!'; artist: 'AzhrarnX'; multi-box
data/crops/cmon/145730/00_06.jpg,cmon,cmon:145730,cmon:145730,0,orks,,weak_regex:faction_kw,0.6500,,,2026-04-17T10:10:11Z,detector_conf=0.474; detector_faction=eldar; title: 'Orks Waaagh VolMax part2 Turbo Bugaloo!!'; artist: 'AzhrarnX'; multi-box
data/crops/cmon/145730/00_07.jpg,cmon,cmon:145730,cmon:145730,0,orks,,weak_regex:faction_kw,0.6500,,,2026-04-17T10:10:11Z,detector_conf=0.448; detector_faction=eldar; title: 'Orks Waaagh VolMax part2 Turbo Bugaloo!!'; artist: 'AzhrarnX'; multi-box
data/crops/cmon/145730/00_08.jpg,cmon,cmon:145730,cmon:145730,0,orks,,weak_regex:faction_kw,0.6500,,,2026-04-17T10:10:11Z,detector_conf=0.428; detector_faction=eldar; title: 'Orks Waaagh VolMax part2 Turbo Bugaloo!!'; artist: 'AzhrarnX'; multi-box
data/crops/cmon/145730/00_09.jpg,cmon,cmon:145730,cmon:145730,0,orks,,weak_regex:faction_kw,0.6500,,,2026-04-17T10:10:11Z,detector_conf=0.415; detector_faction=eldar; title: 'Orks Waaagh VolMax part2 Turbo Bugaloo!!'; artist: 'AzhrarnX'; multi-box
data/crops/cmon/145730/00_10.jpg,cmon,cmon:145730,cmon:145730,0,orks,,weak_regex:faction_kw,0.6500,,,2026-04-17T10:10:11Z,detector_conf=0.360; detector_faction=eldar; title: 'Orks Waaagh VolMax part2 Turbo Bugaloo!!'; artist: 'AzhrarnX'; multi-box
data/crops/cmon/145730/00_11.jpg,cmon,cmon:145730,cmon:145730,0,orks,,weak_regex:faction_kw,0.6500,,,2026-04-17T10:10:11Z,detector_conf=0.333; detector_faction=chaos_space_marines; title: 'Orks Waaagh VolMax part2 Turbo Bugaloo!!'; artist: 'AzhrarnX'; multi-box
data/crops/cmon/145730/00_12.jpg,cmon,cmon:145730,cmon:145730,0,orks,,weak_regex:faction_kw,0.6500,,,2026-04-17T10:10:11Z,detector_conf=0.328; detector_faction=imperial_guard; title: 'Orks Waaagh VolMax part2 Turbo Bugaloo!!'; artist: 'AzhrarnX'; multi-box
data/crops/cmon/145730/00_13.jpg,cmon,cmon:145730,cmon:145730,0,orks,,weak_regex:faction_kw,0.6500,,,2026-04-17T10:10:11Z,detector_conf=0.308; detector_faction=eldar; title: 'Orks Waaagh VolMax part2 Turbo Bugaloo!!'; artist: 'AzhrarnX'; multi-box
data/crops/cmon/145732/00_00.jpg,cmon,cmon:145732,cmon:145732,0,orks,boyz,weak_regex:unit_kw,0.8500,,,2026-04-17T10:10:13Z,detector_conf=0.935; detector_faction=orks; title: 'Orks Waaagh VolMax Ork Biker Boyz'; artist: 'AzhrarnX'; multi-box
data/crops/cmon/145732/00_01.jpg,cmon,cmon:145732,cmon:145732,0,orks,boyz,weak_regex:unit_kw,0.8500,,,2026-04-17T10:10:13Z,detector_conf=0.884; detector_faction=orks; title: 'Orks Waaagh VolMax Ork Biker Boyz'; artist: 'AzhrarnX'; multi-box
data/crops/cmon/145732/00_02.jpg,cmon,cmon:145732,cmon:145732,0,orks,boyz,weak_regex:unit_kw,0.8000,,,2026-04-17T10:10:13Z,detector_conf=0.677; detector_faction=eldar; title: 'Orks Waaagh VolMax Ork Biker Boyz'; artist: 'AzhrarnX'; multi-box; flag:title_detector_conflict
data/crops/cmon/145732/00_03.jpg,cmon,cmon:145732,cmon:145732,0,orks,boyz,weak_regex:unit_kw,0.8000,,,2026-04-17T10:10:13Z,detector_conf=0.661; detector_faction=eldar; title: 'Orks Waaagh VolMax Ork Biker Boyz'; artist: 'AzhrarnX'; multi-box; flag:title_detector_conflict
data/crops/cmon/145732/00_04.jpg,cmon,cmon:145732,cmon:145732,0,orks,boyz,weak_regex:unit_kw,0.8500,,,2026-04-17T10:10:13Z,detector_conf=0.636; detector_faction=orks; title: 'Orks Waaagh VolMax Ork Biker Boyz'; artist: 'AzhrarnX'; multi-box
data/crops/cmon/145732/00_05.jpg,cmon,cmon:145732,cmon:145732,0,orks,boyz,weak_regex:unit_kw,0.8000,,,2026-04-17T10:10:13Z,detector_conf=0.634; detector_faction=eldar; title: 'Orks Waaagh VolMax Ork Biker Boyz'; artist: 'AzhrarnX'; multi-box; flag:title_detector_conflict
data/crops/cmon/145732/00_06.jpg,cmon,cmon:145732,cmon:145732,0,orks,boyz,weak_regex:unit_kw,0.8000,,,2026-04-17T10:10:13Z,detector_conf=0.574; detector_faction=eldar; title: 'Orks Waaagh VolMax Ork Biker Boyz'; artist: 'AzhrarnX'; multi-box
data/crops/cmon/145732/00_07.jpg,cmon,cmon:145732,cmon:145732,0,orks,boyz,weak_regex:unit_kw,0.8000,,,2026-04-17T10:10:13Z,detector_conf=0.556; detector_faction=eldar; title: 'Orks Waaagh VolMax Ork Biker Boyz'; artist: 'AzhrarnX'; multi-box
data/crops/cmon/145732/00_08.jpg,cmon,cmon:145732,cmon:145732,0,orks,boyz,weak_regex:unit_kw,0.8000,,,2026-04-17T10:10:13Z,detector_conf=0.535; detector_faction=eldar; title: 'Orks Waaagh VolMax Ork Biker Boyz'; artist: 'AzhrarnX'; multi-box
data/crops/cmon/145732/00_09.jpg,cmon,cmon:145732,cmon:145732,0,orks,boyz,weak_regex:unit_kw,0.8000,,,2026-04-17T10:10:13Z,detector_conf=0.523; detector_faction=eldar; title: 'Orks Waaagh VolMax Ork Biker Boyz'; artist: 'AzhrarnX'; multi-box
data/crops/cmon/145732/00_10.jpg,cmon,cmon:145732,cmon:145732,0,orks,boyz,weak_regex:unit_kw,0.8000,,,2026-04-17T10:10:13Z,detector_conf=0.497; detector_faction=eldar; title: 'Orks Waaagh VolMax Ork Biker Boyz'; artist: 'AzhrarnX'; multi-box
data/crops/cmon/145732/00_11.jpg,cmon,cmon:145732,cmon:145732,0,orks,boyz,weak_regex:unit_kw,0.8000,,,2026-04-17T10:10:13Z,detector_conf=0.467; detector_faction=eldar; title: 'Orks Waaagh VolMax Ork Biker Boyz'; artist: 'AzhrarnX'; multi-box
data/crops/cmon/145732/00_12.jpg,cmon,cmon:145732,cmon:145732,0,orks,boyz,weak_regex:unit_kw,0.8000,,,2026-04-17T10:10:13Z,detector_conf=0.452; detector_faction=eldar; title: 'Orks Waaagh VolMax Ork Biker Boyz'; artist: 'AzhrarnX'; multi-box
data/crops/cmon/145732/00_13.jpg,cmon,cmon:145732,cmon:145732,0,orks,boyz,weak_regex:unit_kw,0.8500,,,2026-04-17T10:10:13Z,detector_conf=0.401; detector_faction=orks; title: 'Orks Waaagh VolMax Ork Biker Boyz'; artist: 'AzhrarnX'; multi-box
data/crops/cmon/145732/00_14.jpg,cmon,cmon:145732,cmon:145732,0,orks,boyz,weak_regex:unit_kw,0.8000,,,2026-04-17T10:10:13Z,detector_conf=0.373; detector_faction=orks; title: 'Orks Waaagh VolMax Ork Biker Boyz'; artist: 'AzhrarnX'; multi-box
data/crops/cmon/145732/00_15.jpg,cmon,cmon:145732,cmon:145732,0,orks,boyz,weak_regex:unit_kw,0.8000,,,2026-04-17T10:10:13Z,detector_conf=0.339; detector_faction=eldar; title: 'Orks Waaagh VolMax Ork Biker Boyz'; artist: 'AzhrarnX'; multi-box
data/crops/cmon/145732/00_16.jpg,cmon,cmon:145732,cmon:145732,0,orks,boyz,weak_regex:unit_kw,0.8000,,,2026-04-17T10:10:13Z,detector_conf=0.326; detector_faction=orks; title: 'Orks Waaagh VolMax Ork Biker Boyz'; artist: 'AzhrarnX'; multi-box
data/crops/cmon/145732/00_17.jpg,cmon,cmon:145732,cmon:145732,0,orks,boyz,weak_regex:unit_kw,0.8000,,,2026-04-17T10:10:13Z,detector_conf=0.282; detector_faction=eldar; title: 'Orks Waaagh VolMax Ork Biker Boyz'; artist: 'AzhrarnX'; multi-box
data/crops/cmon/145732/00_18.jpg,cmon,cmon:145732,cmon:145732,0,orks,boyz,weak_regex:unit_kw,0.8000,,,2026-04-17T10:10:13Z,detector_conf=0.273; detector_faction=death_guard; title: 'Orks Waaagh VolMax Ork Biker Boyz'; artist: 'AzhrarnX'; multi-box
data/crops/cmon/145733/00_00.jpg,cmon,cmon:145733,cmon:145733,0,orks,stompa,weak_regex:unit_kw,0.8500,,,2026-04-17T10:10:13Z,detector_conf=0.453; detector_faction=orks; title: 'Orks Waaagh VolMax Da Ork Stompa'; artist: 'AzhrarnX'; multi-box
data/crops/cmon/145733/00_01.jpg,cmon,cmon:145733,cmon:145733,0,orks,stompa,weak_regex:unit_kw,0.8000,,,2026-04-17T10:10:13Z,detector_conf=0.264; detector_faction=chaos_space_marines; title: 'Orks Waaagh VolMax Da Ork Stompa'; artist: 'AzhrarnX'; multi-box
data/crops/cmon/154025/00_00.jpg,cmon,cmon:154025,cmon:154025,0,orks,boyz,weak_regex:unit_kw,0.8500,,,2026-04-17T10:10:15Z,detector_conf=0.728; detector_faction=orks; title: 'Orks Waaagh VolMax Ork Bika Boyz'; artist: 'AzhrarnX'; multi-box
data/crops/cmon/154025/00_01.jpg,cmon,cmon:154025,cmon:154025,0,orks,boyz,weak_regex:unit_kw,0.8000,,,2026-04-17T10:10:15Z,detector_conf=0.652; detector_faction=eldar; title: 'Orks Waaagh VolMax Ork Bika Boyz'; artist: 'AzhrarnX'; multi-box; flag:title_detector_conflict
data/crops/cmon/154025/00_02.jpg,cmon,cmon:154025,cmon:154025,0,orks,boyz,weak_regex:unit_kw,0.8000,,,2026-04-17T10:10:15Z,detector_conf=0.562; detector_faction=eldar; title: 'Orks Waaagh VolMax Ork Bika Boyz'; artist: 'AzhrarnX'; multi-box
data/crops/cmon/154025/00_03.jpg,cmon,cmon:154025,cmon:154025,0,orks,boyz,weak_regex:unit_kw,0.8500,,,2026-04-17T10:10:15Z,detector_conf=0.536; detector_faction=orks; title: 'Orks Waaagh VolMax Ork Bika Boyz'; artist: 'AzhrarnX'; multi-box
data/crops/cmon/154025/00_04.jpg,cmon,cmon:154025,cmon:154025,0,orks,boyz,weak_regex:unit_kw,0.8500,,,2026-04-17T10:10:15Z,detector_conf=0.529; detector_faction=orks; title: 'Orks Waaagh VolMax Ork Bika Boyz'; artist: 'AzhrarnX'; multi-box
data/crops/cmon/154025/00_05.jpg,cmon,cmon:154025,cmon:154025,0,orks,boyz,weak_regex:unit_kw,0.8000,,,2026-04-17T10:10:15Z,detector_conf=0.487; detector_faction=eldar; title: 'Orks Waaagh VolMax Ork Bika Boyz'; artist: 'AzhrarnX'; multi-box
data/crops/cmon/154025/00_06.jpg,cmon,cmon:154025,cmon:154025,0,orks,boyz,weak_regex:unit_kw,0.8000,,,2026-04-17T10:10:15Z,detector_conf=0.416; detector_faction=tyranids; title: 'Orks Waaagh VolMax Ork Bika Boyz'; artist: 'AzhrarnX'; multi-box
data/crops/cmon/154025/00_07.jpg,cmon,cmon:154025,cmon:154025,0,orks,boyz,weak_regex:unit_kw,0.8000,,,2026-04-17T10:10:15Z,detector_conf=0.407; detector_faction=eldar; title: 'Orks Waaagh VolMax Ork Bika Boyz'; artist: 'AzhrarnX'; multi-box
data/crops/cmon/154025/00_08.jpg,cmon,cmon:154025,cmon:154025,0,orks,boyz,weak_regex:unit_kw,0.8000,,,2026-04-17T10:10:15Z,detector_conf=0.306; detector_faction=orks; title: 'Orks Waaagh VolMax Ork Bika Boyz'; artist: 'AzhrarnX'; multi-box
data/crops/cmon/154025/00_09.jpg,cmon,cmon:154025,cmon:154025,0,orks,boyz,weak_regex:unit_kw,0.8000,,,2026-04-17T10:10:15Z,detector_conf=0.283; detector_faction=eldar; title: 'Orks Waaagh VolMax Ork Bika Boyz'; artist: 'AzhrarnX'; multi-box
data/crops/cmon/154025/00_10.jpg,cmon,cmon:154025,cmon:154025,0,orks,boyz,weak_regex:unit_kw,0.8000,,,2026-04-17T10:10:15Z,detector_conf=0.272; detector_faction=eldar; title: 'Orks Waaagh VolMax Ork Bika Boyz'; artist: 'AzhrarnX'; multi-box
data/crops/cmon/154027/00_00.jpg,cmon,cmon:154027,cmon:154027,0,orks,stompa,weak_regex:unit_kw,0.8000,,,2026-04-17T10:10:17Z,detector_conf=0.461; detector_faction=death_guard; title: 'Orks Waaagh VolMax Ork Stompa 1'; artist: 'AzhrarnX'; multi-box
data/crops/cmon/154027/00_01.jpg,cmon,cmon:154027,cmon:154027,0,orks,stompa,weak_regex:unit_kw,0.8000,,,2026-04-17T10:10:17Z,detector_conf=0.436; detector_faction=death_guard; title: 'Orks Waaagh VolMax Ork Stompa 1'; artist: 'AzhrarnX'; multi-box
data/crops/cmon/154027/00_02.jpg,cmon,cmon:154027,cmon:154027,0,orks,stompa,weak_regex:unit_kw,0.8000,,,2026-04-17T10:10:17Z,detector_conf=0.394; detector_faction=eldar; title: 'Orks Waaagh VolMax Ork Stompa 1'; artist: 'AzhrarnX'; multi-box
data/crops/cmon/154027/00_03.jpg,cmon,cmon:154027,cmon:154027,0,orks,stompa,weak_regex:unit_kw,0.8000,,,2026-04-17T10:10:17Z,detector_conf=0.359; detector_faction=orks; title: 'Orks Waaagh VolMax Ork Stompa 1'; artist: 'AzhrarnX'; multi-box
data/crops/cmon/154027/00_04.jpg,cmon,cmon:154027,cmon:154027,0,orks,stompa,weak_regex:unit_kw,0.8000,,,2026-04-17T10:10:17Z,detector_conf=0.352; detector_faction=orks; title: 'Orks Waaagh VolMax Ork Stompa 1'; artist: 'AzhrarnX'; multi-box
data/crops/cmon/154028/00_00.jpg,cmon,cmon:154028,cmon:154028,0,orks,stompa,weak_regex:unit_kw,0.8500,,,2026-04-17T10:10:18Z,detector_conf=0.628; detector_faction=orks; title: 'Orks Waaagh VolMax Ork Stompa 2'; artist: 'AzhrarnX'; multi-box
data/crops/cmon/154028/00_01.jpg,cmon,cmon:154028,cmon:154028,0,orks,stompa,weak_regex:unit_kw,0.8000,,,2026-04-17T10:10:18Z,detector_conf=0.350; detector_faction=space_marines; title: 'Orks Waaagh VolMax Ork Stompa 2'; artist: 'AzhrarnX'; multi-box
data/crops/cmon/154028/00_02.jpg,cmon,cmon:154028,cmon:154028,0,orks,stompa,weak_regex:unit_kw,0.8000,,,2026-04-17T10:10:18Z,detector_conf=0.309; detector_faction=adeptus_mechanicus; title: 'Orks Waaagh VolMax Ork Stompa 2'; artist: 'AzhrarnX'; multi-box
data/crops/cmon/154030/00_00.jpg,cmon,cmon:154030,cmon:154030,0,orks,stompa,weak_regex:unit_kw,0.8500,,,2026-04-17T10:10:19Z,detector_conf=0.443; detector_faction=orks; title: 'Orks Waaagh VolMax Ork Stompa 3'; artist: 'AzhrarnX'
data/crops/cmon/154031/00_00.jpg,cmon,cmon:154031,cmon:154031,0,orks,stompa,weak_regex:unit_kw,0.8000,,,2026-04-17T10:10:20Z,detector_conf=0.361; detector_faction=orks; title: 'Orks Waaagh VolMax Ork Stompa 4'; artist: 'AzhrarnX'; multi-box
data/crops/cmon/154031/00_01.jpg,cmon,cmon:154031,cmon:154031,0,orks,stompa,weak_regex:unit_kw,0.8000,,,2026-04-17T10:10:20Z,detector_conf=0.344; detector_faction=orks; title: 'Orks Waaagh VolMax Ork Stompa 4'; artist: 'AzhrarnX'; multi-box
data/crops/cmon/313488/00_00.jpg,cmon,cmon:313488,cmon:313488,0,orks,big_mek,weak_regex:unit_kw,0.8000,,,2026-04-17T10:10:21Z,detector_conf=0.637; detector_faction=chaos_space_marines; title: 'Big Mek'; artist: 'SourImplant'; flag:title_detector_conflict
data/crops/cmon/327163/00_00.jpg,cmon,cmon:327163,cmon:327163,0,drukhari,tantalus,weak_regex:unit_kw,0.8000,,,2026-04-17T10:10:22Z,detector_conf=0.919; detector_faction=orks; title: 'dark eldar tantalus'; artist: 'Shi Vral'; multi-box; flag:title_detector_conflict
data/crops/cmon/327163/00_01.jpg,cmon,cmon:327163,cmon:327163,0,drukhari,tantalus,weak_regex:unit_kw,0.8000,,,2026-04-17T10:10:22Z,detector_conf=0.878; detector_faction=tyranids; title: 'dark eldar tantalus'; artist: 'Shi Vral'; multi-box; flag:title_detector_conflict
data/crops/cmon/327163/00_02.jpg,cmon,cmon:327163,cmon:327163,0,drukhari,tantalus,weak_regex:unit_kw,0.8000,,,2026-04-17T10:10:22Z,detector_conf=0.805; detector_faction=orks; title: 'dark eldar tantalus'; artist: 'Shi Vral'; multi-box; flag:title_detector_conflict
data/crops/cmon/327163/00_03.jpg,cmon,cmon:327163,cmon:327163,0,drukhari,tantalus,weak_regex:unit_kw,0.8000,,,2026-04-17T10:10:22Z,detector_conf=0.728; detector_faction=tyranids; title: 'dark eldar tantalus'; artist: 'Shi Vral'; multi-box; flag:title_detector_conflict
data/crops/cmon/327163/00_04.jpg,cmon,cmon:327163,cmon:327163,0,drukhari,tantalus,weak_regex:unit_kw,0.8000,,,2026-04-17T10:10:22Z,detector_conf=0.683; detector_faction=tyranids; title: 'dark eldar tantalus'; artist: 'Shi Vral'; multi-box; flag:title_detector_conflict
data/crops/cmon/327163/00_05.jpg,cmon,cmon:327163,cmon:327163,0,drukhari,tantalus,weak_regex:unit_kw,0.8000,,,2026-04-17T10:10:22Z,detector_conf=0.362; detector_faction=tyranids; title: 'dark eldar tantalus'; artist: 'Shi Vral'; multi-box
data/crops/cmon/327164/00_00.jpg,cmon,cmon:327164,cmon:327164,0,drukhari,incubi,weak_regex:unit_kw,0.8000,,,2026-04-17T10:10:23Z,detector_conf=0.895; detector_faction=tyranids; title: 'dark eldar incubi'; artist: 'Shi Vral'; multi-box; flag:title_detector_conflict
data/crops/cmon/327164/00_01.jpg,cmon,cmon:327164,cmon:327164,0,drukhari,incubi,weak_regex:unit_kw,0.8000,,,2026-04-17T10:10:23Z,detector_conf=0.751; detector_faction=tyranids; title: 'dark eldar incubi'; artist: 'Shi Vral'; multi-box; flag:title_detector_conflict
data/crops/cmon/327164/00_02.jpg,cmon,cmon:327164,cmon:327164,0,drukhari,incubi,weak_regex:unit_kw,0.8000,,,2026-04-17T10:10:23Z,detector_conf=0.716; detector_faction=tyranids; title: 'dark eldar incubi'; artist: 'Shi Vral'; multi-box; flag:title_detector_conflict
data/crops/cmon/327164/00_03.jpg,cmon,cmon:327164,cmon:327164,0,drukhari,incubi,weak_regex:unit_kw,0.8000,,,2026-04-17T10:10:23Z,detector_conf=0.598; detector_faction=tyranids; title: 'dark eldar incubi'; artist: 'Shi Vral'; multi-box
data/crops/cmon/327164/00_04.jpg,cmon,cmon:327164,cmon:327164,0,drukhari,incubi,weak_regex:unit_kw,0.8000,,,2026-04-17T10:10:23Z,detector_conf=0.572; detector_faction=tyranids; title: 'dark eldar incubi'; artist: 'Shi Vral'; multi-box
data/crops/cmon/327164/00_05.jpg,cmon,cmon:327164,cmon:327164,0,drukhari,incubi,weak_regex:unit_kw,0.8000,,,2026-04-17T10:10:23Z,detector_conf=0.542; detector_faction=tyranids; title: 'dark eldar incubi'; artist: 'Shi Vral'; multi-box
data/crops/cmon/327164/00_06.jpg,cmon,cmon:327164,cmon:327164,0,drukhari,incubi,weak_regex:unit_kw,0.8000,,,2026-04-17T10:10:23Z,detector_conf=0.481; detector_faction=tyranids; title: 'dark eldar incubi'; artist: 'Shi Vral'; multi-box
data/crops/cmon/327164/00_07.jpg,cmon,cmon:327164,cmon:327164,0,drukhari,incubi,weak_regex:unit_kw,0.8000,,,2026-04-17T10:10:23Z,detector_conf=0.446; detector_faction=tyranids; title: 'dark eldar incubi'; artist: 'Shi Vral'; multi-box
data/crops/cmon/327164/00_08.jpg,cmon,cmon:327164,cmon:327164,0,drukhari,incubi,weak_regex:unit_kw,0.8000,,,2026-04-17T10:10:23Z,detector_conf=0.414; detector_faction=tyranids; title: 'dark eldar incubi'; artist: 'Shi Vral'; multi-box
data/crops/cmon/327164/00_09.jpg,cmon,cmon:327164,cmon:327164,0,drukhari,incubi,weak_regex:unit_kw,0.8000,,,2026-04-17T10:10:23Z,detector_conf=0.412; detector_faction=tyranids; title: 'dark eldar incubi'; artist: 'Shi Vral'; multi-box
data/crops/cmon/327164/00_10.jpg,cmon,cmon:327164,cmon:327164,0,drukhari,incubi,weak_regex:unit_kw,0.8000,,,2026-04-17T10:10:23Z,detector_conf=0.408; detector_faction=tyranids; title: 'dark eldar incubi'; artist: 'Shi Vral'; multi-box
data/crops/cmon/327164/00_11.jpg,cmon,cmon:327164,cmon:327164,0,drukhari,incubi,weak_regex:unit_kw,0.8000,,,2026-04-17T10:10:23Z,detector_conf=0.404; detector_faction=eldar; title: 'dark eldar incubi'; artist: 'Shi Vral'; multi-box
data/crops/cmon/327164/00_12.jpg,cmon,cmon:327164,cmon:327164,0,drukhari,incubi,weak_regex:unit_kw,0.8000,,,2026-04-17T10:10:23Z,detector_conf=0.391; detector_faction=tyranids; title: 'dark eldar incubi'; artist: 'Shi Vral'; multi-box
data/crops/cmon/327164/00_13.jpg,cmon,cmon:327164,cmon:327164,0,drukhari,incubi,weak_regex:unit_kw,0.8000,,,2026-04-17T10:10:23Z,detector_conf=0.388; detector_faction=eldar; title: 'dark eldar incubi'; artist: 'Shi Vral'; multi-box
data/crops/cmon/327164/00_14.jpg,cmon,cmon:327164,cmon:327164,0,drukhari,incubi,weak_regex:unit_kw,0.8000,,,2026-04-17T10:10:23Z,detector_conf=0.369; detector_faction=eldar; title: 'dark eldar incubi'; artist: 'Shi Vral'; multi-box
data/crops/cmon/327164/00_15.jpg,cmon,cmon:327164,cmon:327164,0,drukhari,incubi,weak_regex:unit_kw,0.8000,,,2026-04-17T10:10:23Z,detector_conf=0.351; detector_faction=death_guard; title: 'dark eldar incubi'; artist: 'Shi Vral'; multi-box
data/crops/cmon/327164/00_16.jpg,cmon,cmon:327164,cmon:327164,0,drukhari,incubi,weak_regex:unit_kw,0.8000,,,2026-04-17T10:10:23Z,detector_conf=0.338; detector_faction=tyranids; title: 'dark eldar incubi'; artist: 'Shi Vral'; multi-box
data/crops/cmon/327164/00_17.jpg,cmon,cmon:327164,cmon:327164,0,drukhari,incubi,weak_regex:unit_kw,0.8000,,,2026-04-17T10:10:23Z,detector_conf=0.336; detector_faction=tyranids; title: 'dark eldar incubi'; artist: 'Shi Vral'; multi-box
data/crops/cmon/327164/00_18.jpg,cmon,cmon:327164,cmon:327164,0,drukhari,incubi,weak_regex:unit_kw,0.8000,,,2026-04-17T10:10:23Z,detector_conf=0.328; detector_faction=eldar; title: 'dark eldar incubi'; artist: 'Shi Vral'; multi-box
data/crops/cmon/327164/00_19.jpg,cmon,cmon:327164,cmon:327164,0,drukhari,incubi,weak_regex:unit_kw,0.8000,,,2026-04-17T10:10:23Z,detector_conf=0.273; detector_faction=tyranids; title: 'dark eldar incubi'; artist: 'Shi Vral'; multi-box
data/crops/cmon/327165/00_00.jpg,cmon,cmon:327165,cmon:327165,0,drukhari,mandrakes,weak_regex:unit_kw,0.8000,,,2026-04-17T10:10:25Z,detector_conf=0.687; detector_faction=orks; title: 'dark eldar mandrake'; artist: 'Shi Vral'; multi-box; flag:title_detector_conflict
data/crops/cmon/327165/00_01.jpg,cmon,cmon:327165,cmon:327165,0,drukhari,mandrakes,weak_regex:unit_kw,0.8000,,,2026-04-17T10:10:25Z,detector_conf=0.619; detector_faction=eldar; title: 'dark eldar mandrake'; artist: 'Shi Vral'; multi-box; flag:title_detector_conflict
data/crops/cmon/327165/00_02.jpg,cmon,cmon:327165,cmon:327165,0,drukhari,mandrakes,weak_regex:unit_kw,0.8000,,,2026-04-17T10:10:25Z,detector_conf=0.600; detector_faction=tyranids; title: 'dark eldar mandrake'; artist: 'Shi Vral'; multi-box; flag:title_detector_conflict
data/crops/cmon/327165/00_03.jpg,cmon,cmon:327165,cmon:327165,0,drukhari,mandrakes,weak_regex:unit_kw,0.8000,,,2026-04-17T10:10:25Z,detector_conf=0.537; detector_faction=eldar; title: 'dark eldar mandrake'; artist: 'Shi Vral'; multi-box
data/crops/cmon/327165/00_04.jpg,cmon,cmon:327165,cmon:327165,0,drukhari,mandrakes,weak_regex:unit_kw,0.8000,,,2026-04-17T10:10:25Z,detector_conf=0.536; detector_faction=eldar; title: 'dark eldar mandrake'; artist: 'Shi Vral'; multi-box
data/crops/cmon/327165/00_05.jpg,cmon,cmon:327165,cmon:327165,0,drukhari,mandrakes,weak_regex:unit_kw,0.8000,,,2026-04-17T10:10:25Z,detector_conf=0.475; detector_faction=tyranids; title: 'dark eldar mandrake'; artist: 'Shi Vral'; multi-box
data/crops/cmon/327165/00_06.jpg,cmon,cmon:327165,cmon:327165,0,drukhari,mandrakes,weak_regex:unit_kw,0.8000,,,2026-04-17T10:10:25Z,detector_conf=0.437; detector_faction=tyranids; title: 'dark eldar mandrake'; artist: 'Shi Vral'; multi-box
data/crops/cmon/327165/00_07.jpg,cmon,cmon:327165,cmon:327165,0,drukhari,mandrakes,weak_regex:unit_kw,0.8000,,,2026-04-17T10:10:25Z,detector_conf=0.387; detector_faction=eldar; title: 'dark eldar mandrake'; artist: 'Shi Vral'; multi-box
data/crops/cmon/327165/00_08.jpg,cmon,cmon:327165,cmon:327165,0,drukhari,mandrakes,weak_regex:unit_kw,0.8000,,,2026-04-17T10:10:25Z,detector_conf=0.371; detector_faction=tyranids; title: 'dark eldar mandrake'; artist: 'Shi Vral'; multi-box
data/crops/cmon/327165/00_09.jpg,cmon,cmon:327165,cmon:327165,0,drukhari,mandrakes,weak_regex:unit_kw,0.8000,,,2026-04-17T10:10:25Z,detector_conf=0.357; detector_faction=tyranids; title: 'dark eldar mandrake'; artist: 'Shi Vral'; multi-box
data/crops/cmon/327165/00_10.jpg,cmon,cmon:327165,cmon:327165,0,drukhari,mandrakes,weak_regex:unit_kw,0.8000,,,2026-04-17T10:10:25Z,detector_conf=0.352; detector_faction=eldar; title: 'dark eldar mandrake'; artist: 'Shi Vral'; multi-box
data/crops/cmon/327165/00_11.jpg,cmon,cmon:327165,cmon:327165,0,drukhari,mandrakes,weak_regex:unit_kw,0.8000,,,2026-04-17T10:10:25Z,detector_conf=0.301; detector_faction=tyranids; title: 'dark eldar mandrake'; artist: 'Shi Vral'; multi-box
data/crops/cmon/327165/00_12.jpg,cmon,cmon:327165,cmon:327165,0,drukhari,mandrakes,weak_regex:unit_kw,0.8000,,,2026-04-17T10:10:25Z,detector_conf=0.272; detector_faction=eldar; title: 'dark eldar mandrake'; artist: 'Shi Vral'; multi-box
data/crops/cmon/328637/00_00.jpg,cmon,cmon:328637,cmon:328637,0,drukhari,reaper,weak_regex:unit_kw,0.8000,,,2026-04-17T10:10:26Z,detector_conf=0.655; detector_faction=orks; title: 'dark eldar reaper'; artist: 'Shi Vral'; multi-box; flag:title_detector_conflict
data/crops/cmon/328637/00_01.jpg,cmon,cmon:328637,cmon:328637,0,drukhari,reaper,weak_regex:unit_kw,0.8000,,,2026-04-17T10:10:26Z,detector_conf=0.608; detector_faction=eldar; title: 'dark eldar reaper'; artist: 'Shi Vral'; multi-box; flag:title_detector_conflict
data/crops/cmon/328637/00_02.jpg,cmon,cmon:328637,cmon:328637,0,drukhari,reaper,weak_regex:unit_kw,0.8000,,,2026-04-17T10:10:26Z,detector_conf=0.469; detector_faction=tyranids; title: 'dark eldar reaper'; artist: 'Shi Vral'; multi-box
data/crops/cmon/328637/00_03.jpg,cmon,cmon:328637,cmon:328637,0,drukhari,reaper,weak_regex:unit_kw,0.8000,,,2026-04-17T10:10:26Z,detector_conf=0.428; detector_faction=tyranids; title: 'dark eldar reaper'; artist: 'Shi Vral'; multi-box
data/crops/cmon/328637/00_04.jpg,cmon,cmon:328637,cmon:328637,0,drukhari,reaper,weak_regex:unit_kw,0.8000,,,2026-04-17T10:10:26Z,detector_conf=0.403; detector_faction=eldar; title: 'dark eldar reaper'; artist: 'Shi Vral'; multi-box
data/crops/cmon/328637/00_05.jpg,cmon,cmon:328637,cmon:328637,0,drukhari,reaper,weak_regex:unit_kw,0.8000,,,2026-04-17T10:10:26Z,detector_conf=0.358; detector_faction=eldar; title: 'dark eldar reaper'; artist: 'Shi Vral'; multi-box
data/crops/cmon/334305/00_00.jpg,cmon,cmon:334305,cmon:334305,0,drukhari,,weak_regex:faction_kw,0.6500,,,2026-04-17T10:10:27Z,detector_conf=0.919; detector_faction=tyranids; title: 'dark eldar scourges'; artist: 'Shi Vral'; multi-box; flag:title_detector_conflict
data/crops/cmon/334305/00_01.jpg,cmon,cmon:334305,cmon:334305,0,drukhari,,weak_regex:faction_kw,0.6500,,,2026-04-17T10:10:27Z,detector_conf=0.914; detector_faction=tyranids; title: 'dark eldar scourges'; artist: 'Shi Vral'; multi-box; flag:title_detector_conflict
data/crops/cmon/334305/00_02.jpg,cmon,cmon:334305,cmon:334305,0,drukhari,,weak_regex:faction_kw,0.6500,,,2026-04-17T10:10:27Z,detector_conf=0.895; detector_faction=tyranids; title: 'dark eldar scourges'; artist: 'Shi Vral'; multi-box; flag:title_detector_conflict
data/crops/cmon/334305/00_03.jpg,cmon,cmon:334305,cmon:334305,0,drukhari,,weak_regex:faction_kw,0.6500,,,2026-04-17T10:10:27Z,detector_conf=0.886; detector_faction=tyranids; title: 'dark eldar scourges'; artist: 'Shi Vral'; multi-box; flag:title_detector_conflict
data/crops/cmon/334305/00_04.jpg,cmon,cmon:334305,cmon:334305,0,drukhari,,weak_regex:faction_kw,0.6500,,,2026-04-17T10:10:27Z,detector_conf=0.883; detector_faction=tyranids; title: 'dark eldar scourges'; artist: 'Shi Vral'; multi-box; flag:title_detector_conflict
data/crops/cmon/334305/00_05.jpg,cmon,cmon:334305,cmon:334305,0,drukhari,,weak_regex:faction_kw,0.6500,,,2026-04-17T10:10:27Z,detector_conf=0.845; detector_faction=tyranids; title: 'dark eldar scourges'; artist: 'Shi Vral'; multi-box; flag:title_detector_conflict
data/crops/cmon/334305/00_06.jpg,cmon,cmon:334305,cmon:334305,0,drukhari,,weak_regex:faction_kw,0.6500,,,2026-04-17T10:10:27Z,detector_conf=0.844; detector_faction=tyranids; title: 'dark eldar scourges'; artist: 'Shi Vral'; multi-box; flag:title_detector_conflict
data/crops/cmon/334305/00_07.jpg,cmon,cmon:334305,cmon:334305,0,drukhari,,weak_regex:faction_kw,0.6500,,,2026-04-17T10:10:27Z,detector_conf=0.806; detector_faction=tyranids; title: 'dark eldar scourges'; artist: 'Shi Vral'; multi-box; flag:title_detector_conflict
data/crops/cmon/334305/00_08.jpg,cmon,cmon:334305,cmon:334305,0,drukhari,,weak_regex:faction_kw,0.6500,,,2026-04-17T10:10:27Z,detector_conf=0.805; detector_faction=tyranids; title: 'dark eldar scourges'; artist: 'Shi Vral'; multi-box; flag:title_detector_conflict
data/crops/cmon/334305/00_09.jpg,cmon,cmon:334305,cmon:334305,0,drukhari,,weak_regex:faction_kw,0.6500,,,2026-04-17T10:10:27Z,detector_conf=0.798; detector_faction=tyranids; title: 'dark eldar scourges'; artist: 'Shi Vral'; multi-box; flag:title_detector_conflict
data/crops/cmon/334305/00_10.jpg,cmon,cmon:334305,cmon:334305,0,drukhari,,weak_regex:faction_kw,0.6500,,,2026-04-17T10:10:27Z,detector_conf=0.781; detector_faction=tyranids; title: 'dark eldar scourges'; artist: 'Shi Vral'; multi-box; flag:title_detector_conflict
data/crops/cmon/334305/00_11.jpg,cmon,cmon:334305,cmon:334305,0,drukhari,,weak_regex:faction_kw,0.6500,,,2026-04-17T10:10:27Z,detector_conf=0.764; detector_faction=tyranids; title: 'dark eldar scourges'; artist: 'Shi Vral'; multi-box; flag:title_detector_conflict
data/crops/cmon/334305/00_12.jpg,cmon,cmon:334305,cmon:334305,0,drukhari,,weak_regex:faction_kw,0.6500,,,2026-04-17T10:10:27Z,detector_conf=0.725; detector_faction=tyranids; title: 'dark eldar scourges'; artist: 'Shi Vral'; multi-box; flag:title_detector_conflict
data/crops/cmon/334305/00_13.jpg,cmon,cmon:334305,cmon:334305,0,drukhari,,weak_regex:faction_kw,0.6500,,,2026-04-17T10:10:27Z,detector_conf=0.698; detector_faction=tyranids; title: 'dark eldar scourges'; artist: 'Shi Vral'; multi-box; flag:title_detector_conflict
data/crops/cmon/334305/00_14.jpg,cmon,cmon:334305,cmon:334305,0,drukhari,,weak_regex:faction_kw,0.6500,,,2026-04-17T10:10:27Z,detector_conf=0.668; detector_faction=tyranids; title: 'dark eldar scourges'; artist: 'Shi Vral'; multi-box; flag:title_detector_conflict
data/crops/cmon/334305/00_15.jpg,cmon,cmon:334305,cmon:334305,0,drukhari,,weak_regex:faction_kw,0.6500,,,2026-04-17T10:10:27Z,detector_conf=0.618; detector_faction=tyranids; title: 'dark eldar scourges'; artist: 'Shi Vral'; multi-box; flag:title_detector_conflict
data/crops/cmon/334305/00_16.jpg,cmon,cmon:334305,cmon:334305,0,drukhari,,weak_regex:faction_kw,0.6500,,,2026-04-17T10:10:27Z,detector_conf=0.617; detector_faction=tyranids; title: 'dark eldar scourges'; artist: 'Shi Vral'; multi-box; flag:title_detector_conflict
data/crops/cmon/334305/00_17.jpg,cmon,cmon:334305,cmon:334305,0,drukhari,,weak_regex:faction_kw,0.6500,,,2026-04-17T10:10:27Z,detector_conf=0.561; detector_faction=tyranids; title: 'dark eldar scourges'; artist: 'Shi Vral'; multi-box
data/crops/cmon/334305/00_18.jpg,cmon,cmon:334305,cmon:334305,0,drukhari,,weak_regex:faction_kw,0.6500,,,2026-04-17T10:10:27Z,detector_conf=0.552; detector_faction=tyranids; title: 'dark eldar scourges'; artist: 'Shi Vral'; multi-box
data/crops/cmon/334305/00_19.jpg,cmon,cmon:334305,cmon:334305,0,drukhari,,weak_regex:faction_kw,0.6500,,,2026-04-17T10:10:27Z,detector_conf=0.498; detector_faction=tyranids; title: 'dark eldar scourges'; artist: 'Shi Vral'; multi-box
data/crops/cmon/334305/00_20.jpg,cmon,cmon:334305,cmon:334305,0,drukhari,,weak_regex:faction_kw,0.6500,,,2026-04-17T10:10:27Z,detector_conf=0.390; detector_faction=tyranids; title: 'dark eldar scourges'; artist: 'Shi Vral'; multi-box
data/crops/cmon/334305/00_21.jpg,cmon,cmon:334305,cmon:334305,0,drukhari,,weak_regex:faction_kw,0.6500,,,2026-04-17T10:10:27Z,detector_conf=0.388; detector_faction=tyranids; title: 'dark eldar scourges'; artist: 'Shi Vral'; multi-box
data/crops/cmon/334305/00_22.jpg,cmon,cmon:334305,cmon:334305,0,drukhari,,weak_regex:faction_kw,0.6500,,,2026-04-17T10:10:27Z,detector_conf=0.378; detector_faction=tyranids; title: 'dark eldar scourges'; artist: 'Shi Vral'; multi-box
data/crops/cmon/334305/00_23.jpg,cmon,cmon:334305,cmon:334305,0,drukhari,,weak_regex:faction_kw,0.6500,,,2026-04-17T10:10:27Z,detector_conf=0.356; detector_faction=tyranids; title: 'dark eldar scourges'; artist: 'Shi Vral'; multi-box
data/crops/cmon/334305/00_24.jpg,cmon,cmon:334305,cmon:334305,0,drukhari,,weak_regex:faction_kw,0.6500,,,2026-04-17T10:10:27Z,detector_conf=0.348; detector_faction=imperial_guard; title: 'dark eldar scourges'; artist: 'Shi Vral'; multi-box
data/crops/cmon/334305/00_25.jpg,cmon,cmon:334305,cmon:334305,0,drukhari,,weak_regex:faction_kw,0.6500,,,2026-04-17T10:10:27Z,detector_conf=0.336; detector_faction=tyranids; title: 'dark eldar scourges'; artist: 'Shi Vral'; multi-box
data/crops/cmon/334305/00_26.jpg,cmon,cmon:334305,cmon:334305,0,drukhari,,weak_regex:faction_kw,0.6500,,,2026-04-17T10:10:27Z,detector_conf=0.280; detector_faction=tyranids; title: 'dark eldar scourges'; artist: 'Shi Vral'; multi-box
data/crops/cmon/334305/00_27.jpg,cmon,cmon:334305,cmon:334305,0,drukhari,,weak_regex:faction_kw,0.6500,,,2026-04-17T10:10:27Z,detector_conf=0.271; detector_faction=orks; title: 'dark eldar scourges'; artist: 'Shi Vral'; multi-box
data/crops/cmon/335283/00_00.jpg,cmon,cmon:335283,cmon:335283,0,drukhari,,weak_regex:faction_kw,0.6500,,,2026-04-17T10:10:29Z,detector_conf=0.792; detector_faction=tyranids; title: 'dark eldar razorwing'; artist: 'Shi Vral'; multi-box; flag:title_detector_conflict
data/crops/cmon/335283/00_01.jpg,cmon,cmon:335283,cmon:335283,0,drukhari,,weak_regex:faction_kw,0.6500,,,2026-04-17T10:10:29Z,detector_conf=0.680; detector_faction=tyranids; title: 'dark eldar razorwing'; artist: 'Shi Vral'; multi-box; flag:title_detector_conflict
data/crops/cmon/335283/00_02.jpg,cmon,cmon:335283,cmon:335283,0,drukhari,,weak_regex:faction_kw,0.6500,,,2026-04-17T10:10:29Z,detector_conf=0.650; detector_faction=tyranids; title: 'dark eldar razorwing'; artist: 'Shi Vral'; multi-box; flag:title_detector_conflict
data/crops/cmon/335283/00_03.jpg,cmon,cmon:335283,cmon:335283,0,drukhari,,weak_regex:faction_kw,0.6500,,,2026-04-17T10:10:29Z,detector_conf=0.331; detector_faction=tyranids; title: 'dark eldar razorwing'; artist: 'Shi Vral'; multi-box
data/crops/cmon/336588/00_00.jpg,cmon,cmon:336588,cmon:336588,0,drukhari,hellions,weak_regex:unit_kw,0.8000,,,2026-04-17T10:10:30Z,detector_conf=0.762; detector_faction=orks; title: 'dark eldar hellions'; artist: 'Shi Vral'; multi-box; flag:title_detector_conflict
data/crops/cmon/336588/00_01.jpg,cmon,cmon:336588,cmon:336588,0,drukhari,hellions,weak_regex:unit_kw,0.8000,,,2026-04-17T10:10:30Z,detector_conf=0.756; detector_faction=orks; title: 'dark eldar hellions'; artist: 'Shi Vral'; multi-box; flag:title_detector_conflict
data/crops/cmon/336588/00_02.jpg,cmon,cmon:336588,cmon:336588,0,drukhari,hellions,weak_regex:unit_kw,0.8000,,,2026-04-17T10:10:30Z,detector_conf=0.617; detector_faction=tyranids; title: 'dark eldar hellions'; artist: 'Shi Vral'; multi-box; flag:title_detector_conflict
data/crops/cmon/336588/00_03.jpg,cmon,cmon:336588,cmon:336588,0,drukhari,hellions,weak_regex:unit_kw,0.8000,,,2026-04-17T10:10:30Z,detector_conf=0.616; detector_faction=orks; title: 'dark eldar hellions'; artist: 'Shi Vral'; multi-box; flag:title_detector_conflict
data/crops/cmon/336588/00_04.jpg,cmon,cmon:336588,cmon:336588,0,drukhari,hellions,weak_regex:unit_kw,0.8000,,,2026-04-17T10:10:30Z,detector_conf=0.481; detector_faction=death_guard; title: 'dark eldar hellions'; artist: 'Shi Vral'; multi-box
data/crops/cmon/336588/00_05.jpg,cmon,cmon:336588,cmon:336588,0,drukhari,hellions,weak_regex:unit_kw,0.8000,,,2026-04-17T10:10:30Z,detector_conf=0.303; detector_faction=orks; title: 'dark eldar hellions'; artist: 'Shi Vral'; multi-box
data/crops/cmon/336588/00_06.jpg,cmon,cmon:336588,cmon:336588,0,drukhari,hellions,weak_regex:unit_kw,0.8000,,,2026-04-17T10:10:30Z,detector_conf=0.272; detector_faction=death_guard; title: 'dark eldar hellions'; artist: 'Shi Vral'; multi-box
data/crops/cmon/338656/00_00.jpg,cmon,cmon:338656,cmon:338656,0,drukhari,ravager,weak_regex:unit_kw,0.8000,,,2026-04-17T10:10:31Z,detector_conf=0.797; detector_faction=tyranids; title: 'dark eldar ravager'; artist: 'Shi Vral'; multi-box; flag:title_detector_conflict
data/crops/cmon/338656/00_01.jpg,cmon,cmon:338656,cmon:338656,0,drukhari,ravager,weak_regex:unit_kw,0.8000,,,2026-04-17T10:10:31Z,detector_conf=0.760; detector_faction=tyranids; title: 'dark eldar ravager'; artist: 'Shi Vral'; multi-box; flag:title_detector_conflict
data/crops/cmon/338656/00_02.jpg,cmon,cmon:338656,cmon:338656,0,drukhari,ravager,weak_regex:unit_kw,0.8000,,,2026-04-17T10:10:31Z,detector_conf=0.668; detector_faction=tyranids; title: 'dark eldar ravager'; artist: 'Shi Vral'; multi-box; flag:title_detector_conflict
data/crops/cmon/338656/00_03.jpg,cmon,cmon:338656,cmon:338656,0,drukhari,ravager,weak_regex:unit_kw,0.8000,,,2026-04-17T10:10:31Z,detector_conf=0.644; detector_faction=tyranids; title: 'dark eldar ravager'; artist: 'Shi Vral'; multi-box; flag:title_detector_conflict
data/crops/cmon/338656/00_04.jpg,cmon,cmon:338656,cmon:338656,0,drukhari,ravager,weak_regex:unit_kw,0.8000,,,2026-04-17T10:10:31Z,detector_conf=0.447; detector_faction=orks; title: 'dark eldar ravager'; artist: 'Shi Vral'; multi-box
data/crops/cmon/338656/00_05.jpg,cmon,cmon:338656,cmon:338656,0,drukhari,ravager,weak_regex:unit_kw,0.8000,,,2026-04-17T10:10:31Z,detector_conf=0.328; detector_faction=orks; title: 'dark eldar ravager'; artist: 'Shi Vral'; multi-box
data/crops/cmon/339816/00_00.jpg,cmon,cmon:339816,cmon:339816,0,drukhari,,weak_regex:faction_kw,0.6500,,,2026-04-17T10:10:33Z,detector_conf=0.812; detector_faction=tyranids; title: 'dark eldar trueborn'; artist: 'Shi Vral'; multi-box; flag:title_detector_conflict
data/crops/cmon/339816/00_01.jpg,cmon,cmon:339816,cmon:339816,0,drukhari,,weak_regex:faction_kw,0.6500,,,2026-04-17T10:10:33Z,detector_conf=0.779; detector_faction=tyranids; title: 'dark eldar trueborn'; artist: 'Shi Vral'; multi-box; flag:title_detector_conflict
data/crops/cmon/339816/00_02.jpg,cmon,cmon:339816,cmon:339816,0,drukhari,,weak_regex:faction_kw,0.6500,,,2026-04-17T10:10:33Z,detector_conf=0.656; detector_faction=tyranids; title: 'dark eldar trueborn'; artist: 'Shi Vral'; multi-box; flag:title_detector_conflict
data/crops/cmon/339816/00_03.jpg,cmon,cmon:339816,cmon:339816,0,drukhari,,weak_regex:faction_kw,0.6500,,,2026-04-17T10:10:33Z,detector_conf=0.635; detector_faction=tyranids; title: 'dark eldar trueborn'; artist: 'Shi Vral'; multi-box; flag:title_detector_conflict
data/crops/cmon/339816/00_04.jpg,cmon,cmon:339816,cmon:339816,0,drukhari,,weak_regex:faction_kw,0.6500,,,2026-04-17T10:10:33Z,detector_conf=0.628; detector_faction=tyranids; title: 'dark eldar trueborn'; artist: 'Shi Vral'; multi-box; flag:title_detector_conflict
data/crops/cmon/339816/00_05.jpg,cmon,cmon:339816,cmon:339816,0,drukhari,,weak_regex:faction_kw,0.6500,,,2026-04-17T10:10:33Z,detector_conf=0.627; detector_faction=tyranids; title: 'dark eldar trueborn'; artist: 'Shi Vral'; multi-box; flag:title_detector_conflict
data/crops/cmon/339816/00_06.jpg,cmon,cmon:339816,cmon:339816,0,drukhari,,weak_regex:faction_kw,0.6500,,,2026-04-17T10:10:33Z,detector_conf=0.616; detector_faction=tyranids; title: 'dark eldar trueborn'; artist: 'Shi Vral'; multi-box; flag:title_detector_conflict
data/crops/cmon/339816/00_07.jpg,cmon,cmon:339816,cmon:339816,0,drukhari,,weak_regex:faction_kw,0.6500,,,2026-04-17T10:10:33Z,detector_conf=0.563; detector_faction=tyranids; title: 'dark eldar trueborn'; artist: 'Shi Vral'; multi-box
data/crops/cmon/339816/00_08.jpg,cmon,cmon:339816,cmon:339816,0,drukhari,,weak_regex:faction_kw,0.6500,,,2026-04-17T10:10:33Z,detector_conf=0.513; detector_faction=tyranids; title: 'dark eldar trueborn'; artist: 'Shi Vral'; multi-box
data/crops/cmon/339816/00_09.jpg,cmon,cmon:339816,cmon:339816,0,drukhari,,weak_regex:faction_kw,0.6500,,,2026-04-17T10:10:33Z,detector_conf=0.497; detector_faction=tyranids; title: 'dark eldar trueborn'; artist: 'Shi Vral'; multi-box
data/crops/cmon/339816/00_10.jpg,cmon,cmon:339816,cmon:339816,0,drukhari,,weak_regex:faction_kw,0.6500,,,2026-04-17T10:10:33Z,detector_conf=0.493; detector_faction=tyranids; title: 'dark eldar trueborn'; artist: 'Shi Vral'; multi-box
data/crops/cmon/339816/00_11.jpg,cmon,cmon:339816,cmon:339816,0,drukhari,,weak_regex:faction_kw,0.6500,,,2026-04-17T10:10:33Z,detector_conf=0.489; detector_faction=tyranids; title: 'dark eldar trueborn'; artist: 'Shi Vral'; multi-box
data/crops/cmon/339816/00_12.jpg,cmon,cmon:339816,cmon:339816,0,drukhari,,weak_regex:faction_kw,0.6500,,,2026-04-17T10:10:33Z,detector_conf=0.432; detector_faction=orks; title: 'dark eldar trueborn'; artist: 'Shi Vral'; multi-box
data/crops/cmon/339816/00_13.jpg,cmon,cmon:339816,cmon:339816,0,drukhari,,weak_regex:faction_kw,0.6500,,,2026-04-17T10:10:33Z,detector_conf=0.375; detector_faction=tyranids; title: 'dark eldar trueborn'; artist: 'Shi Vral'; multi-box
data/crops/cmon/339816/00_14.jpg,cmon,cmon:339816,cmon:339816,0,drukhari,,weak_regex:faction_kw,0.6500,,,2026-04-17T10:10:33Z,detector_conf=0.356; detector_faction=tyranids; title: 'dark eldar trueborn'; artist: 'Shi Vral'; multi-box
data/crops/cmon/339816/00_15.jpg,cmon,cmon:339816,cmon:339816,0,drukhari,,weak_regex:faction_kw,0.6500,,,2026-04-17T10:10:33Z,detector_conf=0.346; detector_faction=orks; title: 'dark eldar trueborn'; artist: 'Shi Vral'; multi-box
data/crops/cmon/339816/00_16.jpg,cmon,cmon:339816,cmon:339816,0,drukhari,,weak_regex:faction_kw,0.6500,,,2026-04-17T10:10:33Z,detector_conf=0.323; detector_faction=tyranids; title: 'dark eldar trueborn'; artist: 'Shi Vral'; multi-box
data/crops/cmon/339816/00_17.jpg,cmon,cmon:339816,cmon:339816,0,drukhari,,weak_regex:faction_kw,0.6500,,,2026-04-17T10:10:33Z,detector_conf=0.320; detector_faction=eldar; title: 'dark eldar trueborn'; artist: 'Shi Vral'; multi-box
data/crops/cmon/339816/00_18.jpg,cmon,cmon:339816,cmon:339816,0,drukhari,,weak_regex:faction_kw,0.6500,,,2026-04-17T10:10:33Z,detector_conf=0.293; detector_faction=tyranids; title: 'dark eldar trueborn'; artist: 'Shi Vral'; multi-box
data/crops/cmon/339816/00_19.jpg,cmon,cmon:339816,cmon:339816,0,drukhari,,weak_regex:faction_kw,0.6500,,,2026-04-17T10:10:33Z,detector_conf=0.286; detector_faction=imperial_guard; title: 'dark eldar trueborn'; artist: 'Shi Vral'; multi-box
data/crops/cmon/339816/00_20.jpg,cmon,cmon:339816,cmon:339816,0,drukhari,,weak_regex:faction_kw,0.6500,,,2026-04-17T10:10:33Z,detector_conf=0.278; detector_faction=eldar; title: 'dark eldar trueborn'; artist: 'Shi Vral'; multi-box
data/crops/cmon/339816/00_21.jpg,cmon,cmon:339816,cmon:339816,0,drukhari,,weak_regex:faction_kw,0.6500,,,2026-04-17T10:10:33Z,detector_conf=0.277; detector_faction=tyranids; title: 'dark eldar trueborn'; artist: 'Shi Vral'; multi-box
data/crops/cmon/339816/00_22.jpg,cmon,cmon:339816,cmon:339816,0,drukhari,,weak_regex:faction_kw,0.6500,,,2026-04-17T10:10:33Z,detector_conf=0.276; detector_faction=eldar; title: 'dark eldar trueborn'; artist: 'Shi Vral'; multi-box
data/crops/cmon/340221/00_00.jpg,cmon,cmon:340221,cmon:340221,0,drukhari,,weak_regex:faction_kw,0.6500,,,2026-04-17T10:10:34Z,detector_conf=0.900; detector_faction=tyranids; title: 'dark eldar hekatrix bloodbrides'; artist: 'Shi Vral'; multi-box; flag:title_detector_conflict
data/crops/cmon/340221/00_01.jpg,cmon,cmon:340221,cmon:340221,0,drukhari,,weak_regex:faction_kw,0.6500,,,2026-04-17T10:10:34Z,detector_conf=0.719; detector_faction=tyranids; title: 'dark eldar hekatrix bloodbrides'; artist: 'Shi Vral'; multi-box; flag:title_detector_conflict
data/crops/cmon/340221/00_02.jpg,cmon,cmon:340221,cmon:340221,0,drukhari,,weak_regex:faction_kw,0.6500,,,2026-04-17T10:10:34Z,detector_conf=0.705; detector_faction=tyranids; title: 'dark eldar hekatrix bloodbrides'; artist: 'Shi Vral'; multi-box; flag:title_detector_conflict
data/crops/cmon/340221/00_03.jpg,cmon,cmon:340221,cmon:340221,0,drukhari,,weak_regex:faction_kw,0.6500,,,2026-04-17T10:10:34Z,detector_conf=0.669; detector_faction=tyranids; title: 'dark eldar hekatrix bloodbrides'; artist: 'Shi Vral'; multi-box; flag:title_detector_conflict
data/crops/cmon/340221/00_04.jpg,cmon,cmon:340221,cmon:340221,0,drukhari,,weak_regex:faction_kw,0.6500,,,2026-04-17T10:10:34Z,detector_conf=0.636; detector_faction=tyranids; title: 'dark eldar hekatrix bloodbrides'; artist: 'Shi Vral'; multi-box; flag:title_detector_conflict
data/crops/cmon/340221/00_05.jpg,cmon,cmon:340221,cmon:340221,0,drukhari,,weak_regex:faction_kw,0.6500,,,2026-04-17T10:10:34Z,detector_conf=0.583; detector_faction=tyranids; title: 'dark eldar hekatrix bloodbrides'; artist: 'Shi Vral'; multi-box
data/crops/cmon/340221/00_06.jpg,cmon,cmon:340221,cmon:340221,0,drukhari,,weak_regex:faction_kw,0.6500,,,2026-04-17T10:10:34Z,detector_conf=0.574; detector_faction=tyranids; title: 'dark eldar hekatrix bloodbrides'; artist: 'Shi Vral'; multi-box
data/crops/cmon/340221/00_07.jpg,cmon,cmon:340221,cmon:340221,0,drukhari,,weak_regex:faction_kw,0.6500,,,2026-04-17T10:10:34Z,detector_conf=0.521; detector_faction=tyranids; title: 'dark eldar hekatrix bloodbrides'; artist: 'Shi Vral'; multi-box
data/crops/cmon/340221/00_08.jpg,cmon,cmon:340221,cmon:340221,0,drukhari,,weak_regex:faction_kw,0.6500,,,2026-04-17T10:10:34Z,detector_conf=0.434; detector_faction=tyranids; title: 'dark eldar hekatrix bloodbrides'; artist: 'Shi Vral'; multi-box
data/crops/cmon/340221/00_09.jpg,cmon,cmon:340221,cmon:340221,0,drukhari,,weak_regex:faction_kw,0.6500,,,2026-04-17T10:10:34Z,detector_conf=0.420; detector_faction=tyranids; title: 'dark eldar hekatrix bloodbrides'; artist: 'Shi Vral'; multi-box
data/crops/cmon/340221/00_10.jpg,cmon,cmon:340221,cmon:340221,0,drukhari,,weak_regex:faction_kw,0.6500,,,2026-04-17T10:10:34Z,detector_conf=0.378; detector_faction=tyranids; title: 'dark eldar hekatrix bloodbrides'; artist: 'Shi Vral'; multi-box
data/crops/cmon/340221/00_11.jpg,cmon,cmon:340221,cmon:340221,0,drukhari,,weak_regex:faction_kw,0.6500,,,2026-04-17T10:10:34Z,detector_conf=0.315; detector_faction=tyranids; title: 'dark eldar hekatrix bloodbrides'; artist: 'Shi Vral'; multi-box
data/crops/cmon/340221/00_12.jpg,cmon,cmon:340221,cmon:340221,0,drukhari,,weak_regex:faction_kw,0.6500,,,2026-04-17T10:10:34Z,detector_conf=0.313; detector_faction=orks; title: 'dark eldar hekatrix bloodbrides'; artist: 'Shi Vral'; multi-box
data/crops/cmon/340221/00_13.jpg,cmon,cmon:340221,cmon:340221,0,drukhari,,weak_regex:faction_kw,0.6500,,,2026-04-17T10:10:34Z,detector_conf=0.305; detector_faction=tyranids; title: 'dark eldar hekatrix bloodbrides'; artist: 'Shi Vral'; multi-box
data/crops/cmon/340221/00_14.jpg,cmon,cmon:340221,cmon:340221,0,drukhari,,weak_regex:faction_kw,0.6500,,,2026-04-17T10:10:34Z,detector_conf=0.271; detector_faction=orks; title: 'dark eldar hekatrix bloodbrides'; artist: 'Shi Vral'; multi-box
data/crops/cmon/342615/00_00.jpg,cmon,cmon:342615,cmon:342615,0,drukhari,archon,weak_regex:unit_kw,0.8000,,,2026-04-17T10:10:35Z,detector_conf=0.928; detector_faction=tyranids; title: 'dark eldar archon'; artist: 'Shi Vral'; multi-box; flag:title_detector_conflict
data/crops/cmon/342615/00_01.jpg,cmon,cmon:342615,cmon:342615,0,drukhari,archon,weak_regex:unit_kw,0.8000,,,2026-04-17T10:10:35Z,detector_conf=0.923; detector_faction=tyranids; title: 'dark eldar archon'; artist: 'Shi Vral'; multi-box; flag:title_detector_conflict
data/crops/cmon/342615/00_02.jpg,cmon,cmon:342615,cmon:342615,0,drukhari,archon,weak_regex:unit_kw,0.8000,,,2026-04-17T10:10:35Z,detector_conf=0.887; detector_faction=tyranids; title: 'dark eldar archon'; artist: 'Shi Vral'; multi-box; flag:title_detector_conflict
data/crops/cmon/342615/00_03.jpg,cmon,cmon:342615,cmon:342615,0,drukhari,archon,weak_regex:unit_kw,0.8000,,,2026-04-17T10:10:35Z,detector_conf=0.827; detector_faction=tyranids; title: 'dark eldar archon'; artist: 'Shi Vral'; multi-box; flag:title_detector_conflict
data/crops/cmon/342615/00_04.jpg,cmon,cmon:342615,cmon:342615,0,drukhari,archon,weak_regex:unit_kw,0.8000,,,2026-04-17T10:10:35Z,detector_conf=0.723; detector_faction=tyranids; title: 'dark eldar archon'; artist: 'Shi Vral'; multi-box; flag:title_detector_conflict
data/crops/cmon/342615/00_05.jpg,cmon,cmon:342615,cmon:342615,0,drukhari,archon,weak_regex:unit_kw,0.8000,,,2026-04-17T10:10:35Z,detector_conf=0.689; detector_faction=tyranids; title: 'dark eldar archon'; artist: 'Shi Vral'; multi-box; flag:title_detector_conflict
data/crops/cmon/346321/00_00.jpg,cmon,cmon:346321,cmon:346321,0,drukhari,,weak_regex:faction_kw,0.6500,,,2026-04-17T10:10:36Z,detector_conf=0.914; detector_faction=tyranids; title: 'Dark eldar women army wave 2 (2013)'; artist: 'Shi Vral'; multi-box; flag:title_detector_conflict
data/crops/cmon/346321/00_01.jpg,cmon,cmon:346321,cmon:346321,0,drukhari,,weak_regex:faction_kw,0.6500,,,2026-04-17T10:10:36Z,detector_conf=0.908; detector_faction=tyranids; title: 'Dark eldar women army wave 2 (2013)'; artist: 'Shi Vral'; multi-box; flag:title_detector_conflict
data/crops/cmon/346321/00_02.jpg,cmon,cmon:346321,cmon:346321,0,drukhari,,weak_regex:faction_kw,0.6500,,,2026-04-17T10:10:36Z,detector_conf=0.844; detector_faction=tyranids; title: 'Dark eldar women army wave 2 (2013)'; artist: 'Shi Vral'; multi-box; flag:title_detector_conflict
data/crops/cmon/346321/00_03.jpg,cmon,cmon:346321,cmon:346321,0,drukhari,,weak_regex:faction_kw,0.6500,,,2026-04-17T10:10:36Z,detector_conf=0.479; detector_faction=tyranids; title: 'Dark eldar women army wave 2 (2013)'; artist: 'Shi Vral'; multi-box
data/crops/cmon/346321/00_04.jpg,cmon,cmon:346321,cmon:346321,0,drukhari,,weak_regex:faction_kw,0.6500,,,2026-04-17T10:10:36Z,detector_conf=0.474; detector_faction=tyranids; title: 'Dark eldar women army wave 2 (2013)'; artist: 'Shi Vral'; multi-box
data/crops/cmon/346321/00_05.jpg,cmon,cmon:346321,cmon:346321,0,drukhari,,weak_regex:faction_kw,0.6500,,,2026-04-17T10:10:36Z,detector_conf=0.459; detector_faction=tyranids; title: 'Dark eldar women army wave 2 (2013)'; artist: 'Shi Vral'; multi-box
data/crops/cmon/346321/00_06.jpg,cmon,cmon:346321,cmon:346321,0,drukhari,,weak_regex:faction_kw,0.6500,,,2026-04-17T10:10:36Z,detector_conf=0.457; detector_faction=tyranids; title: 'Dark eldar women army wave 2 (2013)'; artist: 'Shi Vral'; multi-box
data/crops/cmon/346321/00_07.jpg,cmon,cmon:346321,cmon:346321,0,drukhari,,weak_regex:faction_kw,0.6500,,,2026-04-17T10:10:36Z,detector_conf=0.455; detector_faction=tyranids; title: 'Dark eldar women army wave 2 (2013)'; artist: 'Shi Vral'; multi-box
data/crops/cmon/346321/00_08.jpg,cmon,cmon:346321,cmon:346321,0,drukhari,,weak_regex:faction_kw,0.6500,,,2026-04-17T10:10:36Z,detector_conf=0.450; detector_faction=tyranids; title: 'Dark eldar women army wave 2 (2013)'; artist: 'Shi Vral'; multi-box
data/crops/cmon/346321/00_09.jpg,cmon,cmon:346321,cmon:346321,0,drukhari,,weak_regex:faction_kw,0.6500,,,2026-04-17T10:10:36Z,detector_conf=0.435; detector_faction=tyranids; title: 'Dark eldar women army wave 2 (2013)'; artist: 'Shi Vral'; multi-box
data/crops/cmon/346321/00_10.jpg,cmon,cmon:346321,cmon:346321,0,drukhari,,weak_regex:faction_kw,0.6500,,,2026-04-17T10:10:36Z,detector_conf=0.429; detector_faction=eldar; title: 'Dark eldar women army wave 2 (2013)'; artist: 'Shi Vral'; multi-box
data/crops/cmon/346321/00_11.jpg,cmon,cmon:346321,cmon:346321,0,drukhari,,weak_regex:faction_kw,0.6500,,,2026-04-17T10:10:36Z,detector_conf=0.419; detector_faction=tyranids; title: 'Dark eldar women army wave 2 (2013)'; artist: 'Shi Vral'; multi-box
data/crops/cmon/346321/00_12.jpg,cmon,cmon:346321,cmon:346321,0,drukhari,,weak_regex:faction_kw,0.6500,,,2026-04-17T10:10:36Z,detector_conf=0.409; detector_faction=tyranids; title: 'Dark eldar women army wave 2 (2013)'; artist: 'Shi Vral'; multi-box
data/crops/cmon/346321/00_13.jpg,cmon,cmon:346321,cmon:346321,0,drukhari,,weak_regex:faction_kw,0.6500,,,2026-04-17T10:10:36Z,detector_conf=0.409; detector_faction=imperial_guard; title: 'Dark eldar women army wave 2 (2013)'; artist: 'Shi Vral'; multi-box
data/crops/cmon/346321/00_14.jpg,cmon,cmon:346321,cmon:346321,0,drukhari,,weak_regex:faction_kw,0.6500,,,2026-04-17T10:10:36Z,detector_conf=0.400; detector_faction=tyranids; title: 'Dark eldar women army wave 2 (2013)'; artist: 'Shi Vral'; multi-box
data/crops/cmon/346321/00_15.jpg,cmon,cmon:346321,cmon:346321,0,drukhari,,weak_regex:faction_kw,0.6500,,,2026-04-17T10:10:36Z,detector_conf=0.394; detector_faction=tyranids; title: 'Dark eldar women army wave 2 (2013)'; artist: 'Shi Vral'; multi-box
data/crops/cmon/346321/00_16.jpg,cmon,cmon:346321,cmon:346321,0,drukhari,,weak_regex:faction_kw,0.6500,,,2026-04-17T10:10:36Z,detector_conf=0.390; detector_faction=tyranids; title: 'Dark eldar women army wave 2 (2013)'; artist: 'Shi Vral'; multi-box
data/crops/cmon/346321/00_17.jpg,cmon,cmon:346321,cmon:346321,0,drukhari,,weak_regex:faction_kw,0.6500,,,2026-04-17T10:10:36Z,detector_conf=0.385; detector_faction=tyranids; title: 'Dark eldar women army wave 2 (2013)'; artist: 'Shi Vral'; multi-box
data/crops/cmon/346321/00_18.jpg,cmon,cmon:346321,cmon:346321,0,drukhari,,weak_regex:faction_kw,0.6500,,,2026-04-17T10:10:36Z,detector_conf=0.380; detector_faction=tyranids; title: 'Dark eldar women army wave 2 (2013)'; artist: 'Shi Vral'; multi-box
data/crops/cmon/346321/00_19.jpg,cmon,cmon:346321,cmon:346321,0,drukhari,,weak_regex:faction_kw,0.6500,,,2026-04-17T10:10:36Z,detector_conf=0.368; detector_faction=tyranids; title: 'Dark eldar women army wave 2 (2013)'; artist: 'Shi Vral'; multi-box
data/crops/cmon/346321/00_20.jpg,cmon,cmon:346321,cmon:346321,0,drukhari,,weak_regex:faction_kw,0.6500,,,2026-04-17T10:10:36Z,detector_conf=0.364; detector_faction=tyranids; title: 'Dark eldar women army wave 2 (2013)'; artist: 'Shi Vral'; multi-box
data/crops/cmon/346321/00_21.jpg,cmon,cmon:346321,cmon:346321,0,drukhari,,weak_regex:faction_kw,0.6500,,,2026-04-17T10:10:36Z,detector_conf=0.362; detector_faction=tyranids; title: 'Dark eldar women army wave 2 (2013)'; artist: 'Shi Vral'; multi-box
data/crops/cmon/346321/00_22.jpg,cmon,cmon:346321,cmon:346321,0,drukhari,,weak_regex:faction_kw,0.6500,,,2026-04-17T10:10:36Z,detector_conf=0.357; detector_faction=tyranids; title: 'Dark eldar women army wave 2 (2013)'; artist: 'Shi Vral'; multi-box
data/crops/cmon/346321/00_23.jpg,cmon,cmon:346321,cmon:346321,0,drukhari,,weak_regex:faction_kw,0.6500,,,2026-04-17T10:10:36Z,detector_conf=0.354; detector_faction=tyranids; title: 'Dark eldar women army wave 2 (2013)'; artist: 'Shi Vral'; multi-box
data/crops/cmon/346321/00_24.jpg,cmon,cmon:346321,cmon:346321,0,drukhari,,weak_regex:faction_kw,0.6500,,,2026-04-17T10:10:36Z,detector_conf=0.349; detector_faction=tyranids; title: 'Dark eldar women army wave 2 (2013)'; artist: 'Shi Vral'; multi-box
data/crops/cmon/346321/00_25.jpg,cmon,cmon:346321,cmon:346321,0,drukhari,,weak_regex:faction_kw,0.6500,,,2026-04-17T10:10:36Z,detector_conf=0.349; detector_faction=tyranids; title: 'Dark eldar women army wave 2 (2013)'; artist: 'Shi Vral'; multi-box
data/crops/cmon/346321/00_26.jpg,cmon,cmon:346321,cmon:346321,0,drukhari,,weak_regex:faction_kw,0.6500,,,2026-04-17T10:10:36Z,detector_conf=0.346; detector_faction=imperial_guard; title: 'Dark eldar women army wave 2 (2013)'; artist: 'Shi Vral'; multi-box
data/crops/cmon/346321/00_27.jpg,cmon,cmon:346321,cmon:346321,0,drukhari,,weak_regex:faction_kw,0.6500,,,2026-04-17T10:10:36Z,detector_conf=0.339; detector_faction=tyranids; title: 'Dark eldar women army wave 2 (2013)'; artist: 'Shi Vral'; multi-box
data/crops/cmon/346321/00_28.jpg,cmon,cmon:346321,cmon:346321,0,drukhari,,weak_regex:faction_kw,0.6500,,,2026-04-17T10:10:36Z,detector_conf=0.334; detector_faction=tyranids; title: 'Dark eldar women army wave 2 (2013)'; artist: 'Shi Vral'; multi-box
data/crops/cmon/346321/00_29.jpg,cmon,cmon:346321,cmon:346321,0,drukhari,,weak_regex:faction_kw,0.6500,,,2026-04-17T10:10:36Z,detector_conf=0.327; detector_faction=tyranids; title: 'Dark eldar women army wave 2 (2013)'; artist: 'Shi Vral'; multi-box
data/crops/cmon/346321/00_30.jpg,cmon,cmon:346321,cmon:346321,0,drukhari,,weak_regex:faction_kw,0.6500,,,2026-04-17T10:10:36Z,detector_conf=0.325; detector_faction=imperial_guard; title: 'Dark eldar women army wave 2 (2013)'; artist: 'Shi Vral'; multi-box
data/crops/cmon/346321/00_31.jpg,cmon,cmon:346321,cmon:346321,0,drukhari,,weak_regex:faction_kw,0.6500,,,2026-04-17T10:10:36Z,detector_conf=0.322; detector_faction=tyranids; title: 'Dark eldar women army wave 2 (2013)'; artist: 'Shi Vral'; multi-box
data/crops/cmon/346321/00_32.jpg,cmon,cmon:346321,cmon:346321,0,drukhari,,weak_regex:faction_kw,0.6500,,,2026-04-17T10:10:36Z,detector_conf=0.318; detector_faction=tyranids; title: 'Dark eldar women army wave 2 (2013)'; artist: 'Shi Vral'; multi-box
data/crops/cmon/346321/00_33.jpg,cmon,cmon:346321,cmon:346321,0,drukhari,,weak_regex:faction_kw,0.6500,,,2026-04-17T10:10:36Z,detector_conf=0.318; detector_faction=tyranids; title: 'Dark eldar women army wave 2 (2013)'; artist: 'Shi Vral'; multi-box
data/crops/cmon/346321/00_34.jpg,cmon,cmon:346321,cmon:346321,0,drukhari,,weak_regex:faction_kw,0.6500,,,2026-04-17T10:10:36Z,detector_conf=0.314; detector_faction=tyranids; title: 'Dark eldar women army wave 2 (2013)'; artist: 'Shi Vral'; multi-box
data/crops/cmon/346321/00_35.jpg,cmon,cmon:346321,cmon:346321,0,drukhari,,weak_regex:faction_kw,0.6500,,,2026-04-17T10:10:36Z,detector_conf=0.311; detector_faction=tyranids; title: 'Dark eldar women army wave 2 (2013)'; artist: 'Shi Vral'; multi-box
data/crops/cmon/346321/00_36.jpg,cmon,cmon:346321,cmon:346321,0,drukhari,,weak_regex:faction_kw,0.6500,,,2026-04-17T10:10:36Z,detector_conf=0.308; detector_faction=tyranids; title: 'Dark eldar women army wave 2 (2013)'; artist: 'Shi Vral'; multi-box
data/crops/cmon/346321/00_37.jpg,cmon,cmon:346321,cmon:346321,0,drukhari,,weak_regex:faction_kw,0.6500,,,2026-04-17T10:10:36Z,detector_conf=0.306; detector_faction=tyranids; title: 'Dark eldar women army wave 2 (2013)'; artist: 'Shi Vral'; multi-box
data/crops/cmon/346321/00_38.jpg,cmon,cmon:346321,cmon:346321,0,drukhari,,weak_regex:faction_kw,0.6500,,,2026-04-17T10:10:36Z,detector_conf=0.305; detector_faction=tyranids; title: 'Dark eldar women army wave 2 (2013)'; artist: 'Shi Vral'; multi-box
data/crops/cmon/346321/00_39.jpg,cmon,cmon:346321,cmon:346321,0,drukhari,,weak_regex:faction_kw,0.6500,,,2026-04-17T10:10:36Z,detector_conf=0.288; detector_faction=imperial_guard; title: 'Dark eldar women army wave 2 (2013)'; artist: 'Shi Vral'; multi-box
data/crops/cmon/346321/00_40.jpg,cmon,cmon:346321,cmon:346321,0,drukhari,,weak_regex:faction_kw,0.6500,,,2026-04-17T10:10:36Z,detector_conf=0.286; detector_faction=tyranids; title: 'Dark eldar women army wave 2 (2013)'; artist: 'Shi Vral'; multi-box
data/crops/cmon/346321/00_41.jpg,cmon,cmon:346321,cmon:346321,0,drukhari,,weak_regex:faction_kw,0.6500,,,2026-04-17T10:10:36Z,detector_conf=0.284; detector_faction=tyranids; title: 'Dark eldar women army wave 2 (2013)'; artist: 'Shi Vral'; multi-box
data/crops/cmon/346321/00_42.jpg,cmon,cmon:346321,cmon:346321,0,drukhari,,weak_regex:faction_kw,0.6500,,,2026-04-17T10:10:36Z,detector_conf=0.280; detector_faction=tyranids; title: 'Dark eldar women army wave 2 (2013)'; artist: 'Shi Vral'; multi-box
data/crops/cmon/346321/00_43.jpg,cmon,cmon:346321,cmon:346321,0,drukhari,,weak_regex:faction_kw,0.6500,,,2026-04-17T10:10:36Z,detector_conf=0.278; detector_faction=tyranids; title: 'Dark eldar women army wave 2 (2013)'; artist: 'Shi Vral'; multi-box
data/crops/cmon/346321/00_44.jpg,cmon,cmon:346321,cmon:346321,0,drukhari,,weak_regex:faction_kw,0.6500,,,2026-04-17T10:10:36Z,detector_conf=0.275; detector_faction=tyranids; title: 'Dark eldar women army wave 2 (2013)'; artist: 'Shi Vral'; multi-box
data/crops/cmon/346321/00_45.jpg,cmon,cmon:346321,cmon:346321,0,drukhari,,weak_regex:faction_kw,0.6500,,,2026-04-17T10:10:36Z,detector_conf=0.266; detector_faction=eldar; title: 'Dark eldar women army wave 2 (2013)'; artist: 'Shi Vral'; multi-box
data/crops/cmon/346321/00_46.jpg,cmon,cmon:346321,cmon:346321,0,drukhari,,weak_regex:faction_kw,0.6500,,,2026-04-17T10:10:36Z,detector_conf=0.255; detector_faction=tyranids; title: 'Dark eldar women army wave 2 (2013)'; artist: 'Shi Vral'; multi-box
data/crops/cmon/346323/00_00.jpg,cmon,cmon:346323,cmon:346323,0,drukhari,lelith_hesperax,weak_regex:char_table,0.9000,,,2026-04-17T10:10:38Z,detector_conf=0.679; detector_faction=tyranids; title: 'dark eldar succubus - Lelith Hesperax'; artist: 'Shi Vral'; multi-box; flag:title_detector_conflict
data/crops/cmon/346323/00_01.jpg,cmon,cmon:346323,cmon:346323,0,drukhari,lelith_hesperax,weak_regex:char_table,0.9000,,,2026-04-17T10:10:38Z,detector_conf=0.613; detector_faction=tyranids; title: 'dark eldar succubus - Lelith Hesperax'; artist: 'Shi Vral'; multi-box; flag:title_detector_conflict
data/crops/cmon/346323/00_02.jpg,cmon,cmon:346323,cmon:346323,0,drukhari,lelith_hesperax,weak_regex:char_table,0.9000,,,2026-04-17T10:10:38Z,detector_conf=0.586; detector_faction=orks; title: 'dark eldar succubus - Lelith Hesperax'; artist: 'Shi Vral'; multi-box
data/crops/cmon/346323/00_03.jpg,cmon,cmon:346323,cmon:346323,0,drukhari,lelith_hesperax,weak_regex:char_table,0.9000,,,2026-04-17T10:10:38Z,detector_conf=0.490; detector_faction=orks; title: 'dark eldar succubus - Lelith Hesperax'; artist: 'Shi Vral'; multi-box
data/crops/cmon/346323/00_04.jpg,cmon,cmon:346323,cmon:346323,0,drukhari,lelith_hesperax,weak_regex:char_table,0.9000,,,2026-04-17T10:10:38Z,detector_conf=0.406; detector_faction=tyranids; title: 'dark eldar succubus - Lelith Hesperax'; artist: 'Shi Vral'; multi-box
data/crops/cmon/346323/00_05.jpg,cmon,cmon:346323,cmon:346323,0,drukhari,lelith_hesperax,weak_regex:char_table,0.9000,,,2026-04-17T10:10:38Z,detector_conf=0.347; detector_faction=orks; title: 'dark eldar succubus - Lelith Hesperax'; artist: 'Shi Vral'; multi-box
data/crops/cmon/346323/00_06.jpg,cmon,cmon:346323,cmon:346323,0,drukhari,lelith_hesperax,weak_regex:char_table,0.9000,,,2026-04-17T10:10:38Z,detector_conf=0.341; detector_faction=tyranids; title: 'dark eldar succubus - Lelith Hesperax'; artist: 'Shi Vral'; multi-box
data/crops/cmon/346323/00_07.jpg,cmon,cmon:346323,cmon:346323,0,drukhari,lelith_hesperax,weak_regex:char_table,0.9000,,,2026-04-17T10:10:38Z,detector_conf=0.310; detector_faction=tyranids; title: 'dark eldar succubus - Lelith Hesperax'; artist: 'Shi Vral'; multi-box
data/crops/cmon/451842/00_00.jpg,cmon,cmon:451842,cmon:451842,0,drukhari,,weak_regex:faction_kw,0.6500,,,2026-04-17T10:10:38Z,detector_conf=0.869; detector_faction=tyranids; title: 'Dark eldar master of blades - Drazhel'; artist: 'Shi Vral'; multi-box; flag:title_detector_conflict
data/crops/cmon/451842/00_01.jpg,cmon,cmon:451842,cmon:451842,0,drukhari,,weak_regex:faction_kw,0.6500,,,2026-04-17T10:10:38Z,detector_conf=0.842; detector_faction=tyranids; title: 'Dark eldar master of blades - Drazhel'; artist: 'Shi Vral'; multi-box; flag:title_detector_conflict
data/crops/cmon/451842/00_02.jpg,cmon,cmon:451842,cmon:451842,0,drukhari,,weak_regex:faction_kw,0.6500,,,2026-04-17T10:10:38Z,detector_conf=0.841; detector_faction=tyranids; title: 'Dark eldar master of blades - Drazhel'; artist: 'Shi Vral'; multi-box; flag:title_detector_conflict
data/crops/cmon/451842/00_03.jpg,cmon,cmon:451842,cmon:451842,0,drukhari,,weak_regex:faction_kw,0.6500,,,2026-04-17T10:10:38Z,detector_conf=0.821; detector_faction=tyranids; title: 'Dark eldar master of blades - Drazhel'; artist: 'Shi Vral'; multi-box; flag:title_detector_conflict
data/crops/cmon/451842/00_04.jpg,cmon,cmon:451842,cmon:451842,0,drukhari,,weak_regex:faction_kw,0.6500,,,2026-04-17T10:10:38Z,detector_conf=0.812; detector_faction=tyranids; title: 'Dark eldar master of blades - Drazhel'; artist: 'Shi Vral'; multi-box; flag:title_detector_conflict
data/crops/cmon/451842/00_05.jpg,cmon,cmon:451842,cmon:451842,0,drukhari,,weak_regex:faction_kw,0.6500,,,2026-04-17T10:10:38Z,detector_conf=0.396; detector_faction=tyranids; title: 'Dark eldar master of blades - Drazhel'; artist: 'Shi Vral'; multi-box
data/crops/cmon/455256/00_00.jpg,cmon,cmon:455256,cmon:455256,0,drukhari,lady_malys,weak_regex:char_table,0.9000,,,2026-04-17T10:10:39Z,detector_conf=0.932; detector_faction=tyranids; title: 'Dark eldar archon - Lady Aurelia Malys'; artist: 'Shi Vral'; multi-box; flag:title_detector_conflict
data/crops/cmon/455256/00_01.jpg,cmon,cmon:455256,cmon:455256,0,drukhari,lady_malys,weak_regex:char_table,0.9000,,,2026-04-17T10:10:39Z,detector_conf=0.842; detector_faction=tyranids; title: 'Dark eldar archon - Lady Aurelia Malys'; artist: 'Shi Vral'; multi-box; flag:title_detector_conflict
data/crops/cmon/455256/00_02.jpg,cmon,cmon:455256,cmon:455256,0,drukhari,lady_malys,weak_regex:char_table,0.9000,,,2026-04-17T10:10:39Z,detector_conf=0.797; detector_faction=tyranids; title: 'Dark eldar archon - Lady Aurelia Malys'; artist: 'Shi Vral'; multi-box; flag:title_detector_conflict
data/crops/cmon/455256/00_03.jpg,cmon,cmon:455256,cmon:455256,0,drukhari,lady_malys,weak_regex:char_table,0.9000,,,2026-04-17T10:10:39Z,detector_conf=0.735; detector_faction=tyranids; title: 'Dark eldar archon - Lady Aurelia Malys'; artist: 'Shi Vral'; multi-box; flag:title_detector_conflict
data/crops/cmon/455256/00_04.jpg,cmon,cmon:455256,cmon:455256,0,drukhari,lady_malys,weak_regex:char_table,0.9000,,,2026-04-17T10:10:39Z,detector_conf=0.495; detector_faction=tyranids; title: 'Dark eldar archon - Lady Aurelia Malys'; artist: 'Shi Vral'; multi-box
data/crops/cmon/455256/00_05.jpg,cmon,cmon:455256,cmon:455256,0,drukhari,lady_malys,weak_regex:char_table,0.9000,,,2026-04-17T10:10:39Z,detector_conf=0.430; detector_faction=tyranids; title: 'Dark eldar archon - Lady Aurelia Malys'; artist: 'Shi Vral'; multi-box
data/crops/cmon/455256/00_06.jpg,cmon,cmon:455256,cmon:455256,0,drukhari,lady_malys,weak_regex:char_table,0.9000,,,2026-04-17T10:10:39Z,detector_conf=0.287; detector_faction=tyranids; title: 'Dark eldar archon - Lady Aurelia Malys'; artist: 'Shi Vral'; multi-box
data/crops/cmon/461589/00_00.jpg,cmon,cmon:461589,cmon:461589,0,chaos_space_marines,lord_of_contagion,weak_regex:char_table,0.9000,,,2026-04-17T10:10:41Z,detector_conf=0.788; detector_faction=orks; title: 'Lord of contagion'; artist: 'RAFF'; flag:title_detector_conflict
data/crops/cmon/466631/00_00.jpg,cmon,cmon:466631,cmon:466631,0,orks,,weak_regex:faction_kw,0.6500,,,2026-04-17T10:10:42Z,detector_conf=0.407; detector_faction=chaos_knights; title: 'Orks MekBoss'; artist: 'AzhrarnX'
data/crops/cmon/466633/00_00.jpg,cmon,cmon:466633,cmon:466633,0,orks,,weak_regex:faction_kw,0.6500,,,2026-04-17T10:10:43Z,detector_conf=0.344; detector_faction=imperial_guard; title: 'Orks Burna Boy 1'; artist: 'AzhrarnX'
data/crops/cmon/466635/00_00.jpg,cmon,cmon:466635,cmon:466635,0,orks,,weak_regex:faction_kw,0.6500,,,2026-04-17T10:10:46Z,detector_conf=0.773; detector_faction=tyranids; title: 'Orks Burna Boy 2'; artist: 'AzhrarnX'; flag:title_detector_conflict
data/crops/cmon/466636/00_00.jpg,cmon,cmon:466636,cmon:466636,0,orks,,weak_regex:faction_kw,0.6500,,,2026-04-17T10:10:48Z,detector_conf=0.567; detector_faction=chaos_knights; title: 'Orks Burna Boy 3'; artist: 'AzhrarnX'
data/crops/cmon/466637/00_00.jpg,cmon,cmon:466637,cmon:466637,0,orks,,weak_regex:faction_kw,0.6500,,,2026-04-17T10:10:49Z,detector_conf=0.317; detector_faction=chaos_knights; title: 'Orks Burna Boy 4'; artist: 'AzhrarnX'
data/crops/cmon/466638/00_00.jpg,cmon,cmon:466638,cmon:466638,0,,,,,,,2026-04-17T10:10:51Z,"detector_conf=0.461; detector_faction=necrons; title: ""Orks Warboss Volmax's Attack Squigs""; artist: 'AzhrarnX'"
data/crops/cmon/466640/00_00.jpg,cmon,cmon:466640,cmon:466640,0,orks,,weak_regex:faction_kw,0.6500,,,2026-04-17T10:10:52Z,detector_conf=0.298; detector_faction=imperial_guard; title: 'Orks Zap Boy side view'; artist: 'AzhrarnX'
data/crops/cmon/466643/00_00.jpg,cmon,cmon:466643,cmon:466643,0,orks,,weak_regex:faction_kw,0.6500,,,2026-04-17T10:10:53Z,detector_conf=0.361; detector_faction=imperial_guard; title: 'Orks Skater Choppa Boy WIP (Unpainted)'; artist: 'AzhrarnX'
data/crops/cmon/466652/00_00.jpg,cmon,cmon:466652,cmon:466652,0,orks,,human,1.0000,Weston,,2026-04-18T13:05:39Z,"detector_conf=0.579; detector_faction=chaos_knights; title: ""Orks Boss Volmax's Personal Trukk front""; artist: 'AzhrarnX'; multi-box; bbox=37,3,2111,1822; scene=cmon:466652:0; edited_at=2026-04-18T13:05:39Z; flag:audit"
data/crops/cmon/466652/00_01.jpg,cmon,cmon:466652,cmon:466652,0,,,,,,,2026-04-17T10:10:55Z,"detector_conf=0.263; detector_faction=necrons; title: ""Orks Boss Volmax's Personal Trukk front""; artist: 'AzhrarnX'; multi-box"
data/crops/cmon/466653/00_00.jpg,cmon,cmon:466653,cmon:466653,0,orks,,human,1.0000,Weston,,2026-04-18T13:05:53Z,"detector_conf=0.587; detector_faction=chaos_knights; title: ""Orks Boss Volmax's Personal Trukk side2""; artist: 'AzhrarnX'; redrawn_view=0; bbox=37,38,2032,1714; scene=cmon:466653:0; edited_at=2026-04-18T13:05:53Z; flag:audit"
data/crops/cmon/466656/00_00.jpg,cmon,cmon:466656,cmon:466656,0,orks,,weak_regex:faction_kw,0.6500,,,2026-04-17T10:10:59Z,detector_conf=0.734; detector_faction=chaos_knights; title: 'Orks Stormboy Nob with Power Claw'; artist: 'AzhrarnX'; flag:title_detector_conflict
data/crops/cmon/466657/00_00.jpg,cmon,cmon:466657,cmon:466657,0,orks,,weak_regex:faction_kw,0.7000,,,2026-04-17T10:11:00Z,detector_conf=0.875; detector_faction=orks; title: 'Orks Stormboy Mob'; artist: 'AzhrarnX'; multi-box
data/crops/cmon/466657/00_01.jpg,cmon,cmon:466657,cmon:466657,0,orks,,weak_regex:faction_kw,0.6500,,,2026-04-17T10:11:00Z,detector_conf=0.758; detector_faction=death_guard; title: 'Orks Stormboy Mob'; artist: 'AzhrarnX'; multi-box; flag:title_detector_conflict
data/crops/cmon/466657/00_02.jpg,cmon,cmon:466657,cmon:466657,0,orks,,weak_regex:faction_kw,0.7000,,,2026-04-17T10:11:00Z,detector_conf=0.658; detector_faction=orks; title: 'Orks Stormboy Mob'; artist: 'AzhrarnX'; multi-box
data/crops/cmon/466657/00_03.jpg,cmon,cmon:466657,cmon:466657,0,orks,,weak_regex:faction_kw,0.6500,,,2026-04-17T10:11:00Z,detector_conf=0.650; detector_faction=tyranids; title: 'Orks Stormboy Mob'; artist: 'AzhrarnX'; multi-box; flag:title_detector_conflict
data/crops/cmon/466657/00_04.jpg,cmon,cmon:466657,cmon:466657,0,orks,,weak_regex:faction_kw,0.6500,,,2026-04-17T10:11:00Z,detector_conf=0.644; detector_faction=tyranids; title: 'Orks Stormboy Mob'; artist: 'AzhrarnX'; multi-box; flag:title_detector_conflict
data/crops/cmon/466657/00_05.jpg,cmon,cmon:466657,cmon:466657,0,orks,,weak_regex:faction_kw,0.6500,,,2026-04-17T10:11:00Z,detector_conf=0.612; detector_faction=tyranids; title: 'Orks Stormboy Mob'; artist: 'AzhrarnX'; multi-box; flag:title_detector_conflict
data/crops/cmon/466657/00_06.jpg,cmon,cmon:466657,cmon:466657,0,orks,,weak_regex:faction_kw,0.6500,,,2026-04-17T10:11:00Z,detector_conf=0.413; detector_faction=tyranids; title: 'Orks Stormboy Mob'; artist: 'AzhrarnX'; multi-box
data/crops/cmon/466657/00_07.jpg,cmon,cmon:466657,cmon:466657,0,orks,,weak_regex:faction_kw,0.6500,,,2026-04-17T10:11:00Z,detector_conf=0.407; detector_faction=tyranids; title: 'Orks Stormboy Mob'; artist: 'AzhrarnX'; multi-box
data/crops/cmon/466657/00_08.jpg,cmon,cmon:466657,cmon:466657,0,orks,,weak_regex:faction_kw,0.6500,,,2026-04-17T10:11:00Z,detector_conf=0.377; detector_faction=necrons; title: 'Orks Stormboy Mob'; artist: 'AzhrarnX'; multi-box
data/crops/cmon/466657/00_09.jpg,cmon,cmon:466657,cmon:466657,0,orks,,weak_regex:faction_kw,0.6500,,,2026-04-17T10:11:00Z,detector_conf=0.353; detector_faction=chaos_space_marines; title: 'Orks Stormboy Mob'; artist: 'AzhrarnX'; multi-box
data/crops/cmon/466657/00_10.jpg,cmon,cmon:466657,cmon:466657,0,orks,,weak_regex:faction_kw,0.6500,,,2026-04-17T10:11:00Z,detector_conf=0.273; detector_faction=tyranids; title: 'Orks Stormboy Mob'; artist: 'AzhrarnX'; multi-box
data/crops/cmon/466658/00_00.jpg,cmon,cmon:466658,cmon:466658,0,orks,warboss,weak_regex:unit_kw,0.8000,,,2026-04-17T10:11:02Z,detector_conf=0.683; detector_faction=chaos_knights; title: 'Orks Warboss Volmax'; artist: 'AzhrarnX'; multi-box; flag:title_detector_conflict
data/crops/cmon/466658/00_01.jpg,cmon,cmon:466658,cmon:466658,0,orks,warboss,weak_regex:unit_kw,0.8000,,,2026-04-17T10:11:02Z,detector_conf=0.481; detector_faction=tyranids; title: 'Orks Warboss Volmax'; artist: 'AzhrarnX'; multi-box
data/crops/cmon/466659/00_00.jpg,cmon,cmon:466659,cmon:466659,0,orks,,weak_regex:faction_kw,0.6500,,,2026-04-17T10:11:03Z,detector_conf=0.759; detector_faction=chaos_knights; title: 'Orks Zapboy Nob with PowerKlaw'; artist: 'AzhrarnX'; flag:title_detector_conflict
data/crops/cmon/466660/00_00.jpg,cmon,cmon:466660,cmon:466660,0,orks,,weak_regex:faction_kw,0.6500,,,2026-04-17T10:11:05Z,detector_conf=0.374; detector_faction=orks; title: 'Orks Stormboy'; artist: 'AzhrarnX'; multi-box
data/crops/cmon/466660/00_01.jpg,cmon,cmon:466660,cmon:466660,0,orks,,weak_regex:faction_kw,0.6500,,,2026-04-17T10:11:05Z,detector_conf=0.287; detector_faction=chaos_knights; title: 'Orks Stormboy'; artist: 'AzhrarnX'; multi-box
data/crops/cmon/466661/00_00.jpg,cmon,cmon:466661,cmon:466661,0,orks,,weak_regex:faction_kw,0.6500,,,2026-04-17T10:11:07Z,detector_conf=0.759; detector_faction=chaos_knights; title: 'Orks MegaNob 1'; artist: 'AzhrarnX'; flag:title_detector_conflict
data/crops/cmon/466662/00_00.jpg,cmon,cmon:466662,cmon:466662,0,orks,,weak_regex:faction_kw,0.6500,,,2026-04-17T10:11:08Z,detector_conf=0.468; detector_faction=chaos_knights; title: 'Orks Choppa Nob with Big Shoota'; artist: 'AzhrarnX'
data/crops/cmon/466663/00_00.jpg,cmon,cmon:466663,cmon:466663,0,orks,,weak_regex:faction_kw,0.6500,,,2026-04-17T10:11:10Z,detector_conf=0.264; detector_faction=eldar; title: 'Orks Choppa Nob with Banner pole'; artist: 'AzhrarnX'
data/crops/cmon/466664/00_00.jpg,cmon,cmon:466664,cmon:466664,0,adeptus_mechanicus,,weak_regex:detector_only,0.5430,,,2026-04-17T10:11:11Z,detector_conf=0.543; detector_faction=adeptus_mechanicus; title: 'WH40K Astarte Pillar Terrain'; artist: 'AzhrarnX'
data/crops/cmon/466665/00_00.jpg,cmon,cmon:466665,cmon:466665,0,space_marines,terminator_squad,weak_regex:unit_alias,0.8000,,,2026-04-17T10:11:12Z,detector_conf=0.546; detector_faction=chaos_space_marines; title: 'WH40K Terminator Captain Pillar Terrain'; artist: 'AzhrarnX'
data/crops/cmon/466666/00_00.jpg,cmon,cmon:466666,cmon:466666,0,space_marines,,weak_regex:chapter_kw,0.7500,,,2026-04-17T10:11:13Z,detector_conf=0.299; detector_faction=death_guard; title: 'WH40K Black Templar Champion Pillar'; artist: 'AzhrarnX'
data/crops/cmon/466668/00_00.jpg,cmon,cmon:466668,cmon:466668,0,,,,,,,2026-04-17T10:11:15Z,detector_conf=0.360; detector_faction=orks; title: 'WH40K Adeptus Sororita Pillar Terrain'; artist: 'AzhrarnX'; multi-box
data/crops/cmon/466668/00_01.jpg,cmon,cmon:466668,cmon:466668,0,,,,,,,2026-04-17T10:11:15Z,detector_conf=0.299; detector_faction=chaos_space_marines; title: 'WH40K Adeptus Sororita Pillar Terrain'; artist: 'AzhrarnX'; multi-box
data/crops/cmon/471120/00_00.jpg,cmon,cmon:471120,cmon:471120,0,space_marines,,weak_regex:chapter_kw,0.8000,,,2026-04-17T10:11:15Z,detector_conf=0.578; detector_faction=space_marines; title: 'Space Wolves Outriders Primaris'; artist: 'Neo Blackmane'; multi-box
data/crops/cmon/471120/00_01.jpg,cmon,cmon:471120,cmon:471120,0,space_marines,,weak_regex:chapter_kw,0.7500,,,2026-04-17T10:11:15Z,detector_conf=0.397; detector_faction=space_marines; title: 'Space Wolves Outriders Primaris'; artist: 'Neo Blackmane'; multi-box
data/crops/cmon/471120/00_02.jpg,cmon,cmon:471120,cmon:471120,0,space_marines,,weak_regex:chapter_kw,0.7500,,,2026-04-17T10:11:15Z,detector_conf=0.353; detector_faction=imperial_guard; title: 'Space Wolves Outriders Primaris'; artist: 'Neo Blackmane'; multi-box
data/crops/cmon/471120/00_03.jpg,cmon,cmon:471120,cmon:471120,0,space_marines,,weak_regex:chapter_kw,0.7500,,,2026-04-17T10:11:16Z,detector_conf=0.298; detector_faction=chaos_knights; title: 'Space Wolves Outriders Primaris'; artist: 'Neo Blackmane'; multi-box
data/crops/cmon/471120/01_00.jpg,cmon,cmon:471120,cmon:471120,1,space_marines,,weak_regex:chapter_kw,0.8000,,,2026-04-17T10:11:16Z,detector_conf=0.520; detector_faction=space_marines; title: 'Space Wolves Outriders Primaris'; artist: 'Neo Blackmane'; multi-box
data/crops/cmon/471120/01_01.jpg,cmon,cmon:471120,cmon:471120,1,space_marines,,weak_regex:chapter_kw,0.7500,,,2026-04-17T10:11:16Z,detector_conf=0.516; detector_faction=imperial_guard; title: 'Space Wolves Outriders Primaris'; artist: 'Neo Blackmane'; multi-box
data/crops/cmon/471120/01_02.jpg,cmon,cmon:471120,cmon:471120,1,space_marines,,weak_regex:chapter_kw,0.8000,,,2026-04-17T10:11:16Z,detector_conf=0.480; detector_faction=space_marines; title: 'Space Wolves Outriders Primaris'; artist: 'Neo Blackmane'; multi-box
data/crops/cmon/471120/01_03.jpg,cmon,cmon:471120,cmon:471120,1,space_marines,,weak_regex:chapter_kw,0.7500,,,2026-04-17T10:11:16Z,detector_conf=0.341; detector_faction=tyranids; title: 'Space Wolves Outriders Primaris'; artist: 'Neo Blackmane'; multi-box
data/crops/cmon/471120/01_04.jpg,cmon,cmon:471120,cmon:471120,1,space_marines,,weak_regex:chapter_kw,0.7500,,,2026-04-17T10:11:16Z,detector_conf=0.279; detector_faction=imperial_guard; title: 'Space Wolves Outriders Primaris'; artist: 'Neo Blackmane'; multi-box
data/crops/cmon/471120/02_00.jpg,cmon,cmon:471120,cmon:471120,2,space_marines,,weak_regex:chapter_kw,0.7500,,,2026-04-17T10:11:17Z,detector_conf=0.507; detector_faction=necrons; title: 'Space Wolves Outriders Primaris'; artist: 'Neo Blackmane'; multi-box
data/crops/cmon/471120/02_01.jpg,cmon,cmon:471120,cmon:471120,2,space_marines,,weak_regex:chapter_kw,0.7500,,,2026-04-17T10:11:17Z,detector_conf=0.394; detector_faction=necrons; title: 'Space Wolves Outriders Primaris'; artist: 'Neo Blackmane'; multi-box
data/crops/cmon/471120/02_02.jpg,cmon,cmon:471120,cmon:471120,2,space_marines,,weak_regex:chapter_kw,0.7500,,,2026-04-17T10:11:17Z,detector_conf=0.309; detector_faction=chaos_knights; title: 'Space Wolves Outriders Primaris'; artist: 'Neo Blackmane'; multi-box
data/crops/cmon/471120/02_03.jpg,cmon,cmon:471120,cmon:471120,2,space_marines,,weak_regex:chapter_kw,0.7500,,,2026-04-17T10:11:17Z,detector_conf=0.279; detector_faction=chaos_knights; title: 'Space Wolves Outriders Primaris'; artist: 'Neo Blackmane'; multi-box
data/crops/cmon/471120/02_04.jpg,cmon,cmon:471120,cmon:471120,2,space_marines,,weak_regex:chapter_kw,0.7500,,,2026-04-17T10:11:17Z,detector_conf=0.261; detector_faction=tyranids; title: 'Space Wolves Outriders Primaris'; artist: 'Neo Blackmane'; multi-box
data/crops/cmon/471120/03_00.jpg,cmon,cmon:471120,cmon:471120,3,space_marines,,weak_regex:chapter_kw,0.7500,,,2026-04-17T10:11:18Z,detector_conf=0.769; detector_faction=tyranids; title: 'Space Wolves Outriders Primaris'; artist: 'Neo Blackmane'; multi-box; flag:title_detector_conflict
data/crops/cmon/471120/03_01.jpg,cmon,cmon:471120,cmon:471120,3,space_marines,,weak_regex:chapter_kw,0.7500,,,2026-04-17T10:11:18Z,detector_conf=0.666; detector_faction=necrons; title: 'Space Wolves Outriders Primaris'; artist: 'Neo Blackmane'; multi-box; flag:title_detector_conflict
data/crops/cmon/471120/03_02.jpg,cmon,cmon:471120,cmon:471120,3,space_marines,,weak_regex:chapter_kw,0.7500,,,2026-04-17T10:11:18Z,detector_conf=0.435; detector_faction=necrons; title: 'Space Wolves Outriders Primaris'; artist: 'Neo Blackmane'; multi-box
data/crops/cmon/471120/03_03.jpg,cmon,cmon:471120,cmon:471120,3,space_marines,,weak_regex:chapter_kw,0.7500,,,2026-04-17T10:11:18Z,detector_conf=0.345; detector_faction=necrons; title: 'Space Wolves Outriders Primaris'; artist: 'Neo Blackmane'; multi-box
data/crops/cmon/471120/03_04.jpg,cmon,cmon:471120,cmon:471120,3,space_marines,,weak_regex:chapter_kw,0.7500,,,2026-04-17T10:11:18Z,detector_conf=0.323; detector_faction=orks; title: 'Space Wolves Outriders Primaris'; artist: 'Neo Blackmane'; multi-box
data/crops/cmon/471120/03_05.jpg,cmon,cmon:471120,cmon:471120,3,space_marines,,weak_regex:chapter_kw,0.7500,,,2026-04-17T10:11:18Z,detector_conf=0.282; detector_faction=chaos_knights; title: 'Space Wolves Outriders Primaris'; artist: 'Neo Blackmane'; multi-box
data/crops/cmon/471121/00_00.jpg,cmon,cmon:471121,cmon:471121,0,space_marines,chaplain,weak_regex:unit_kw,0.8500,,,2026-04-17T10:11:20Z,detector_conf=0.523; detector_faction=space_marines; title: 'Ultramarines Primaris Chaplain'; artist: 'epoepo'
data/crops/cmon/471121/01_00.jpg,cmon,cmon:471121,cmon:471121,1,space_marines,chaplain,weak_regex:unit_kw,0.8000,,,2026-04-17T10:11:21Z,detector_conf=0.321; detector_faction=space_marines; title: 'Ultramarines Primaris Chaplain'; artist: 'epoepo'
data/crops/cmon/471121/02_00.jpg,cmon,cmon:471121,cmon:471121,2,space_marines,chaplain,weak_regex:unit_kw,0.8500,,,2026-04-17T10:11:22Z,detector_conf=0.543; detector_faction=space_marines; title: 'Ultramarines Primaris Chaplain'; artist: 'epoepo'
data/crops/cmon/471121/03_00.jpg,cmon,cmon:471121,cmon:471121,3,space_marines,chaplain,weak_regex:unit_kw,0.8000,,,2026-04-17T10:11:23Z,detector_conf=0.421; detector_faction=necrons; title: 'Ultramarines Primaris Chaplain'; artist: 'epoepo'
data/crops/cmon/471122/00_00.jpg,cmon,cmon:471122,cmon:471122,0,space_marines,judiciar,weak_regex:unit_kw,0.8500,,,2026-04-17T10:11:25Z,detector_conf=0.739; detector_faction=space_marines; title: 'Ultramarines Primaris judiciar'; artist: 'epoepo'
data/crops/cmon/471122/01_00.jpg,cmon,cmon:471122,cmon:471122,1,space_marines,judiciar,weak_regex:unit_kw,0.8000,,,2026-04-17T10:11:26Z,detector_conf=0.691; detector_faction=imperial_guard; title: 'Ultramarines Primaris judiciar'; artist: 'epoepo'; multi-box; flag:title_detector_conflict
data/crops/cmon/471122/01_01.jpg,cmon,cmon:471122,cmon:471122,1,space_marines,judiciar,weak_regex:unit_kw,0.8500,,,2026-04-17T10:11:26Z,detector_conf=0.671; detector_faction=space_marines; title: 'Ultramarines Primaris judiciar'; artist: 'epoepo'; multi-box
data/crops/cmon/471122/02_00.jpg,cmon,cmon:471122,cmon:471122,2,space_marines,judiciar,weak_regex:unit_kw,0.8000,,,2026-04-17T10:11:27Z,detector_conf=0.653; detector_faction=imperial_guard; title: 'Ultramarines Primaris judiciar'; artist: 'epoepo'; flag:title_detector_conflict
data/crops/cmon/471122/03_00.jpg,cmon,cmon:471122,cmon:471122,3,space_marines,judiciar,weak_regex:unit_kw,0.8500,,,2026-04-17T10:11:29Z,detector_conf=0.656; detector_faction=space_marines; title: 'Ultramarines Primaris judiciar'; artist: 'epoepo'
data/crops/cmon/471130/00_00.jpg,cmon,cmon:471130,cmon:471130,0,space_marines,company_heroes,weak_regex:unit_kw,0.8500,,,2026-04-17T10:11:30Z,detector_conf=0.867; detector_faction=space_marines; title: 'Black Templars Company Heroes'; artist: 'goblet'; multi-box
data/crops/cmon/471130/00_01.jpg,cmon,cmon:471130,cmon:471130,0,space_marines,company_heroes,weak_regex:unit_kw,0.8000,,,2026-04-17T10:11:30Z,detector_conf=0.658; detector_faction=imperial_guard; title: 'Black Templars Company Heroes'; artist: 'goblet'; multi-box; flag:title_detector_conflict
data/crops/cmon/471130/00_02.jpg,cmon,cmon:471130,cmon:471130,0,space_marines,company_heroes,weak_regex:unit_kw,0.8000,,,2026-04-17T10:11:30Z,detector_conf=0.534; detector_faction=imperial_guard; title: 'Black Templars Company Heroes'; artist: 'goblet'; multi-box
data/crops/cmon/471130/00_03.jpg,cmon,cmon:471130,cmon:471130,0,space_marines,company_heroes,weak_regex:unit_kw,0.8000,,,2026-04-17T10:11:30Z,detector_conf=0.531; detector_faction=imperial_guard; title: 'Black Templars Company Heroes'; artist: 'goblet'; multi-box
data/crops/cmon/471130/00_04.jpg,cmon,cmon:471130,cmon:471130,0,space_marines,company_heroes,weak_regex:unit_kw,0.8000,,,2026-04-17T10:11:30Z,detector_conf=0.389; detector_faction=space_marines; title: 'Black Templars Company Heroes'; artist: 'goblet'; multi-box
data/crops/cmon/471130/00_05.jpg,cmon,cmon:471130,cmon:471130,0,space_marines,company_heroes,weak_regex:unit_kw,0.8000,,,2026-04-17T10:11:30Z,detector_conf=0.367; detector_faction=imperial_guard; title: 'Black Templars Company Heroes'; artist: 'goblet'; multi-box
data/crops/cmon/471134/00_00.jpg,cmon,cmon:471134,cmon:471134,0,harlequins,shadowseer,weak_regex:char_table,0.9000,,,2026-04-17T10:11:32Z,"detector_conf=0.769; detector_faction=tyranids; title: 'AELDARI SHADOWSEER HARLEQUIN, WARHAMMER'; artist: 'Tabletop Order'; flag:title_detector_conflict"
data/crops/cmon/471134/01_00.jpg,cmon,cmon:471134,cmon:471134,1,harlequins,shadowseer,weak_regex:char_table,0.9000,,,2026-04-17T10:11:33Z,"detector_conf=0.361; detector_faction=tyranids; title: 'AELDARI SHADOWSEER HARLEQUIN, WARHAMMER'; artist: 'Tabletop Order'"
data/crops/cmon/471134/02_00.jpg,cmon,cmon:471134,cmon:471134,2,harlequins,shadowseer,weak_regex:char_table,0.9000,,,2026-04-17T10:11:34Z,"detector_conf=0.755; detector_faction=tyranids; title: 'AELDARI SHADOWSEER HARLEQUIN, WARHAMMER'; artist: 'Tabletop Order'; flag:title_detector_conflict"
data/crops/cmon/471134/03_00.jpg,cmon,cmon:471134,cmon:471134,3,harlequins,shadowseer,weak_regex:char_table,0.9000,,,2026-04-17T10:11:36Z,"detector_conf=0.759; detector_faction=tyranids; title: 'AELDARI SHADOWSEER HARLEQUIN, WARHAMMER'; artist: 'Tabletop Order'; flag:title_detector_conflict"
data/crops/cmon/471136/01_00.jpg,cmon,cmon:471136,cmon:471136,1,space_marines,mephiston,weak_regex:char_table,0.9000,,,2026-04-17T10:11:38Z,detector_conf=0.365; detector_faction=space_marines; title: 'Mephiston Lord Of Death'; artist: 'nels0nmac'
data/crops/cmon/471136/02_00.jpg,cmon,cmon:471136,cmon:471136,2,space_marines,mephiston,weak_regex:char_table,0.9000,,,2026-04-17T10:11:39Z,detector_conf=0.427; detector_faction=chaos_knights; title: 'Mephiston Lord Of Death'; artist: 'nels0nmac'
data/crops/cmon/471136/03_00.jpg,cmon,cmon:471136,cmon:471136,3,space_marines,mephiston,weak_regex:char_table,0.9000,,,2026-04-17T10:11:41Z,detector_conf=0.521; detector_faction=chaos_knights; title: 'Mephiston Lord Of Death'; artist: 'nels0nmac'
data/crops/cmon/471144/00_00.jpg,cmon,cmon:471144,cmon:471144,0,tyranids,,weak_regex:detector_only,0.6500,,,2026-04-17T10:11:42Z,detector_conf=0.793; detector_faction=tyranids; title: 'The Ultimate Lictor!'; artist: 'DEN of IMAGINATION'
data/crops/cmon/471146/00_00.jpg,cmon,cmon:471146,cmon:471146,0,chaos_space_marines,,weak_regex:chapter_kw,0.7500,,,2026-04-17T10:11:44Z,detector_conf=0.411; detector_faction=orks; title: 'Black Legion'; artist: 'Cartmania'
data/crops/cmon/471146/01_00.jpg,cmon,cmon:471146,cmon:471146,1,chaos_space_marines,,weak_regex:chapter_kw,0.7500,,,2026-04-17T10:11:45Z,detector_conf=0.714; detector_faction=thousand_sons; title: 'Black Legion'; artist: 'Cartmania'; flag:title_detector_conflict
data/crops/cmon/471146/02_00.jpg,cmon,cmon:471146,cmon:471146,2,chaos_space_marines,,weak_regex:chapter_kw,0.7500,,,2026-04-17T10:11:46Z,detector_conf=0.440; detector_faction=thousand_sons; title: 'Black Legion'; artist: 'Cartmania'; multi-box
data/crops/cmon/471146/02_01.jpg,cmon,cmon:471146,cmon:471146,2,chaos_space_marines,,weak_regex:chapter_kw,0.7500,,,2026-04-17T10:11:46Z,detector_conf=0.334; detector_faction=death_guard; title: 'Black Legion'; artist: 'Cartmania'; multi-box
data/crops/cmon/471151/00_00.jpg,cmon,cmon:471151,cmon:471151,0,space_marines,corvus_corax,weak_regex:char_table,0.9000,,,2026-04-17T10:11:47Z,detector_conf=0.270; detector_faction=eldar; title: 'Corax'; artist: 'RAFF'
data/crops/cmon/471160/00_00.jpg,cmon,cmon:471160,cmon:471160,0,space_marines,chaplain_on_bike,weak_regex:unit_kw,0.8000,,,2026-04-17T10:11:48Z,detector_conf=0.452; detector_faction=chaos_knights; title: 'Primaris Chaplain on Bike'; artist: 'Daxter92'
data/crops/cmon/471160/01_00.jpg,cmon,cmon:471160,cmon:471160,1,space_marines,chaplain_on_bike,weak_regex:unit_kw,0.8000,,,2026-04-17T10:11:50Z,detector_conf=0.339; detector_faction=chaos_knights; title: 'Primaris Chaplain on Bike'; artist: 'Daxter92'; multi-box
data/crops/cmon/471160/01_01.jpg,cmon,cmon:471160,cmon:471160,1,space_marines,chaplain_on_bike,weak_regex:unit_kw,0.8000,,,2026-04-17T10:11:50Z,detector_conf=0.319; detector_faction=space_marines; title: 'Primaris Chaplain on Bike'; artist: 'Daxter92'; multi-box
data/crops/cmon/471161/00_00.jpg,cmon,cmon:471161,cmon:471161,0,orks,da_red_gobbo,weak_regex:char_table,0.9000,,,2026-04-17T10:11:51Z,detector_conf=0.660; detector_faction=imperial_guard; title: 'Da Red Gobbo'; artist: 'Daxter92'; multi-box; flag:title_detector_conflict
data/crops/cmon/471161/00_01.jpg,cmon,cmon:471161,cmon:471161,0,orks,da_red_gobbo,weak_regex:char_table,0.9000,,,2026-04-17T10:11:51Z,detector_conf=0.323; detector_faction=space_marines; title: 'Da Red Gobbo'; artist: 'Daxter92'; multi-box
data/crops/cmon/471161/01_00.jpg,cmon,cmon:471161,cmon:471161,1,orks,da_red_gobbo,weak_regex:char_table,0.9000,,,2026-04-17T10:11:52Z,detector_conf=0.690; detector_faction=space_marines; title: 'Da Red Gobbo'; artist: 'Daxter92'; flag:title_detector_conflict
data/crops/cmon/471175/00_00.jpg,cmon,cmon:471175,cmon:471175,0,chaos_daemons,,weak_regex:faction_kw,0.6500,,,2026-04-17T10:11:53Z,detector_conf=0.592; detector_faction=tyranids; title: 'Chaos Daemons'; artist: 'Captain Gallas'; multi-box
data/crops/cmon/471175/00_01.jpg,cmon,cmon:471175,cmon:471175,0,chaos_daemons,,weak_regex:faction_kw,0.6500,,,2026-04-17T10:11:53Z,detector_conf=0.550; detector_faction=custodes; title: 'Chaos Daemons'; artist: 'Captain Gallas'; multi-box
data/crops/cmon/471175/00_02.jpg,cmon,cmon:471175,cmon:471175,0,chaos_daemons,,weak_regex:faction_kw,0.6500,,,2026-04-17T10:11:53Z,detector_conf=0.531; detector_faction=tyranids; title: 'Chaos Daemons'; artist: 'Captain Gallas'; multi-box
data/crops/cmon/471175/00_03.jpg,cmon,cmon:471175,cmon:471175,0,chaos_daemons,,weak_regex:faction_kw,0.6500,,,2026-04-17T10:11:53Z,detector_conf=0.526; detector_faction=thousand_sons; title: 'Chaos Daemons'; artist: 'Captain Gallas'; multi-box
data/crops/cmon/471175/00_04.jpg,cmon,cmon:471175,cmon:471175,0,chaos_daemons,,weak_regex:faction_kw,0.6500,,,2026-04-17T10:11:53Z,detector_conf=0.416; detector_faction=tyranids; title: 'Chaos Daemons'; artist: 'Captain Gallas'; multi-box
data/crops/cmon/471175/00_05.jpg,cmon,cmon:471175,cmon:471175,0,chaos_daemons,,weak_regex:faction_kw,0.6500,,,2026-04-17T10:11:53Z,detector_conf=0.377; detector_faction=necrons; title: 'Chaos Daemons'; artist: 'Captain Gallas'; multi-box
data/crops/cmon/471175/00_06.jpg,cmon,cmon:471175,cmon:471175,0,chaos_daemons,,weak_regex:faction_kw,0.6500,,,2026-04-17T10:11:53Z,detector_conf=0.354; detector_faction=necrons; title: 'Chaos Daemons'; artist: 'Captain Gallas'; multi-box
data/crops/cmon/471175/00_07.jpg,cmon,cmon:471175,cmon:471175,0,chaos_daemons,,weak_regex:faction_kw,0.6500,,,2026-04-17T10:11:53Z,detector_conf=0.304; detector_faction=tyranids; title: 'Chaos Daemons'; artist: 'Captain Gallas'; multi-box
data/crops/cmon/471175/00_08.jpg,cmon,cmon:471175,cmon:471175,0,chaos_daemons,,weak_regex:faction_kw,0.6500,,,2026-04-17T10:11:53Z,detector_conf=0.296; detector_faction=necrons; title: 'Chaos Daemons'; artist: 'Captain Gallas'; multi-box
data/crops/cmon/471175/00_09.jpg,cmon,cmon:471175,cmon:471175,0,chaos_daemons,,weak_regex:faction_kw,0.6500,,,2026-04-17T10:11:53Z,detector_conf=0.271; detector_faction=tyranids; title: 'Chaos Daemons'; artist: 'Captain Gallas'; multi-box
data/crops/cmon/471175/00_10.jpg,cmon,cmon:471175,cmon:471175,0,chaos_daemons,,weak_regex:faction_kw,0.6500,,,2026-04-17T10:11:53Z,detector_conf=0.264; detector_faction=necrons; title: 'Chaos Daemons'; artist: 'Captain Gallas'; multi-box
data/crops/cmon/471179/00_00.jpg,cmon,cmon:471179,cmon:471179,0,chaos_space_marines,typhus,weak_regex:char_table,0.9000,,,2026-04-17T10:11:54Z,detector_conf=0.399; detector_faction=chaos_knights; title: 'Typhus Warhammer40k painted by J'; artist: 'NJpainting'; multi-box
data/crops/cmon/471179/00_01.jpg,cmon,cmon:471179,cmon:471179,0,chaos_space_marines,typhus,weak_regex:char_table,0.9000,,,2026-04-17T10:11:54Z,detector_conf=0.343; detector_faction=necrons; title: 'Typhus Warhammer40k painted by J'; artist: 'NJpainting'; multi-box
data/crops/cmon/471179/01_00.jpg,cmon,cmon:471179,cmon:471179,1,chaos_space_marines,typhus,weak_regex:char_table,0.9000,,,2026-04-17T10:11:56Z,detector_conf=0.352; detector_faction=chaos_knights; title: 'Typhus Warhammer40k painted by J'; artist: 'NJpainting'
data/crops/cmon/471179/02_00.jpg,cmon,cmon:471179,cmon:471179,2,chaos_space_marines,typhus,weak_regex:char_table,0.9000,,,2026-04-17T10:11:57Z,detector_conf=0.498; detector_faction=necrons; title: 'Typhus Warhammer40k painted by J'; artist: 'NJpainting'; multi-box
data/crops/cmon/471179/02_01.jpg,cmon,cmon:471179,cmon:471179,2,chaos_space_marines,typhus,weak_regex:char_table,0.9000,,,2026-04-17T10:11:57Z,detector_conf=0.434; detector_faction=orks; title: 'Typhus Warhammer40k painted by J'; artist: 'NJpainting'; multi-box
data/crops/cmon/471180/00_00.jpg,cmon,cmon:471180,cmon:471180,0,space_marines,,weak_regex:chapter_kw,0.7500,,,2026-04-17T10:11:58Z,detector_conf=0.659; detector_faction=adeptus_mechanicus; title: 'Black Templar'; artist: 'Patchoro'; flag:title_detector_conflict
data/crops/cmon/471188/00_00.jpg,cmon,cmon:471188,cmon:471188,0,space_marines,,weak_regex:faction_kw,0.6500,,,2026-04-17T10:12:00Z,detector_conf=0.650; detector_faction=custodes; title: 'Blac Templar Primaris Marshall'; artist: 'No Fixed Course'; flag:title_detector_conflict
data/crops/cmon/471188/01_00.jpg,cmon,cmon:471188,cmon:471188,1,space_marines,,weak_regex:faction_kw,0.6500,,,2026-04-17T10:12:02Z,detector_conf=0.512; detector_faction=death_guard; title: 'Blac Templar Primaris Marshall'; artist: 'No Fixed Course'; multi-box
data/crops/cmon/471188/01_01.jpg,cmon,cmon:471188,cmon:471188,1,space_marines,,weak_regex:faction_kw,0.6500,,,2026-04-17T10:12:02Z,detector_conf=0.382; detector_faction=custodes; title: 'Blac Templar Primaris Marshall'; artist: 'No Fixed Course'; multi-box
data/crops/cmon/471188/02_00.jpg,cmon,cmon:471188,cmon:471188,2,space_marines,,weak_regex:faction_kw,0.6500,,,2026-04-17T10:12:04Z,detector_conf=0.324; detector_faction=custodes; title: 'Blac Templar Primaris Marshall'; artist: 'No Fixed Course'
data/crops/cmon/471192/00_00.jpg,cmon,cmon:471192,cmon:471192,0,orks,__bad_crop__,human,1.0000,Weston,,2026-04-17T17:22:35Z,detector_conf=0.692; detector_faction=orks; title: 'Ambot WH40k / Necromunda painted by J'; artist: 'NJpainting'; multi-box; redrawn_view=0
data/crops/cmon/471192/00_01.jpg,cmon,cmon:471192,cmon:471192,0,,__bad_crop__,human,1.0000,Weston,,2026-04-17T17:22:35Z,detector_conf=0.343; detector_faction=chaos_knights; title: 'Ambot WH40k / Necromunda painted by J'; artist: 'NJpainting'; multi-box; redrawn_view=0
data/crops/cmon/471192/01_00.jpg,cmon,cmon:471192,cmon:471192,1,chaos_knights,__bad_crop__,human,1.0000,Weston,,2026-04-18T13:06:21Z,"detector_conf=0.513; detector_faction=chaos_knights; title: 'Ambot WH40k / Necromunda painted by J'; artist: 'NJpainting'; redrawn_view=1; bbox=34,279,1005,971; scene=cmon:471192:1; edited_at=2026-04-18T13:06:21Z"
data/crops/cmon/471193/00_00.jpg,cmon,cmon:471193,cmon:471193,0,aeldari,,weak_regex:faction_kw,0.6500,,,2026-04-17T10:12:07Z,detector_conf=0.419; detector_faction=tyranids; title: 'Eldar Corsair'; artist: 'Sad_Dzen'; multi-box
data/crops/cmon/471193/00_01.jpg,cmon,cmon:471193,cmon:471193,0,aeldari,,weak_regex:faction_kw,0.6500,,,2026-04-17T10:12:07Z,detector_conf=0.356; detector_faction=orks; title: 'Eldar Corsair'; artist: 'Sad_Dzen'; multi-box
data/crops/cmon/471193/00_02.jpg,cmon,cmon:471193,cmon:471193,0,aeldari,,weak_regex:faction_kw,0.6500,,,2026-04-17T10:12:07Z,detector_conf=0.266; detector_faction=death_guard; title: 'Eldar Corsair'; artist: 'Sad_Dzen'; multi-box
data/crops/cmon/471198/00_00.jpg,cmon,cmon:471198,cmon:471198,0,chaos_space_marines,mortarion,weak_regex:char_table,0.9000,,,2026-04-17T10:12:09Z,detector_conf=0.469; detector_faction=necrons; title: 'MORTARION'; artist: 'In The Middle'; multi-box
data/crops/cmon/471198/00_01.jpg,cmon,cmon:471198,cmon:471198,0,chaos_space_marines,mortarion,weak_regex:char_table,0.9000,,,2026-04-17T10:12:09Z,detector_conf=0.340; detector_faction=chaos_knights; title: 'MORTARION'; artist: 'In The Middle'; multi-box
data/crops/cmon/471198/01_00.jpg,cmon,cmon:471198,cmon:471198,1,chaos_space_marines,mortarion,weak_regex:char_table,0.9000,,,2026-04-17T10:12:10Z,detector_conf=0.597; detector_faction=necrons; title: 'MORTARION'; artist: 'In The Middle'
data/crops/cmon/471198/02_00.jpg,cmon,cmon:471198,cmon:471198,2,chaos_space_marines,mortarion,weak_regex:char_table,0.9000,,,2026-04-17T10:12:12Z,detector_conf=0.365; detector_faction=chaos_knights; title: 'MORTARION'; artist: 'In The Middle'; multi-box
data/crops/cmon/471198/02_01.jpg,cmon,cmon:471198,cmon:471198,2,chaos_space_marines,mortarion,weak_regex:char_table,0.9000,,,2026-04-17T10:12:12Z,detector_conf=0.346; detector_faction=necrons; title: 'MORTARION'; artist: 'In The Middle'; multi-box
data/crops/cmon/471198/03_00.jpg,cmon,cmon:471198,cmon:471198,3,chaos_space_marines,mortarion,weak_regex:char_table,0.9000,,,2026-04-17T10:12:14Z,detector_conf=0.415; detector_faction=chaos_knights; title: 'MORTARION'; artist: 'In The Middle'; multi-box
data/crops/cmon/471198/03_01.jpg,cmon,cmon:471198,cmon:471198,3,chaos_space_marines,mortarion,weak_regex:char_table,0.9000,,,2026-04-17T10:12:14Z,detector_conf=0.325; detector_faction=necrons; title: 'MORTARION'; artist: 'In The Middle'; multi-box
data/crops/cmon/471198/03_02.jpg,cmon,cmon:471198,cmon:471198,3,chaos_space_marines,mortarion,weak_regex:char_table,0.9000,,,2026-04-17T10:12:14Z,detector_conf=0.306; detector_faction=tyranids; title: 'MORTARION'; artist: 'In The Middle'; multi-box
data/crops/cmon/471198/04_00.jpg,cmon,cmon:471198,cmon:471198,4,chaos_space_marines,mortarion,weak_regex:char_table,0.9000,,,2026-04-17T10:12:16Z,detector_conf=0.611; detector_faction=necrons; title: 'MORTARION'; artist: 'In The Middle'; multi-box; flag:title_detector_conflict
data/crops/cmon/471198/04_01.jpg,cmon,cmon:471198,cmon:471198,4,chaos_space_marines,mortarion,weak_regex:char_table,0.9000,,,2026-04-17T10:12:16Z,detector_conf=0.444; detector_faction=chaos_knights; title: 'MORTARION'; artist: 'In The Middle'; multi-box
data/crops/cmon/471201/00_00.jpg,cmon,cmon:471201,cmon:471201,0,chaos_space_marines,myphitic_blight-hauler,weak_regex:auto_unique_unit,0.7800,,,2026-04-17T10:12:17Z,detector_conf=0.469; detector_faction=chaos_knights; title: 'Myphitic Blight-hauler W40K painted by J'; artist: 'NJpainting'
data/crops/cmon/471201/01_00.jpg,cmon,cmon:471201,cmon:471201,1,chaos_space_marines,myphitic_blight-hauler,weak_regex:auto_unique_unit,0.7800,,,2026-04-17T10:12:19Z,detector_conf=0.534; detector_faction=chaos_knights; title: 'Myphitic Blight-hauler W40K painted by J'; artist: 'NJpainting'
data/crops/cmon/471201/02_00.jpg,cmon,cmon:471201,cmon:471201,2,chaos_space_marines,myphitic_blight-hauler,weak_regex:auto_unique_unit,0.7800,,,2026-04-17T10:12:20Z,detector_conf=0.583; detector_faction=chaos_knights; title: 'Myphitic Blight-hauler W40K painted by J'; artist: 'NJpainting'
data/crops/cmon/471206/00_00.jpg,cmon,cmon:471206,cmon:471206,0,orks,warboss,weak_regex:auto_unique_unit,0.8300,,,2026-04-17T10:12:25Z,detector_conf=0.597; detector_faction=orks; title: 'Orc warboss'; artist: 'Edwardosssss'
data/crops/cmon/471207/01_00.jpg,cmon,cmon:471207,cmon:471207,1,drukhari,,weak_regex:faction_kw,0.6500,,,2026-04-17T10:12:28Z,detector_conf=0.611; detector_faction=eldar; title: 'Lhamaean dark eldar'; artist: 'Edwardosssss'; flag:title_detector_conflict
data/crops/cmon/471207/02_00.jpg,cmon,cmon:471207,cmon:471207,2,drukhari,,weak_regex:faction_kw,0.6500,,,2026-04-17T10:12:29Z,detector_conf=0.348; detector_faction=tyranids; title: 'Lhamaean dark eldar'; artist: 'Edwardosssss'
data/crops/cmon/471208/00_00.jpg,cmon,cmon:471208,cmon:471208,0,drukhari,,weak_regex:faction_kw,0.6500,,,2026-04-17T10:12:30Z,detector_conf=0.523; detector_faction=eldar; title: 'Dark eldar (Drukhari) Incub'; artist: 'Edwardosssss'
data/crops/cmon/471210/00_00.jpg,cmon,cmon:471210,cmon:471210,0,chaos_space_marines,noxious_blightbringer,weak_regex:char_table,0.9000,,,2026-04-17T10:12:32Z,detector_conf=0.664; detector_faction=necrons; title: 'Noxious Blightbringer'; artist: 'George1'; multi-box; flag:title_detector_conflict
data/crops/cmon/471210/00_01.jpg,cmon,cmon:471210,cmon:471210,0,chaos_space_marines,noxious_blightbringer,weak_regex:char_table,0.9000,,,2026-04-17T10:12:32Z,detector_conf=0.361; detector_faction=tyranids; title: 'Noxious Blightbringer'; artist: 'George1'; multi-box
data/crops/cmon/471211/00_00.jpg,cmon,cmon:471211,cmon:471211,0,space_marines,,weak_regex:chapter_kw,0.8000,,,2026-04-17T10:12:34Z,detector_conf=0.568; detector_faction=space_marines; title: 'Deathwatch Master WH40k painted by J'; artist: 'NJpainting'
data/crops/cmon/471211/01_00.jpg,cmon,cmon:471211,cmon:471211,1,space_marines,,weak_regex:chapter_kw,0.8000,,,2026-04-17T10:12:35Z,detector_conf=0.447; detector_faction=space_marines; title: 'Deathwatch Master WH40k painted by J'; artist: 'NJpainting'
data/crops/cmon/471212/00_00.jpg,cmon,cmon:471212,cmon:471212,0,space_marines,terminator_squad,weak_regex:unit_alias,0.8500,,,2026-04-17T10:12:37Z,detector_conf=0.404; detector_faction=space_marines; title: 'Captain in terminator armor'; artist: 'ukelele745'
data/crops/cmon/471216/00_00.jpg,cmon,cmon:471216,cmon:471216,0,space_marines,ragnar_blackmane,weak_regex:char_table,0.9000,,,2026-04-17T10:12:39Z,detector_conf=0.624; detector_faction=eldar; title: 'Ragnar Blackmane primaris'; artist: 'RAFF'; multi-box; flag:title_detector_conflict
data/crops/cmon/471216/00_01.jpg,cmon,cmon:471216,cmon:471216,0,space_marines,ragnar_blackmane,weak_regex:char_table,0.9000,,,2026-04-17T10:12:39Z,detector_conf=0.394; detector_faction=adeptus_mechanicus; title: 'Ragnar Blackmane primaris'; artist: 'RAFF'; multi-box
data/crops/cmon/471216/00_02.jpg,cmon,cmon:471216,cmon:471216,0,space_marines,ragnar_blackmane,weak_regex:char_table,0.9000,,,2026-04-17T10:12:39Z,detector_conf=0.324; detector_faction=eldar; title: 'Ragnar Blackmane primaris'; artist: 'RAFF'; multi-box
data/crops/cmon/471221/00_00.jpg,cmon,cmon:471221,cmon:471221,0,chaos_space_marines,sorcerer,weak_regex:unit_kw,0.8000,,,2026-04-17T10:12:41Z,detector_conf=0.935; detector_faction=necrons; title: 'WH40K Nauseus Rotbone Plague Sorcerer'; artist: 'pHBalanced'; flag:title_detector_conflict
data/crops/cmon/471224/00_00.jpg,cmon,cmon:471224,cmon:471224,0,orks,,weak_regex:detector_only,0.5730,,,2026-04-17T10:12:43Z,detector_conf=0.573; detector_faction=orks; title: 'Cryptek WH40k painted by J'; artist: 'NJpainting'
data/crops/cmon/471236/00_00.jpg,cmon,cmon:471236,cmon:471236,0,space_marines,azrael,weak_regex:char_table,0.9000,,,2026-04-17T10:12:44Z,detector_conf=0.426; detector_faction=imperial_guard; title: 'Azrael'; artist: 'Heilbuth'
data/crops/cmon/471236/01_00.jpg,cmon,cmon:471236,cmon:471236,1,space_marines,azrael,weak_regex:char_table,0.9000,,,2026-04-17T10:12:46Z,detector_conf=0.632; detector_faction=tyranids; title: 'Azrael'; artist: 'Heilbuth'; flag:title_detector_conflict
data/crops/cmon/471238/00_00.jpg,cmon,cmon:471238,cmon:471238,0,space_marines,__bad_crop__,human,1.0000,lock-test-concurrent,,2026-04-18T14:23:08Z,"detector_conf=0.441; detector_faction=imperial_guard; title: 'ephrael stern'; artist: 'WhyIOtter'; redrawn_view=0; bbox=85,85,230,330; scene=cmon:471238:0; edited_at=2026-04-18T12:18:18Z"
data/crops/cmon/471239/00_00.jpg,cmon,cmon:471239,cmon:471239,0,harlequins,kyganil_of_the_bleeding_eye,weak_regex:char_table,0.9000,,,2026-04-17T10:12:48Z,detector_conf=0.551; detector_faction=imperial_guard; title: 'Kyganil'; artist: 'WhyIOtter'
data/crops/cmon/471262/00_00.jpg,cmon,cmon:471262,cmon:471262,0,necrons,,weak_regex:detector_only,0.6500,,,2026-04-17T10:12:49Z,detector_conf=0.744; detector_faction=necrons; title: 'Assault sergeant'; artist: 'MOQred'
data/crops/cmon/471262/01_00.jpg,cmon,cmon:471262,cmon:471262,1,,,,,,,2026-04-17T10:12:51Z,detector_conf=0.321; detector_faction=tyranids; title: 'Assault sergeant'; artist: 'MOQred'; multi-box
data/crops/cmon/471262/01_01.jpg,cmon,cmon:471262,cmon:471262,1,,,,,,,2026-04-17T10:12:51Z,detector_conf=0.257; detector_faction=imperial_guard; title: 'Assault sergeant'; artist: 'MOQred'; multi-box
data/crops/cmon/471262/02_00.jpg,cmon,cmon:471262,cmon:471262,2,,,,,,,2026-04-17T10:12:52Z,detector_conf=0.458; detector_faction=necrons; title: 'Assault sergeant'; artist: 'MOQred'
data/crops/cmon/471262/03_00.jpg,cmon,cmon:471262,cmon:471262,3,necrons,,weak_regex:detector_only,0.6500,,,2026-04-17T10:12:53Z,detector_conf=0.833; detector_faction=necrons; title: 'Assault sergeant'; artist: 'MOQred'
data/crops/cmon/471265/00_00.jpg,cmon,cmon:471265,cmon:471265,0,space_marines,,weak_regex:faction_kw,0.6500,,,2026-04-17T10:12:55Z,detector_conf=0.373; detector_faction=space_marines; title: 'Space Marine'; artist: 'cyberbum'; multi-box
data/crops/cmon/471265/00_01.jpg,cmon,cmon:471265,cmon:471265,0,space_marines,,weak_regex:faction_kw,0.6500,,,2026-04-17T10:12:55Z,detector_conf=0.335; detector_faction=orks; title: 'Space Marine'; artist: 'cyberbum'; multi-box
data/crops/cmon/471265/00_02.jpg,cmon,cmon:471265,cmon:471265,0,space_marines,,weak_regex:faction_kw,0.6500,,,2026-04-17T10:12:55Z,detector_conf=0.264; detector_faction=chaos_space_marines; title: 'Space Marine'; artist: 'cyberbum'; multi-box
data/crops/cmon/471267/00_00.jpg,cmon,cmon:471267,cmon:471267,0,space_marines,,weak_regex:chapter_kw,0.7500,,,2026-04-17T10:12:57Z,detector_conf=0.772; detector_faction=orks; title: 'Salamander Space Marine'; artist: 'cyberbum'; multi-box; flag:title_detector_conflict
data/crops/cmon/471267/00_01.jpg,cmon,cmon:471267,cmon:471267,0,space_marines,,weak_regex:chapter_kw,0.7500,,,2026-04-17T10:12:57Z,detector_conf=0.608; detector_faction=orks; title: 'Salamander Space Marine'; artist: 'cyberbum'; multi-box; flag:title_detector_conflict
data/crops/cmon/471267/00_02.jpg,cmon,cmon:471267,cmon:471267,0,space_marines,,weak_regex:chapter_kw,0.7500,,,2026-04-17T10:12:57Z,detector_conf=0.389; detector_faction=orks; title: 'Salamander Space Marine'; artist: 'cyberbum'; multi-box
data/crops/cmon/471269/00_00.jpg,cmon,cmon:471269,cmon:471269,0,necrons,chronomancer,weak_regex:unit_kw,0.8000,,,2026-04-17T10:12:59Z,detector_conf=0.385; detector_faction=tyranids; title: 'Necron Chronomancer'; artist: 'fausthf'; multi-box
data/crops/cmon/471269/00_01.jpg,cmon,cmon:471269,cmon:471269,0,necrons,chronomancer,weak_regex:unit_kw,0.8000,,,2026-04-17T10:12:59Z,detector_conf=0.259; detector_faction=chaos_knights; title: 'Necron Chronomancer'; artist: 'fausthf'; multi-box
data/crops/cmon/471269/01_00.jpg,cmon,cmon:471269,cmon:471269,1,necrons,chronomancer,weak_regex:unit_kw,0.8000,,,2026-04-17T10:13:00Z,detector_conf=0.564; detector_faction=tyranids; title: 'Necron Chronomancer'; artist: 'fausthf'
data/crops/cmon/471269/02_00.jpg,cmon,cmon:471269,cmon:471269,2,necrons,chronomancer,weak_regex:unit_kw,0.8000,,,2026-04-17T10:13:02Z,detector_conf=0.365; detector_faction=tyranids; title: 'Necron Chronomancer'; artist: 'fausthf'
data/crops/cmon/471285/00_00.jpg,cmon,cmon:471285,cmon:471285,0,astra_militarum,cadian_shock_troops,weak_regex:unit_kw,0.8500,,,2026-04-17T10:13:04Z,detector_conf=0.808; detector_faction=imperial_guard; title: 'Cadian Shock Troops'; artist: 'rottendeadlenin'; multi-box
data/crops/cmon/471285/00_01.jpg,cmon,cmon:471285,cmon:471285,0,astra_militarum,cadian_shock_troops,weak_regex:unit_kw,0.8500,,,2026-04-17T10:13:04Z,detector_conf=0.794; detector_faction=imperial_guard; title: 'Cadian Shock Troops'; artist: 'rottendeadlenin'; multi-box
data/crops/cmon/471285/00_02.jpg,cmon,cmon:471285,cmon:471285,0,astra_militarum,cadian_shock_troops,weak_regex:unit_kw,0.8500,,,2026-04-17T10:13:04Z,detector_conf=0.791; detector_faction=imperial_guard; title: 'Cadian Shock Troops'; artist: 'rottendeadlenin'; multi-box
data/crops/cmon/471285/00_03.jpg,cmon,cmon:471285,cmon:471285,0,astra_militarum,cadian_shock_troops,weak_regex:unit_kw,0.8500,,,2026-04-17T10:13:04Z,detector_conf=0.760; detector_faction=imperial_guard; title: 'Cadian Shock Troops'; artist: 'rottendeadlenin'; multi-box
data/crops/cmon/471285/00_04.jpg,cmon,cmon:471285,cmon:471285,0,astra_militarum,cadian_shock_troops,weak_regex:unit_kw,0.8500,,,2026-04-17T10:13:04Z,detector_conf=0.735; detector_faction=imperial_guard; title: 'Cadian Shock Troops'; artist: 'rottendeadlenin'; multi-box
data/crops/cmon/471285/00_05.jpg,cmon,cmon:471285,cmon:471285,0,astra_militarum,cadian_shock_troops,weak_regex:unit_kw,0.8500,,,2026-04-17T10:13:04Z,detector_conf=0.554; detector_faction=imperial_guard; title: 'Cadian Shock Troops'; artist: 'rottendeadlenin'; multi-box
data/crops/cmon/471285/01_00.jpg,cmon,cmon:471285,cmon:471285,1,astra_militarum,cadian_shock_troops,weak_regex:unit_kw,0.8500,,,2026-04-17T10:13:05Z,detector_conf=0.762; detector_faction=imperial_guard; title: 'Cadian Shock Troops'; artist: 'rottendeadlenin'; multi-box
data/crops/cmon/471285/01_01.jpg,cmon,cmon:471285,cmon:471285,1,astra_militarum,cadian_shock_troops,weak_regex:unit_kw,0.8500,,,2026-04-17T10:13:05Z,detector_conf=0.751; detector_faction=imperial_guard; title: 'Cadian Shock Troops'; artist: 'rottendeadlenin'; multi-box
data/crops/cmon/471285/01_02.jpg,cmon,cmon:471285,cmon:471285,1,astra_militarum,cadian_shock_troops,weak_regex:unit_kw,0.8500,,,2026-04-17T10:13:05Z,detector_conf=0.654; detector_faction=imperial_guard; title: 'Cadian Shock Troops'; artist: 'rottendeadlenin'; multi-box
data/crops/cmon/471285/01_03.jpg,cmon,cmon:471285,cmon:471285,1,astra_militarum,cadian_shock_troops,weak_regex:unit_kw,0.8500,,,2026-04-17T10:13:05Z,detector_conf=0.616; detector_faction=imperial_guard; title: 'Cadian Shock Troops'; artist: 'rottendeadlenin'; multi-box
data/crops/cmon/471285/01_04.jpg,cmon,cmon:471285,cmon:471285,1,astra_militarum,cadian_shock_troops,weak_regex:unit_kw,0.8500,,,2026-04-17T10:13:05Z,detector_conf=0.613; detector_faction=imperial_guard; title: 'Cadian Shock Troops'; artist: 'rottendeadlenin'; multi-box
data/crops/cmon/471285/01_05.jpg,cmon,cmon:471285,cmon:471285,1,astra_militarum,cadian_shock_troops,weak_regex:unit_kw,0.8500,,,2026-04-17T10:13:05Z,detector_conf=0.468; detector_faction=imperial_guard; title: 'Cadian Shock Troops'; artist: 'rottendeadlenin'; multi-box
data/crops/cmon/471285/02_00.jpg,cmon,cmon:471285,cmon:471285,2,astra_militarum,cadian_shock_troops,weak_regex:unit_kw,0.8500,,,2026-04-17T10:13:07Z,detector_conf=0.798; detector_faction=imperial_guard; title: 'Cadian Shock Troops'; artist: 'rottendeadlenin'; multi-box
data/crops/cmon/471285/02_01.jpg,cmon,cmon:471285,cmon:471285,2,astra_militarum,cadian_shock_troops,weak_regex:unit_kw,0.8500,,,2026-04-17T10:13:07Z,detector_conf=0.765; detector_faction=imperial_guard; title: 'Cadian Shock Troops'; artist: 'rottendeadlenin'; multi-box
data/crops/cmon/471285/02_02.jpg,cmon,cmon:471285,cmon:471285,2,astra_militarum,cadian_shock_troops,weak_regex:unit_kw,0.8500,,,2026-04-17T10:13:07Z,detector_conf=0.745; detector_faction=imperial_guard; title: 'Cadian Shock Troops'; artist: 'rottendeadlenin'; multi-box
data/crops/cmon/471285/02_03.jpg,cmon,cmon:471285,cmon:471285,2,astra_militarum,cadian_shock_troops,weak_regex:unit_kw,0.8500,,,2026-04-17T10:13:07Z,detector_conf=0.705; detector_faction=imperial_guard; title: 'Cadian Shock Troops'; artist: 'rottendeadlenin'; multi-box
data/crops/cmon/471285/02_04.jpg,cmon,cmon:471285,cmon:471285,2,astra_militarum,cadian_shock_troops,weak_regex:unit_kw,0.8500,,,2026-04-17T10:13:07Z,detector_conf=0.611; detector_faction=imperial_guard; title: 'Cadian Shock Troops'; artist: 'rottendeadlenin'; multi-box
data/crops/cmon/471285/02_05.jpg,cmon,cmon:471285,cmon:471285,2,astra_militarum,cadian_shock_troops,weak_regex:unit_kw,0.8500,,,2026-04-17T10:13:07Z,detector_conf=0.568; detector_faction=imperial_guard; title: 'Cadian Shock Troops'; artist: 'rottendeadlenin'; multi-box
data/crops/cmon/471285/03_00.jpg,cmon,cmon:471285,cmon:471285,3,astra_militarum,cadian_shock_troops,weak_regex:unit_kw,0.8500,,,2026-04-17T10:13:08Z,detector_conf=0.835; detector_faction=imperial_guard; title: 'Cadian Shock Troops'; artist: 'rottendeadlenin'; multi-box
data/crops/cmon/471285/03_01.jpg,cmon,cmon:471285,cmon:471285,3,astra_militarum,cadian_shock_troops,weak_regex:unit_kw,0.8500,,,2026-04-17T10:13:08Z,detector_conf=0.821; detector_faction=imperial_guard; title: 'Cadian Shock Troops'; artist: 'rottendeadlenin'; multi-box
data/crops/cmon/471285/03_02.jpg,cmon,cmon:471285,cmon:471285,3,astra_militarum,cadian_shock_troops,weak_regex:unit_kw,0.8500,,,2026-04-17T10:13:08Z,detector_conf=0.803; detector_faction=imperial_guard; title: 'Cadian Shock Troops'; artist: 'rottendeadlenin'; multi-box
data/crops/cmon/471286/01_00.jpg,cmon,cmon:471286,cmon:471286,1,chaos_space_marines,magnus_the_red,weak_regex:char_table,0.9000,,,2026-04-17T10:13:12Z,detector_conf=0.365; detector_faction=tyranids; title: 'Magnus the Red'; artist: 'Arcllet'
data/crops/cmon/471286/02_00.jpg,cmon,cmon:471286,cmon:471286,2,chaos_space_marines,magnus_the_red,weak_regex:char_table,0.9000,,,2026-04-17T10:13:13Z,detector_conf=0.524; detector_faction=tyranids; title: 'Magnus the Red'; artist: 'Arcllet'
data/crops/cmon/471286/03_00.jpg,cmon,cmon:471286,cmon:471286,3,chaos_space_marines,magnus_the_red,weak_regex:char_table,0.9000,,,2026-04-17T10:13:15Z,detector_conf=0.303; detector_faction=chaos_knights; title: 'Magnus the Red'; artist: 'Arcllet'
data/crops/cmon/471287/00_00.jpg,cmon,cmon:471287,cmon:471287,0,space_marines,,weak_regex:faction_kw,0.6500,,,2026-04-17T10:13:16Z,detector_conf=0.888; detector_faction=orks; title: 'Primaris Hellblasters WH40K painted by J'; artist: 'NJpainting'; multi-box; flag:title_detector_conflict
data/crops/cmon/471287/00_01.jpg,cmon,cmon:471287,cmon:471287,0,space_marines,,weak_regex:faction_kw,0.6500,,,2026-04-17T10:13:16Z,detector_conf=0.291; detector_faction=chaos_space_marines; title: 'Primaris Hellblasters WH40K painted by J'; artist: 'NJpainting'; multi-box
data/crops/cmon/471287/00_02.jpg,cmon,cmon:471287,cmon:471287,0,space_marines,,weak_regex:faction_kw,0.6500,,,2026-04-17T10:13:16Z,detector_conf=0.279; detector_faction=chaos_space_marines; title: 'Primaris Hellblasters WH40K painted by J'; artist: 'NJpainting'; multi-box
data/crops/cmon/471287/00_03.jpg,cmon,cmon:471287,cmon:471287,0,space_marines,,weak_regex:faction_kw,0.6500,,,2026-04-17T10:13:16Z,detector_conf=0.276; detector_faction=orks; title: 'Primaris Hellblasters WH40K painted by J'; artist: 'NJpainting'; multi-box
data/crops/cmon/471287/00_04.jpg,cmon,cmon:471287,cmon:471287,0,space_marines,,weak_regex:faction_kw,0.6500,,,2026-04-17T10:13:16Z,detector_conf=0.272; detector_faction=chaos_space_marines; title: 'Primaris Hellblasters WH40K painted by J'; artist: 'NJpainting'; multi-box
data/crops/cmon/471287/01_00.jpg,cmon,cmon:471287,cmon:471287,1,space_marines,,weak_regex:faction_kw,0.6500,,,2026-04-17T10:13:17Z,detector_conf=0.497; detector_faction=imperial_guard; title: 'Primaris Hellblasters WH40K painted by J'; artist: 'NJpainting'
data/crops/cmon/471287/02_00.jpg,cmon,cmon:471287,cmon:471287,2,space_marines,,weak_regex:faction_kw,0.6500,,,2026-04-17T10:13:19Z,detector_conf=0.455; detector_faction=imperial_guard; title: 'Primaris Hellblasters WH40K painted by J'; artist: 'NJpainting'
data/crops/cmon/471287/03_00.jpg,cmon,cmon:471287,cmon:471287,3,space_marines,,weak_regex:faction_kw,0.6500,,,2026-04-17T10:13:20Z,detector_conf=0.725; detector_faction=imperial_guard; title: 'Primaris Hellblasters WH40K painted by J'; artist: 'NJpainting'; flag:title_detector_conflict
data/crops/cmon/471287/04_00.jpg,cmon,cmon:471287,cmon:471287,4,space_marines,,weak_regex:faction_kw,0.6500,,,2026-04-17T10:13:22Z,detector_conf=0.569; detector_faction=necrons; title: 'Primaris Hellblasters WH40K painted by J'; artist: 'NJpainting'; multi-box
data/crops/cmon/471287/04_01.jpg,cmon,cmon:471287,cmon:471287,4,space_marines,,weak_regex:faction_kw,0.6500,,,2026-04-17T10:13:22Z,detector_conf=0.442; detector_faction=chaos_knights; title: 'Primaris Hellblasters WH40K painted by J'; artist: 'NJpainting'; multi-box
data/crops/cmon/471287/05_00.jpg,cmon,cmon:471287,cmon:471287,5,space_marines,,weak_regex:faction_kw,0.6500,,,2026-04-17T10:13:24Z,detector_conf=0.797; detector_faction=imperial_guard; title: 'Primaris Hellblasters WH40K painted by J'; artist: 'NJpainting'; flag:title_detector_conflict
data/crops/cmon/471287/06_00.jpg,cmon,cmon:471287,cmon:471287,6,space_marines,,weak_regex:faction_kw,0.6500,,,2026-04-17T10:13:25Z,detector_conf=0.518; detector_faction=imperial_guard; title: 'Primaris Hellblasters WH40K painted by J'; artist: 'NJpainting'; multi-box
data/crops/cmon/471287/06_01.jpg,cmon,cmon:471287,cmon:471287,6,space_marines,,weak_regex:faction_kw,0.6500,,,2026-04-17T10:13:25Z,detector_conf=0.293; detector_faction=necrons; title: 'Primaris Hellblasters WH40K painted by J'; artist: 'NJpainting'; multi-box
data/crops/cmon/471287/07_00.jpg,cmon,cmon:471287,cmon:471287,7,space_marines,,weak_regex:faction_kw,0.6500,,,2026-04-17T10:13:27Z,detector_conf=0.606; detector_faction=imperial_guard; title: 'Primaris Hellblasters WH40K painted by J'; artist: 'NJpainting'; multi-box; flag:title_detector_conflict
data/crops/cmon/471287/07_01.jpg,cmon,cmon:471287,cmon:471287,7,space_marines,,weak_regex:faction_kw,0.7000,,,2026-04-17T10:13:27Z,detector_conf=0.503; detector_faction=space_marines; title: 'Primaris Hellblasters WH40K painted by J'; artist: 'NJpainting'; multi-box
data/crops/cmon/471287/08_00.jpg,cmon,cmon:471287,cmon:471287,8,space_marines,,weak_regex:faction_kw,0.6500,,,2026-04-17T10:13:28Z,detector_conf=0.471; detector_faction=imperial_guard; title: 'Primaris Hellblasters WH40K painted by J'; artist: 'NJpainting'; multi-box
data/crops/cmon/471287/08_01.jpg,cmon,cmon:471287,cmon:471287,8,space_marines,,weak_regex:faction_kw,0.6500,,,2026-04-17T10:13:28Z,detector_conf=0.377; detector_faction=chaos_knights; title: 'Primaris Hellblasters WH40K painted by J'; artist: 'NJpainting'; multi-box
data/crops/cmon/471287/08_02.jpg,cmon,cmon:471287,cmon:471287,8,space_marines,,weak_regex:faction_kw,0.6500,,,2026-04-17T10:13:28Z,detector_conf=0.293; detector_faction=space_marines; title: 'Primaris Hellblasters WH40K painted by J'; artist: 'NJpainting'; multi-box
data/crops/cmon/471287/09_00.jpg,cmon,cmon:471287,cmon:471287,9,space_marines,,weak_regex:faction_kw,0.6500,,,2026-04-17T10:13:30Z,detector_conf=0.606; detector_faction=imperial_guard; title: 'Primaris Hellblasters WH40K painted by J'; artist: 'NJpainting'; multi-box; flag:title_detector_conflict
data/crops/cmon/471287/09_01.jpg,cmon,cmon:471287,cmon:471287,9,space_marines,,weak_regex:faction_kw,0.7000,,,2026-04-17T10:13:30Z,detector_conf=0.482; detector_faction=space_marines; title: 'Primaris Hellblasters WH40K painted by J'; artist: 'NJpainting'; multi-box
data/crops/cmon/471296/00_00.jpg,cmon,cmon:471296,cmon:471296,0,tyranids,,weak_regex:detector_only,0.6500,,,2026-04-17T10:13:31Z,detector_conf=0.924; detector_faction=tyranids; title: 'Kill Team: Hierotek Circle Warhammer 40k'; artist: 'Bright Shadow Studio'; multi-box
data/crops/cmon/471296/00_01.jpg,cmon,cmon:471296,cmon:471296,0,tyranids,,weak_regex:detector_only,0.6500,,,2026-04-17T10:13:31Z,detector_conf=0.891; detector_faction=tyranids; title: 'Kill Team: Hierotek Circle Warhammer 40k'; artist: 'Bright Shadow Studio'; multi-box
data/crops/cmon/471296/00_02.jpg,cmon,cmon:471296,cmon:471296,0,tyranids,,weak_regex:detector_only,0.6490,,,2026-04-17T10:13:31Z,detector_conf=0.649; detector_faction=tyranids; title: 'Kill Team: Hierotek Circle Warhammer 40k'; artist: 'Bright Shadow Studio'; multi-box
data/crops/cmon/471296/00_03.jpg,cmon,cmon:471296,cmon:471296,0,tyranids,,weak_regex:detector_only,0.6460,,,2026-04-17T10:13:31Z,detector_conf=0.646; detector_faction=tyranids; title: 'Kill Team: Hierotek Circle Warhammer 40k'; artist: 'Bright Shadow Studio'; multi-box
data/crops/cmon/471296/00_04.jpg,cmon,cmon:471296,cmon:471296,0,tyranids,,weak_regex:detector_only,0.5780,,,2026-04-17T10:13:31Z,detector_conf=0.578; detector_faction=tyranids; title: 'Kill Team: Hierotek Circle Warhammer 40k'; artist: 'Bright Shadow Studio'; multi-box
data/crops/cmon/471296/00_05.jpg,cmon,cmon:471296,cmon:471296,0,,,,,,,2026-04-17T10:13:31Z,detector_conf=0.490; detector_faction=tyranids; title: 'Kill Team: Hierotek Circle Warhammer 40k'; artist: 'Bright Shadow Studio'; multi-box
data/crops/cmon/471296/00_06.jpg,cmon,cmon:471296,cmon:471296,0,,,,,,,2026-04-17T10:13:31Z,detector_conf=0.447; detector_faction=tyranids; title: 'Kill Team: Hierotek Circle Warhammer 40k'; artist: 'Bright Shadow Studio'; multi-box
data/crops/cmon/471296/00_07.jpg,cmon,cmon:471296,cmon:471296,0,,,,,,,2026-04-17T10:13:31Z,detector_conf=0.330; detector_faction=death_guard; title: 'Kill Team: Hierotek Circle Warhammer 40k'; artist: 'Bright Shadow Studio'; multi-box
data/crops/cmon/471296/00_08.jpg,cmon,cmon:471296,cmon:471296,0,,,,,,,2026-04-17T10:13:31Z,detector_conf=0.293; detector_faction=tyranids; title: 'Kill Team: Hierotek Circle Warhammer 40k'; artist: 'Bright Shadow Studio'; multi-box
data/crops/cmon/471298/00_00.jpg,cmon,cmon:471298,cmon:471298,0,space_marines,lazarus,weak_regex:unit_kw,0.8000,,,2026-04-17T10:13:31Z,detector_conf=0.292; detector_faction=genestealer_cult; title: 'Master Lazarus primaris'; artist: 'RAFF'; multi-box
data/crops/cmon/471298/00_01.jpg,cmon,cmon:471298,cmon:471298,0,space_marines,lazarus,weak_regex:unit_kw,0.8000,,,2026-04-17T10:13:31Z,detector_conf=0.264; detector_faction=orks; title: 'Master Lazarus primaris'; artist: 'RAFF'; multi-box
data/crops/cmon/471299/00_00.jpg,cmon,cmon:471299,cmon:471299,0,chaos_knights,__bad_crop__,human,1.0000,Weston,,2026-04-17T17:23:28Z,detector_conf=0.768; detector_faction=chaos_knights; title: 'Ghazghul Thrakka'; artist: 'WhyIOtter'; multi-box; redrawn_view=0
data/crops/cmon/471299/00_01.jpg,cmon,cmon:471299,cmon:471299,0,,__bad_crop__,human,1.0000,Weston,,2026-04-17T17:23:28Z,detector_conf=0.465; detector_faction=necrons; title: 'Ghazghul Thrakka'; artist: 'WhyIOtter'; multi-box; redrawn_view=0
data/crops/cmon/471304/00_00.jpg,cmon,cmon:471304,cmon:471304,0,,,,,,,2026-04-17T10:13:33Z,detector_conf=0.477; detector_faction=death_guard; title: 'Deathguard'; artist: 'RAFF'; multi-box
data/crops/cmon/471304/00_01.jpg,cmon,cmon:471304,cmon:471304,0,,,,,,,2026-04-17T10:13:33Z,detector_conf=0.364; detector_faction=death_guard; title: 'Deathguard'; artist: 'RAFF'; multi-box
data/crops/cmon/471305/00_00.jpg,cmon,cmon:471305,cmon:471305,0,space_marines,ragnar_blackmane,weak_regex:char_table,0.9000,,,2026-04-17T10:13:34Z,detector_conf=0.403; detector_faction=adeptus_mechanicus; title: 'Ragnar Blackmane primaris'; artist: 'RAFF'; multi-box
data/crops/cmon/471305/00_01.jpg,cmon,cmon:471305,cmon:471305,0,space_marines,ragnar_blackmane,weak_regex:char_table,0.9000,,,2026-04-17T10:13:34Z,detector_conf=0.336; detector_faction=imperial_guard; title: 'Ragnar Blackmane primaris'; artist: 'RAFF'; multi-box
data/crops/cmon/471305/00_02.jpg,cmon,cmon:471305,cmon:471305,0,space_marines,ragnar_blackmane,weak_regex:char_table,0.9000,,,2026-04-17T10:13:34Z,detector_conf=0.269; detector_faction=genestealer_cult; title: 'Ragnar Blackmane primaris'; artist: 'RAFF'; multi-box
data/crops/cmon/471306/00_00.jpg,cmon,cmon:471306,cmon:471306,0,space_marines,victrix_honour_guard,weak_regex:auto_unique_unit,0.8300,,,2026-04-17T10:13:36Z,detector_conf=0.862; detector_faction=space_marines; title: 'Victrix honour guard'; artist: 'Lenny Schwieger'; multi-box
data/crops/cmon/471306/00_01.jpg,cmon,cmon:471306,cmon:471306,0,space_marines,victrix_honour_guard,weak_regex:auto_unique_unit,0.8300,,,2026-04-17T10:13:36Z,detector_conf=0.837; detector_faction=space_marines; title: 'Victrix honour guard'; artist: 'Lenny Schwieger'; multi-box
data/crops/cmon/471306/00_02.jpg,cmon,cmon:471306,cmon:471306,0,space_marines,victrix_honour_guard,weak_regex:auto_unique_unit,0.8300,,,2026-04-17T10:13:36Z,detector_conf=0.773; detector_faction=space_marines; title: 'Victrix honour guard'; artist: 'Lenny Schwieger'; multi-box
data/crops/cmon/471306/00_03.jpg,cmon,cmon:471306,cmon:471306,0,space_marines,victrix_honour_guard,weak_regex:auto_unique_unit,0.8300,,,2026-04-17T10:13:36Z,detector_conf=0.744; detector_faction=space_marines; title: 'Victrix honour guard'; artist: 'Lenny Schwieger'; multi-box
data/crops/cmon/471306/00_04.jpg,cmon,cmon:471306,cmon:471306,0,space_marines,victrix_honour_guard,weak_regex:auto_unique_unit,0.8300,,,2026-04-17T10:13:36Z,detector_conf=0.720; detector_faction=space_marines; title: 'Victrix honour guard'; artist: 'Lenny Schwieger'; multi-box
data/crops/cmon/471306/00_05.jpg,cmon,cmon:471306,cmon:471306,0,space_marines,victrix_honour_guard,weak_regex:auto_unique_unit,0.8300,,,2026-04-17T10:13:36Z,detector_conf=0.703; detector_faction=space_marines; title: 'Victrix honour guard'; artist: 'Lenny Schwieger'; multi-box
data/crops/cmon/471306/00_06.jpg,cmon,cmon:471306,cmon:471306,0,space_marines,victrix_honour_guard,weak_regex:auto_unique_unit,0.7800,,,2026-04-17T10:13:36Z,detector_conf=0.363; detector_faction=tyranids; title: 'Victrix honour guard'; artist: 'Lenny Schwieger'; multi-box
data/crops/cmon/471306/01_00.jpg,cmon,cmon:471306,cmon:471306,1,space_marines,victrix_honour_guard,weak_regex:auto_unique_unit,0.7800,,,2026-04-17T10:13:37Z,detector_conf=0.386; detector_faction=space_marines; title: 'Victrix honour guard'; artist: 'Lenny Schwieger'
data/crops/cmon/471306/02_00.jpg,cmon,cmon:471306,cmon:471306,2,space_marines,victrix_honour_guard,weak_regex:auto_unique_unit,0.7800,,,2026-04-17T10:13:39Z,detector_conf=0.274; detector_faction=space_marines; title: 'Victrix honour guard'; artist: 'Lenny Schwieger'; multi-box
data/crops/cmon/471306/02_01.jpg,cmon,cmon:471306,cmon:471306,2,space_marines,victrix_honour_guard,weak_regex:auto_unique_unit,0.7800,,,2026-04-17T10:13:39Z,detector_conf=0.269; detector_faction=space_marines; title: 'Victrix honour guard'; artist: 'Lenny Schwieger'; multi-box
data/crops/cmon/471306/03_00.jpg,cmon,cmon:471306,cmon:471306,3,space_marines,victrix_honour_guard,weak_regex:auto_unique_unit,0.7800,,,2026-04-17T10:13:40Z,detector_conf=0.376; detector_faction=imperial_guard; title: 'Victrix honour guard'; artist: 'Lenny Schwieger'
data/crops/cmon/471306/04_00.jpg,cmon,cmon:471306,cmon:471306,4,space_marines,victrix_honour_guard,weak_regex:auto_unique_unit,0.8300,,,2026-04-17T10:13:42Z,detector_conf=0.649; detector_faction=space_marines; title: 'Victrix honour guard'; artist: 'Lenny Schwieger'; multi-box
data/crops/cmon/471306/04_01.jpg,cmon,cmon:471306,cmon:471306,4,space_marines,victrix_honour_guard,weak_regex:auto_unique_unit,0.8300,,,2026-04-17T10:13:42Z,detector_conf=0.603; detector_faction=space_marines; title: 'Victrix honour guard'; artist: 'Lenny Schwieger'; multi-box
data/crops/cmon/471306/04_02.jpg,cmon,cmon:471306,cmon:471306,4,space_marines,victrix_honour_guard,weak_regex:auto_unique_unit,0.7800,,,2026-04-17T10:13:42Z,detector_conf=0.364; detector_faction=imperial_guard; title: 'Victrix honour guard'; artist: 'Lenny Schwieger'; multi-box
data/crops/cmon/471306/04_03.jpg,cmon,cmon:471306,cmon:471306,4,space_marines,victrix_honour_guard,weak_regex:auto_unique_unit,0.7800,,,2026-04-17T10:13:42Z,detector_conf=0.254; detector_faction=imperial_guard; title: 'Victrix honour guard'; artist: 'Lenny Schwieger'; multi-box
data/crops/cmon/471310/00_00.jpg,cmon,cmon:471310,cmon:471310,0,aeldari,,human,1.0000,Weston,,2026-04-18T12:57:15Z,"detector_conf=0.315; detector_faction=chaos_knights; title: 'Eldar Corsair Kurnite Hunter'; artist: 'Sad_Dzen'; multi-box; redrawn_to=1; bbox=0,0,1421,1440; scene=cmon:471310:0; edited_at=2026-04-18T12:57:15Z; flag:audit"
data/crops/cmon/471310/00_01.jpg,cmon,cmon:471310,cmon:471310,0,aeldari,,human,1.0000,Weston,,2026-04-18T12:57:33Z,"detector_conf=0.283; detector_faction=tyranids; title: 'Eldar Corsair Kurnite Hunter'; artist: 'Sad_Dzen'; multi-box; redrawn_to=1; bbox=0,0,1430,1440; scene=cmon:471310:0; edited_at=2026-04-18T12:57:33Z; flag:audit"
data/crops/cmon/471310/01_00.jpg,cmon,cmon:471310,cmon:471310,1,aeldari,,human,1.0000,Weston,,2026-04-18T12:57:57Z,"detector_conf=0.446; detector_faction=tyranids; title: 'Eldar Corsair Kurnite Hunter'; artist: 'Sad_Dzen'; multi-box; redrawn_view=1; bbox=126,17,1305,1423; scene=cmon:471310:1; edited_at=2026-04-18T12:57:57Z; flag:audit"
data/crops/cmon/471310/01_01.jpg,cmon,cmon:471310,cmon:471310,1,aeldari,amallyn_shadowguide,human,1.0000,Weston,,2026-04-17T21:26:42Z,detector_conf=0.337; detector_faction=necrons; title: 'Eldar Corsair Kurnite Hunter'; artist: 'Sad_Dzen'; multi-box; redrawn_view=1
data/crops/cmon/471310/01_02.jpg,cmon,cmon:471310,cmon:471310,1,aeldari,__bad_crop__,human,1.0000,Weston,,2026-04-17T14:20:29Z,detector_conf=0.276; detector_faction=chaos_knights; title: 'Eldar Corsair Kurnite Hunter'; artist: 'Sad_Dzen'; multi-box; redrawn_view=1
data/crops/cmon/471310/02_00.jpg,cmon,cmon:471310,cmon:471310,2,aeldari,,human,1.0000,Weston,,2026-04-18T13:00:09Z,"detector_conf=0.437; detector_faction=orks; title: 'Eldar Corsair Kurnite Hunter'; artist: 'Sad_Dzen'; redrawn_view=2; bbox=0,75,1161,1365; scene=cmon:471310:2; edited_at=2026-04-18T13:00:09Z; flag:audit"
data/crops/cmon/471311/00_00.jpg,cmon,cmon:471311,cmon:471311,0,chaos_space_marines,havocs,weak_regex:unit_kw,0.8500,,,2026-04-17T10:13:48Z,detector_conf=0.615; detector_faction=chaos_space_marines; title: 'Chaos Space Marines Havocs'; artist: 'chuenhaw'; multi-box
data/crops/cmon/471311/00_01.jpg,cmon,cmon:471311,cmon:471311,0,chaos_space_marines,havocs,weak_regex:unit_kw,0.8500,,,2026-04-17T10:13:48Z,detector_conf=0.538; detector_faction=chaos_space_marines; title: 'Chaos Space Marines Havocs'; artist: 'chuenhaw'; multi-box
data/crops/cmon/471311/00_02.jpg,cmon,cmon:471311,cmon:471311,0,chaos_space_marines,havocs,weak_regex:unit_kw,0.8000,,,2026-04-17T10:13:48Z,detector_conf=0.317; detector_faction=imperial_guard; title: 'Chaos Space Marines Havocs'; artist: 'chuenhaw'; multi-box
data/crops/cmon/145728/00_03.jpg,cmon,cmon:145728,cmon:145728,0,orks,attack_fighta,human,1.0000,human,,2026-04-17T12:54:51Z,detector_conf=0.523; detector_faction=orks; title: 'Orks Waaagh Volmax BurnaBoyzBattlewagon'; artist: 'AzhrarnX'; multi-box
data/crops/cmon/471310/00_r01.jpg,cmon,cmon:471310,cmon:471310,0,space_marines,intercessors,human,1.0000,test,,2026-04-17T15:38:55Z,"human_redraw=1; bbox=0,7,1428,1433; scene=cmon:471310:0 | test note"
data/crops/cmon/471310/00_r02.jpg,cmon,cmon:471310,cmon:471310,0,space_marines,intercessors,human,1.0000,test,,2026-04-17T15:38:55Z,"human_redraw=2; bbox=0,0,1428,1440; scene=cmon:471310:0"
data/crops/cmon/471310/01_r01.jpg,cmon,cmon:471310,cmon:471310,1,space_marines,intercessors,human,1.0000,test,,2026-04-17T15:38:55Z,"human_redraw=1; bbox=96,0,1331,1440; scene=cmon:471310:1"
data/crops/cmon/471310/02_r01.jpg,cmon,cmon:471310,cmon:471310,2,space_marines,intercessors,human,1.0000,test,,2026-04-17T15:38:55Z,"human_redraw=1; bbox=0,5,1160,1435; scene=cmon:471310:2"
data/crops/cmon/471310/00_r03.jpg,cmon,cmon:471310,cmon:471310,0,space_marines,intercessors,human,1.0000,test,,2026-04-17T15:38:55Z,"human_redraw=3; bbox=0,9,1417,1431; scene=cmon:471310:0"
data/crops/cmon/471310/01_r02.jpg,cmon,cmon:471310,cmon:471310,1,space_marines,intercessors,human,1.0000,test,,2026-04-17T15:38:55Z,"human_redraw=2; bbox=117,8,1317,1432; scene=cmon:471310:1"
data/crops/cmon/471310/02_r02.jpg,cmon,cmon:471310,cmon:471310,2,space_marines,intercessors,human,1.0000,test,,2026-04-17T15:38:55Z,"human_redraw=2; bbox=1,87,1166,1353; scene=cmon:471310:2"
data/crops/cmon/466653/00_r01.jpg,cmon,cmon:466653,cmon:466653,0,orks,,human,1.0000,Weston,,2026-04-17T17:22:10Z,"human_redraw=1; bbox=0,1,2087,1780; scene=cmon:466653:0; flag:audit"
data/crops/cmon/471192/00_r01.jpg,cmon,cmon:471192,cmon:471192,0,orks,,human_redraw,,,,2026-04-17T17:22:35Z,"human_redraw=1; bbox=17,228,1070,1017; scene=cmon:471192:0"
data/crops/cmon/471192/01_r01.jpg,cmon,cmon:471192,cmon:471192,1,chaos_knights,__unknown__,human,1.0000,Weston,,2026-04-17T17:23:12Z,"human_redraw=1; bbox=15,255,1035,998; scene=cmon:471192:1"
data/crops/cmon/471299/00_r01.jpg,cmon,cmon:471299,cmon:471299,0,chaos_knights,,human_redraw,,,,2026-04-17T17:23:28Z,"human_redraw=1; bbox=96,210,863,958; scene=cmon:471299:0"
data/crops/cmon/471299/00_r02.jpg,cmon,cmon:471299,cmon:471299,0,chaos_knights,__bad_crop__,human,1.0000,Weston,,2026-04-17T18:02:52Z,"human_redraw=2; bbox=105,205,854,961; scene=cmon:471299:0; redrawn_view=0"
data/crops/cmon/471299/00_r03.jpg,cmon,cmon:471299,cmon:471299,0,chaos_knights,,human_redraw,,,,2026-04-17T17:35:38Z,"human_redraw=3; bbox=114,229,812,933; scene=cmon:471299:0"
data/crops/cmon/471299/00_r04.jpg,cmon,cmon:471299,cmon:471299,0,chaos_knights,,human_redraw,,,,2026-04-17T18:02:52Z,"human_redraw=4; bbox=86,213,863,950; scene=cmon:471299:0"
data/crops/cmon/471238/00_r01.jpg,cmon,cmon:471238,cmon:471238,0,adepta_sororitas,__bad_crop__,human,1.0000,lock-test,,2026-04-18T14:17:08Z,"human_redraw=1; redrawn_view=0; bbox=258,387,396,725; scene=cmon:471238:0; edited_at=2026-04-18T12:56:53Z"
data/crops/cmon/471238/00_r02.jpg,cmon,cmon:471238,cmon:471238,0,adepta_sororitas,__bad_crop__,human,1.0000,Weston,,2026-04-17T21:17:33Z,"human_redraw=2; bbox=264,399,397,704; scene=cmon:471238:0; redrawn_view=0"
data/crops/cmon/471238/00_r03.jpg,cmon,cmon:471238,cmon:471238,0,adepta_sororitas,,human,1.0000,Weston,,2026-04-17T21:23:57Z,"human_redraw=3; bbox=261,400,393,704; scene=cmon:471238:0; flag:audit"
